persilpasifid,nilai,tipehak,luas,tahun,nib,alatukur,nomor,akurasibidang,sample_source,sample_lon,sample_lat,kecamatan_id,kecamatan_nama,kelurahan_id,kelurahan_nama,geometry_hash,dedup_keys,source_key
0A55598762239712E063B416140A85A1,,Hak Guna Bangunan,60,2023,,,10141703301401,,ARJASARI,107.6231519,-7.0536758,320416,,3204162001,ARJASARI,62ff657a74771d29ba20fd82b956629e,"['persilpasifid:0a55598762239712e063b416140a85a1', 'nomor:10141703301401', 'geometry:62ff657a74771d29ba20fd82b956629e']",persilpasifid:0a55598762239712e063b416140a85a1
0EB39DA68438E467E053021D0B0A23D4,,Hak Milik,1504,2015,,,10141701101217,,ARJASARI,107.6244096,-7.0499314,320416,,3204162001,ARJASARI,580d0bb8bafaeb310a98d5dc9e219df2,"['persilpasifid:0eb39da68438e467e053021d0b0a23d4', 'nomor:10141701101217', 'geometry:580d0bb8bafaeb310a98d5dc9e219df2']",persilpasifid:0eb39da68438e467e053021d0b0a23d4
6DCCA922D79FDCEDE053131D0B0AA507,,Hak Milik,272,2018,02053,Meteran,10141703100449,,ARJASARI,107.6250384,-7.0530517,320416,,3204162001,ARJASARI,dcb7e993be977df1a3d629997ab3c22f,"['nib:02053', 'persilpasifid:6dcca922d79fdcede053131d0b0aa507', 'nomor:10141703100449', 'geometry:dcb7e993be977df1a3d629997ab3c22f']",nib:02053
78CE1925C55BFA2BE053131D0B0A7CB0,,Hak Milik,609,2018,07448,Meteran,10141706106219,,ARJASARI,107.6250384,-7.0518036,320416,,3204162001,ARJASARI,00766d5072b94dc9bd10753c34154451,"['nib:07448', 'persilpasifid:78ce1925c55bfa2be053131d0b0a7cb0', 'nomor:10141706106219', 'geometry:00766d5072b94dc9bd10753c34154451']",nib:07448
753079889CDBD961E053031D0B0AB988,,Hak Milik,176,2018,06005,Meteran,10141706103725,,ARJASARI,107.6250384,-7.0511795,320416,,3204162001,ARJASARI,87c557cf834a5173229331a81e9cca0e,"['nib:06005', 'persilpasifid:753079889cdbd961e053031d0b0ab988', 'nomor:10141706103725', 'geometry:87c557cf834a5173229331a81e9cca0e']",nib:06005
7a62fa6521394f2bb52a9ab89f2b830a,,Hak Milik,2010,1995,00037,,10141706100032,,ARJASARI,107.6250384,-7.0505555,320416,,3204162001,ARJASARI,098fbd39f5e7693b0f1cb3595fe23072,"['nib:00037', 'persilpasifid:7a62fa6521394f2bb52a9ab89f2b830a', 'nomor:10141706100032', 'geometry:098fbd39f5e7693b0f1cb3595fe23072']",nib:00037
F02626AC78E093C5E0530B1D140ACFE8,,Hak Milik,704,2024,,Meteran,10141701104733,,ARJASARI,107.6244096,-7.0480592,320416,,3204162001,ARJASARI,797fc7062661798948358d8f020450a2,"['persilpasifid:f02626ac78e093c5e0530b1d140acfe8', 'nomor:10141701104733', 'geometry:797fc7062661798948358d8f020450a2']",persilpasifid:f02626ac78e093c5e0530b1d140acfe8
6DCCA7B957F92C21E053021D0B0AC8F0,,Hak Milik,243,2018,02078,Meteran,10141703100476,,ARJASARI,107.6250384,-7.0524277,320416,,3204162001,ARJASARI,a423a24ae0c903d4492b49925b442ce0,"['nib:02078', 'persilpasifid:6dcca7b957f92c21e053021d0b0ac8f0', 'nomor:10141703100476', 'geometry:a423a24ae0c903d4492b49925b442ce0']",nib:02078
6DCCA89E07EA2CDAE053021D0B0A86E8,,Hak Milik,223,2018,02096,Meteran,10141703102562,,ARJASARI,107.6256672,-7.0524277,320416,,3204162001,ARJASARI,65d7d5e2f6270b5df80a2343253b2310,"['nib:02096', 'persilpasifid:6dcca89e07ea2cdae053021d0b0a86e8', 'nomor:10141703102562', 'geometry:65d7d5e2f6270b5df80a2343253b2310']",nib:02096
7532CB1EFDAE92B1E053021D0B0AEA1F,,Hak Milik,212,2018,06037,Meteran,10141706103693,,ARJASARI,107.6269249,-7.0511795,320416,,3204162001,ARJASARI,2c32c1842c9aac234cf2aee1a604b796,"['nib:06037', 'persilpasifid:7532cb1efdae92b1e053021d0b0aea1f', 'nomor:10141706103693', 'geometry:2c32c1842c9aac234cf2aee1a604b796']",nib:06037
75334685D0C9F109E053131D0B0AEB5C,,Hak Milik,405,2018,06070,Meteran,10141706103784,,ARJASARI,107.6269249,-7.0499314,320416,,3204162001,ARJASARI,6691c2e29c80b70f2fc2f4382cb2ec7c,"['nib:06070', 'persilpasifid:75334685d0c9f109e053131d0b0aeb5c', 'nomor:10141706103784', 'geometry:6691c2e29c80b70f2fc2f4382cb2ec7c']",nib:06070
7532CB1EFDA392B1E053021D0B0AEA1F,,Hak Milik,749,2018,06021,Meteran,10141706103702,,ARJASARI,107.626296,-7.0518036,320416,,3204162001,ARJASARI,96c9db31cf2101b3d68297aea6f4a682,"['nib:06021', 'persilpasifid:7532cb1efda392b1e053021d0b0aea1f', 'nomor:10141706103702', 'geometry:96c9db31cf2101b3d68297aea6f4a682']",nib:06021
71B47D60981B598AE053131D0B0AB50E,,Hak Milik,484,2018,05263,,10141706105938,,ARJASARI,107.6275537,-7.0486833,320416,,3204162001,ARJASARI,6ec06043a9d0b544ac2b9d46d513c8d0,"['nib:05263', 'persilpasifid:71b47d60981b598ae053131d0b0ab50e', 'nomor:10141706105938', 'geometry:6ec06043a9d0b544ac2b9d46d513c8d0']",nib:05263
72492B6784C44236E053141D0B0A93EA,,Hak Milik,661,2018,03622,Meteran,10141703102685,,ARJASARI,107.6275537,-7.0536758,320416,,3204162001,ARJASARI,5ab9322d1525b4ede765302264755053,"['nib:03622', 'persilpasifid:72492b6784c44236e053141d0b0a93ea', 'nomor:10141703102685', 'geometry:5ab9322d1525b4ede765302264755053']",nib:03622
6DCC4D21AB0710E5E053021D0B0A4F61,,Hak Milik,252,2018,02116,Meteran,10141703100475,,ARJASARI,107.626296,-7.0530517,320416,,3204162001,ARJASARI,3f8636fd2994334bf7abbead16b9e747,"['nib:02116', 'persilpasifid:6dcc4d21ab0710e5e053021d0b0a4f61', 'nomor:10141703100475', 'geometry:3f8636fd2994334bf7abbead16b9e747']",nib:02116
6DEFB67253E33093E053021D0B0A7B78,,Kosong,240,,02482,,,,ARJASARI,107.6275537,-7.0530517,320416,,3204162001,ARJASARI,b05baa862d77409affd717e5f4e2f3d5,"['nib:02482', 'persilpasifid:6defb67253e33093e053021d0b0a7b78', 'geometry:b05baa862d77409affd717e5f4e2f3d5']",nib:02482
7558BDDB1C7B3CE1E053131D0B0AB263,,Hak Milik,210,2018,06103,Meteran,10141706103736,,ARJASARI,107.6275537,-7.0511795,320416,,3204162001,ARJASARI,ce02795f141b9a4fb26d8f99ab544a2d,"['nib:06103', 'persilpasifid:7558bddb1c7b3ce1e053131d0b0ab263', 'nomor:10141706103736', 'geometry:ce02795f141b9a4fb26d8f99ab544a2d']",nib:06103
753079889CEED961E053031D0B0AB988,,Hak Milik,167,2018,06060,Meteran,10141706105804,,ARJASARI,107.626296,-7.0499314,320416,,3204162001,ARJASARI,8157fb3608a663072306db5a6de063f3,"['nib:06060', 'persilpasifid:753079889ceed961e053031d0b0ab988', 'nomor:10141706105804', 'geometry:8157fb3608a663072306db5a6de063f3']",nib:06060
7558BE2A8610B6B0E053141D0B0A12B4,,Hak Milik,1664,2018,06112,Meteran,10141706105821,,ARJASARI,107.626296,-7.0505555,320416,,3204162001,ARJASARI,dd813bf7e96daaf2d9c7be1141636940,"['nib:06112', 'persilpasifid:7558be2a8610b6b0e053141d0b0a12b4', 'nomor:10141706105821', 'geometry:dd813bf7e96daaf2d9c7be1141636940']",nib:06112
6DEF45ED56B75BCDE053021D0B0AE4DD,,Hak Milik,232,2018,02478,Meteran,10141703100525,,ARJASARI,107.6269249,-7.0530517,320416,,3204162001,ARJASARI,40a5dd346f07767d31e94462e9a9e012,"['nib:02478', 'persilpasifid:6def45ed56b75bcde053021d0b0ae4dd', 'nomor:10141703100525', 'geometry:40a5dd346f07767d31e94462e9a9e012']",nib:02478
751A3CF8E0249865E053021D0B0A512D,,Hak Milik,131,2018,05983,Meteran,10141706104079,,ARJASARI,107.6281825,-7.0486833,320416,,3204162001,ARJASARI,62a07e3cdd90b4c2dd0419373ac9c6cd,"['nib:05983', 'persilpasifid:751a3cf8e0249865e053021d0b0a512d', 'nomor:10141706104079', 'geometry:62a07e3cdd90b4c2dd0419373ac9c6cd']",nib:05983
6DEF926E41F796D3E053131D0B0A4062,,Kosong,322,,02503,,,,ARJASARI,107.6281825,-7.0524277,320416,,3204162001,ARJASARI,35a3ad98d7600774fd3ff33f0ec0e36e,"['nib:02503', 'persilpasifid:6def926e41f796d3e053131d0b0a4062', 'geometry:35a3ad98d7600774fd3ff33f0ec0e36e']",nib:02503
751A3CF8DFC49865E053021D0B0A512D,,Hak Milik,842,2018,05856,Meteran,10141706105034,,ARJASARI,107.6281825,-7.0493073,320416,,3204162001,ARJASARI,870338b53d74bcaa55d06a67dbbada43,"['nib:05856', 'persilpasifid:751a3cf8dfc49865e053021d0b0a512d', 'nomor:10141706105034', 'geometry:870338b53d74bcaa55d06a67dbbada43']",nib:05856
7558BE2A860CB6B0E053141D0B0A12B4,,Hak Milik,435,2018,06108,Meteran,10141706103766,,ARJASARI,107.6281825,-7.0518036,320416,,3204162001,ARJASARI,e699744770b018879f91b4ef662d97f4,"['nib:06108', 'persilpasifid:7558be2a860cb6b0e053141d0b0a12b4', 'nomor:10141706103766', 'geometry:e699744770b018879f91b4ef662d97f4']",nib:06108
72492B6784D24236E053141D0B0A93EA,,Hak Milik,1807,2018,03636,Meteran,10141703101072,,ARJASARI,107.6288113,-7.0542999,320416,,3204162001,ARJASARI,f120b7a18066b852419189bf5c3daa24,"['nib:03636', 'persilpasifid:72492b6784d24236e053141d0b0a93ea', 'nomor:10141703101072', 'geometry:f120b7a18066b852419189bf5c3daa24']",nib:03636
783E079D1623940CE053141D0B0A4664,,Kosong,941,,07099,,,,ARJASARI,107.6288113,-7.0455629,320416,,3204162001,ARJASARI,179a59ec6a4098ac571ee8847a7a87c9,"['nib:07099', 'persilpasifid:783e079d1623940ce053141d0b0a4664', 'geometry:179a59ec6a4098ac571ee8847a7a87c9']",nib:07099
E72404C979C0B450E0530C1D140A2620,,Kosong,38760,,,Delineasi,,,ARJASARI,107.6288113,-7.0449389,320416,,3204162001,ARJASARI,5e0fa559ce6ccbd952fd29dd54f1a86a,"['persilpasifid:e72404c979c0b450e0530c1d140a2620', 'geometry:5e0fa559ce6ccbd952fd29dd54f1a86a']",persilpasifid:e72404c979c0b450e0530c1d140a2620
76D544AC0E51F438E053141D0B0A57AE,,Hak Milik,163,2018,06326,Meteran,10141706106021,,ARJASARI,107.6294401,-7.0518036,320416,,3204162001,ARJASARI,b2bcba7440a1f9fe30ffa2ccb8cdd2b0,"['nib:06326', 'persilpasifid:76d544ac0e51f438e053141d0b0a57ae', 'nomor:10141706106021', 'geometry:b2bcba7440a1f9fe30ffa2ccb8cdd2b0']",nib:06326
751A3CF8DFFF9865E053021D0B0A512D,,Hak Milik,333,2018,05946,Meteran,10141706103767,,ARJASARI,107.6294401,-7.0505555,320416,,3204162001,ARJASARI,470a8616f5aa81c50c4c998f42939707,"['nib:05946', 'persilpasifid:751a3cf8dfff9865e053021d0b0a512d', 'nomor:10141706103767', 'geometry:470a8616f5aa81c50c4c998f42939707']",nib:05946
7519D7FE6152C960E053141D0B0AF6E1,,Hak Milik,209,2018,05874,Meteran,10141706103568,,ARJASARI,107.6288113,-7.0493073,320416,,3204162001,ARJASARI,02f54e65b40325efcca586877ed8bd10,"['nib:05874', 'persilpasifid:7519d7fe6152c960e053141d0b0af6e1', 'nomor:10141706103568', 'geometry:02f54e65b40325efcca586877ed8bd10']",nib:05874
76D5A3AF4AFCE6BFE053141D0B0A9785,,Hak Milik,1106,2018,06365,,10141706106105,,ARJASARI,107.6294401,-7.0511795,320416,,3204162001,ARJASARI,4ba0be27a5d338019e939741c604a239,"['nib:06365', 'persilpasifid:76d5a3af4afce6bfe053141d0b0a9785', 'nomor:10141706106105', 'geometry:4ba0be27a5d338019e939741c604a239']",nib:06365
751A3CF8DFD69865E053021D0B0A512D,,Hak Milik,670,2018,05886,Meteran,10141706103643,,ARJASARI,107.6294401,-7.0499314,320416,,3204162001,ARJASARI,f64fb6bca75f16cde2261154873cb09a,"['nib:05886', 'persilpasifid:751a3cf8dfd69865e053021d0b0a512d', 'nomor:10141706103643', 'geometry:f64fb6bca75f16cde2261154873cb09a']",nib:05886
751A3CF8DFF49865E053021D0B0A512D,,Hak Milik,148,2018,05923,Meteran,10141706103640,,ARJASARI,107.6294401,-7.0493073,320416,,3204162001,ARJASARI,30a448018b5b2646836748d361c9fdfe,"['nib:05923', 'persilpasifid:751a3cf8dff49865e053021d0b0a512d', 'nomor:10141706103640', 'geometry:30a448018b5b2646836748d361c9fdfe']",nib:05923
7519D7FE614CC960E053141D0B0AF6E1,,Hak Milik,687,2018,05838,Meteran,10141706106155,,ARJASARI,107.6288113,-7.0486833,320416,,3204162001,ARJASARI,2a5fb63329973f2988abbad5481d971e,"['nib:05838', 'persilpasifid:7519d7fe614cc960e053141d0b0af6e1', 'nomor:10141706106155', 'geometry:2a5fb63329973f2988abbad5481d971e']",nib:05838
75B9F803FB6C8EC0E053021D0B0A176D,,Hak Milik,501,2018,06193,Meteran,10141706104032,,ARJASARI,107.6294401,-7.0468111,320416,,3204162001,ARJASARI,6f46131eb25286ad2aed7176f6e3a5ed,"['nib:06193', 'persilpasifid:75b9f803fb6c8ec0e053021d0b0a176d', 'nomor:10141706104032', 'geometry:6f46131eb25286ad2aed7176f6e3a5ed']",nib:06193
76D561ADB6AB53CEE053031D0B0A4552,,Hak Milik,170,2018,06392,Meteran,10141706106082,,ARJASARI,107.630069,-7.0499314,320416,,3204162001,ARJASARI,8cb3775c7f70b9b175494724ed0ec9f2,"['nib:06392', 'persilpasifid:76d561adb6ab53cee053031d0b0a4552', 'nomor:10141706106082', 'geometry:8cb3775c7f70b9b175494724ed0ec9f2']",nib:06392
7519D7FE6162C960E053141D0B0AF6E1,,Hak Milik,790,2018,05927,Meteran,10141706103563,,ARJASARI,107.630069,-7.0493073,320416,,3204162001,ARJASARI,353f44e0a950898ce273f3523fa3c224,"['nib:05927', 'persilpasifid:7519d7fe6162c960e053141d0b0af6e1', 'nomor:10141706103563', 'geometry:353f44e0a950898ce273f3523fa3c224']",nib:05927
75BA0D7209565B33E053131D0B0AEA42,,Hak Milik,1708,2018,06184,Meteran,10141706104557,,ARJASARI,107.630069,-7.0480592,320416,,3204162001,ARJASARI,c533af87f1610c534821227866855556,"['nib:06184', 'persilpasifid:75ba0d7209565b33e053131d0b0aea42', 'nomor:10141706104557', 'geometry:c533af87f1610c534821227866855556']",nib:06184
75B9F2035ADE5C26E053131D0B0A89EF,,Hak Milik,131,2018,06176,Meteran,10141706106039,,ARJASARI,107.630069,-7.0486833,320416,,3204162001,ARJASARI,3d547940fbae5666fad18e60bb72a7b3,"['nib:06176', 'persilpasifid:75b9f2035ade5c26e053131d0b0a89ef', 'nomor:10141706106039', 'geometry:3d547940fbae5666fad18e60bb72a7b3']",nib:06176
75BA0D7209505B33E053131D0B0AEA42,,Hak Milik,403,2018,06172,Meteran,10141706104075,,ARJASARI,107.630069,-7.0486833,320416,,3204162001,ARJASARI,84bd6bba4c26ba062e232a10955dd843,"['nib:06172', 'persilpasifid:75ba0d7209505b33e053131d0b0aea42', 'nomor:10141706104075', 'geometry:84bd6bba4c26ba062e232a10955dd843']",nib:06172
72492B6784CB4236E053141D0B0A93EA,,Hak Milik,242,2018,03629,Meteran,10141703101124,,ARJASARI,107.6288113,-7.0536758,320416,,3204162001,ARJASARI,e03b7cb61841f67f6dee12e49a899c80,"['nib:03629', 'persilpasifid:72492b6784cb4236e053141d0b0a93ea', 'nomor:10141703101124', 'geometry:e03b7cb61841f67f6dee12e49a899c80']",nib:03629
6DEF929463846F4AE053131D0B0AE582,,Hak Milik,178,2018,02549,Meteran,10141703101039,,ARJASARI,107.630069,-7.0542999,320416,,3204162001,ARJASARI,83ab1ead6b804e4107ad1696671c54f4,"['nib:02549', 'persilpasifid:6def929463846f4ae053131d0b0ae582', 'nomor:10141703101039', 'geometry:83ab1ead6b804e4107ad1696671c54f4']",nib:02549
6DEF9294637D6F4AE053131D0B0AE582,,Hak Milik,1767,2018,02541,Meteran,10141703102979,,ARJASARI,107.630069,-7.0536758,320416,,3204162001,ARJASARI,297bc81f325143b2ce14c1b95ff7943d,"['nib:02541', 'persilpasifid:6def9294637d6f4ae053131d0b0ae582', 'nomor:10141703102979', 'geometry:297bc81f325143b2ce14c1b95ff7943d']",nib:02541
76D5A3AF4B05E6BFE053141D0B0A9785,,Hak Milik,434,2018,06419,Meteran,10141706104128,,ARJASARI,107.6306978,-7.0511795,320416,,3204162001,ARJASARI,10254517ae79d3bfa644f2adc742c681,"['nib:06419', 'persilpasifid:76d5a3af4b05e6bfe053141d0b0a9785', 'nomor:10141706104128', 'geometry:10254517ae79d3bfa644f2adc742c681']",nib:06419
F65BEDC4A6ED5766E0530C1D140AD6C5,,Hak Milik,483,2023,,,10141703103299,,ARJASARI,107.6306978,-7.0549239,320416,,3204162001,ARJASARI,a043f5ca6d81b529af60fa067dcd1a0d,"['persilpasifid:f65bedc4a6ed5766e0530c1d140ad6c5', 'nomor:10141703103299', 'geometry:a043f5ca6d81b529af60fa067dcd1a0d']",persilpasifid:f65bedc4a6ed5766e0530c1d140ad6c5
78164ED4577772BFE053021D0B0A6986,,Hak Milik,981,2018,06954,Meteran,10141706104759,,ARJASARI,107.6306978,-7.0468111,320416,,3204162001,ARJASARI,d9b11f50347da28aed1e894c1027b664,"['nib:06954', 'persilpasifid:78164ed4577772bfe053021d0b0a6986', 'nomor:10141706104759', 'geometry:d9b11f50347da28aed1e894c1027b664']",nib:06954
940D665883AF423AE0530B1D140AE97D,,Hak Guna Bangunan,60,2019,07649,,10141706300622,,ARJASARI,107.6313266,-7.0524277,320416,,3204162001,ARJASARI,a90793b4db29a32f372743e8291943fd,"['nib:07649', 'persilpasifid:940d665883af423ae0530b1d140ae97d', 'nomor:10141706300622', 'geometry:a90793b4db29a32f372743e8291943fd']",nib:07649
76D54386F96EF0C5E053141D0B0AA6FC,,Hak Milik,435,2018,06439,Meteran,10141706104124,,ARJASARI,107.6313266,-7.0511795,320416,,3204162001,ARJASARI,4600ad4e44b8a4bac2b091824cf7f770,"['nib:06439', 'persilpasifid:76d54386f96ef0c5e053141d0b0aa6fc', 'nomor:10141706104124', 'geometry:4600ad4e44b8a4bac2b091824cf7f770']",nib:06439
78164ED4577C72BFE053021D0B0A6986,,Hak Milik,1028,2018,06960,Meteran,10141706104739,,ARJASARI,107.6313266,-7.0468111,320416,,3204162001,ARJASARI,f541711e2e36ba4433e11061bf63375e,"['nib:06960', 'persilpasifid:78164ed4577c72bfe053021d0b0a6986', 'nomor:10141706104739', 'geometry:f541711e2e36ba4433e11061bf63375e']",nib:06960
78164ED4577372BFE053021D0B0A6986,,Hak Milik,1029,2018,06949,Meteran,10141706104764,,ARJASARI,107.6313266,-7.046187,320416,,3204162001,ARJASARI,6df73c9102e300d25931695c87643796,"['nib:06949', 'persilpasifid:78164ed4577372bfe053021d0b0a6986', 'nomor:10141706104764', 'geometry:6df73c9102e300d25931695c87643796']",nib:06949
71B5D621B7B89023E053141D0B0A4B40,,Hak Milik,1380,2018,05032,Meteran,10141706105682,,ARJASARI,107.6319554,-7.0549239,320416,,3204162001,ARJASARI,dc1c438fdaf40b8f6851e346117ad30a,"['nib:05032', 'persilpasifid:71b5d621b7b89023e053141d0b0a4b40', 'nomor:10141706105682', 'geometry:dc1c438fdaf40b8f6851e346117ad30a']",nib:05032
940D2156C628CCCFE0530C1D140A1243,,Hak Guna Bangunan,60,2019,07572,,10141706300545,,ARJASARI,107.6319554,-7.0530517,320416,,3204162001,ARJASARI,f880b37f1c4b654a9aaec7d56a8679ae,"['nib:07572', 'persilpasifid:940d2156c628cccfe0530c1d140a1243', 'nomor:10141706300545', 'geometry:f880b37f1c4b654a9aaec7d56a8679ae']",nib:07572
940D8410B1358642E0530B1D140AF90B,,Hak Milik,60,2021,07573,,10141706106366,,ARJASARI,107.6319554,-7.0530517,320416,,3204162001,ARJASARI,a62a5734546d626cd70ee5bb6f21ca49,"['nib:07573', 'persilpasifid:940d8410b1358642e0530b1d140af90b', 'nomor:10141706106366', 'geometry:a62a5734546d626cd70ee5bb6f21ca49']",nib:07573
7776473F9E9C74EDE053021D0B0AC79E,,Hak Milik,1113,2018,06753,Meteran,10141706104459,,ARJASARI,107.6306978,-7.046187,320416,,3204162001,ARJASARI,f11b9e5315ed088f207ca2f0a3280a4a,"['nib:06753', 'persilpasifid:7776473f9e9c74ede053021d0b0ac79e', 'nomor:10141706104459', 'geometry:f11b9e5315ed088f207ca2f0a3280a4a']",nib:06753
71401D1BEAC12983E053021D0B0A8021,,Hak Milik,411,2018,03492,Meteran,10141703100975,,ARJASARI,107.6319554,-7.055548,320416,,3204162001,ARJASARI,3c29c2a1808ea3c0a60ca2c512c9c75e,"['nib:03492', 'persilpasifid:71401d1beac12983e053021d0b0a8021', 'nomor:10141703100975', 'geometry:3c29c2a1808ea3c0a60ca2c512c9c75e']",nib:03492
940D66588389423AE0530B1D140AE97D,,Hak Guna Bangunan,60,2019,07609,,10141706300582,,ARJASARI,107.6319554,-7.0524277,320416,,3204162001,ARJASARI,d5f836646fbe6d3dede3e03dcdcdbfd1,"['nib:07609', 'persilpasifid:940d66588389423ae0530b1d140ae97d', 'nomor:10141706300582', 'geometry:d5f836646fbe6d3dede3e03dcdcdbfd1']",nib:07609
783DE0D3B5D28261E053131D0B0A70E1,,Hak Milik,939,2018,07068,Meteran,10141706104907,,ARJASARI,107.6319554,-7.0480592,320416,,3204162001,ARJASARI,4f23f57fd0f532dd7eb5cfe0b7fb7f79,"['nib:07068', 'persilpasifid:783de0d3b5d28261e053131d0b0a70e1', 'nomor:10141706104907', 'geometry:4f23f57fd0f532dd7eb5cfe0b7fb7f79']",nib:07068
7079690C16BC6B02E053031D0B0AD00E,,Hak Milik,307,2018,02863,Meteran,10141703100780,,ARJASARI,107.6325842,-7.0599164,320416,,3204162001,ARJASARI,10f018490ca843d491fb04c49ba9a4a7,"['nib:02863', 'persilpasifid:7079690c16bc6b02e053031d0b0ad00e', 'nomor:10141703100780', 'geometry:10f018490ca843d491fb04c49ba9a4a7']",nib:02863
7079690C16D76B02E053031D0B0AD00E,,Hak Milik,257,2018,02890,Meteran,10141703100781,,ARJASARI,107.6325842,-7.0599164,320416,,3204162001,ARJASARI,dc43a129bd29837c5cc457d17d05e7f9,"['nib:02890', 'persilpasifid:7079690c16d76b02e053031d0b0ad00e', 'nomor:10141703100781', 'geometry:dc43a129bd29837c5cc457d17d05e7f9']",nib:02890
783DE0D3B5D68261E053131D0B0A70E1,,Hak Milik,793,2018,07078,Meteran,10141706104863,,ARJASARI,107.6319554,-7.0486833,320416,,3204162001,ARJASARI,e1b96371f848663c6b3cc4f6798a3598,"['nib:07078', 'persilpasifid:783de0d3b5d68261e053131d0b0a70e1', 'nomor:10141706104863', 'geometry:e1b96371f848663c6b3cc4f6798a3598']",nib:07078
8E89774A6735558EE040A8C0100164FC,,Kosong,3239,,01735,,,,ARJASARI,107.6319554,-7.0511795,320416,,3204162001,ARJASARI,30502dc04afbc9020a44a0f5480cb7e8,"['nib:01735', 'persilpasifid:8e89774a6735558ee040a8c0100164fc', 'geometry:30502dc04afbc9020a44a0f5480cb7e8']",nib:01735
708954707C252544E053021D0B0A85C2,,Hak Milik,477,2018,02958,Meteran,10141703100805,,ARJASARI,107.6325842,-7.0592923,320416,,3204162001,ARJASARI,5fe4525c78fe00e9a6aa8fdf4a91469b,"['nib:02958', 'persilpasifid:708954707c252544e053021d0b0a85c2', 'nomor:10141703100805', 'geometry:5fe4525c78fe00e9a6aa8fdf4a91469b']",nib:02958
708954707C272544E053021D0B0A85C2,,Kosong,449,,02960,,,,ARJASARI,107.6325842,-7.0592923,320416,,3204162001,ARJASARI,32d80cc1c9c441f0395459065cd61eb8,"['nib:02960', 'persilpasifid:708954707c272544e053021d0b0a85c2', 'geometry:32d80cc1c9c441f0395459065cd61eb8']",nib:02960
78167E735B45FF92E053021D0B0A54B3,,Hak Milik,513,2018,06970,Meteran,10141706104703,,ARJASARI,107.6319554,-7.0468111,320416,,3204162001,ARJASARI,5f2aa879d70b97f278491a706baf4175,"['nib:06970', 'persilpasifid:78167e735b45ff92e053021d0b0a54b3', 'nomor:10141706104703', 'geometry:5f2aa879d70b97f278491a706baf4175']",nib:06970
DC98CC86AC55DCE3E0530C1D140AF69B,,Hak Milik,533,2023,,,10141703103253,,ARJASARI,107.6325842,-7.0567961,320416,,3204162001,ARJASARI,2e98429e825367842ead2dadda00b0bc,"['persilpasifid:dc98cc86ac55dce3e0530c1d140af69b', 'nomor:10141703103253', 'geometry:2e98429e825367842ead2dadda00b0bc']",persilpasifid:dc98cc86ac55dce3e0530c1d140af69b
71B4F2046764949FE053131D0B0A86BB,,Hak Milik,388,2018,05175,Meteran,10141706105191,,ARJASARI,107.6325842,-7.055548,320416,,3204162001,ARJASARI,4a1c8fb5f820d62bad1bed2f0a0304c4,"['nib:05175', 'persilpasifid:71b4f2046764949fe053131d0b0a86bb', 'nomor:10141706105191', 'geometry:4a1c8fb5f820d62bad1bed2f0a0304c4']",nib:05175
41E3A863C1CA01F1E053021D0B0A5501,,Hak Milik,1452,2016,02050,,10141706100937,,ARJASARI,107.6325842,-7.0536758,320416,,3204162001,ARJASARI,632d1344005e5b44fcf97af88d6f3062,"['nib:02050', 'persilpasifid:41e3a863c1ca01f1e053021d0b0a5501', 'nomor:10141706100937', 'geometry:632d1344005e5b44fcf97af88d6f3062']",nib:02050
940DD83D80565857E0530C1D140A5EF8,,Hak Guna Bangunan,60,2019,07688,,10141706300431,,ARJASARI,107.6325842,-7.0524277,320416,,3204162001,ARJASARI,6b4e9e580de9431d1bfa341ba1cb768c,"['nib:07688', 'persilpasifid:940dd83d80565857e0530c1d140a5ef8', 'nomor:10141706300431', 'geometry:6b4e9e580de9431d1bfa341ba1cb768c']",nib:07688
70B6646C2BF26B5FE053031D0B0A7815,,Hak Milik,1362,2018,04953,Meteran,10141706103317,,ARJASARI,107.6325842,-7.0486833,320416,,3204162001,ARJASARI,ba1b2824895a7703295e01ea26c4088d,"['nib:04953', 'persilpasifid:70b6646c2bf26b5fe053031d0b0a7815', 'nomor:10141706103317', 'geometry:ba1b2824895a7703295e01ea26c4088d']",nib:04953
783E079D1614940CE053141D0B0A4664,,Hak Milik,926,2018,07073,Meteran,10141706104887,,ARJASARI,107.6325842,-7.0480592,320416,,3204162001,ARJASARI,037d69cd6efdf515ea79233b61fe7c1b,"['nib:07073', 'persilpasifid:783e079d1614940ce053141d0b0a4664', 'nomor:10141706104887', 'geometry:037d69cd6efdf515ea79233b61fe7c1b']",nib:07073
78167E735B58FF92E053021D0B0A54B3,,Hak Milik,515,2018,06989,Meteran,10141706104875,,ARJASARI,107.6325842,-7.0474351,320416,,3204162001,ARJASARI,85aad35e0ecd44cdf02b96820f17d6bc,"['nib:06989', 'persilpasifid:78167e735b58ff92e053021d0b0a54b3', 'nomor:10141706104875', 'geometry:85aad35e0ecd44cdf02b96820f17d6bc']",nib:06989
7816BA89AB15AF67E053031D0B0A8805,,Hak Milik,2020,2018,06893,Meteran,10141706104820,,ARJASARI,107.6325842,-7.046187,320416,,3204162001,ARJASARI,97188d26551301f63018b95450790447,"['nib:06893', 'persilpasifid:7816ba89ab15af67e053031d0b0a8805', 'nomor:10141706104820', 'geometry:97188d26551301f63018b95450790447']",nib:06893
708954707C2D2544E053021D0B0A85C2,,Kosong,767,,02966,,,,ARJASARI,107.6332131,-7.0605404,320416,,3204162001,ARJASARI,8f139c245469d01a6ef9a91c4da36ca5,"['nib:02966', 'persilpasifid:708954707c2d2544e053021d0b0a85c2', 'geometry:8f139c245469d01a6ef9a91c4da36ca5']",nib:02966
7089568690E41412E053031D0B0AB1C9,,Hak Milik,1372,2018,02952,Meteran,10141703102522,,ARJASARI,107.6332131,-7.0592923,320416,,3204162001,ARJASARI,7ce5df2017c65db69dc82daf5bd0e5ae,"['nib:02952', 'persilpasifid:7089568690e41412e053031d0b0ab1c9', 'nomor:10141703102522', 'geometry:7ce5df2017c65db69dc82daf5bd0e5ae']",nib:02952
71B59609373C21C7E053131D0B0A0C4A,,Hak Milik,352,2018,05054,Meteran,10141706103828,,ARJASARI,107.6332131,-7.056172,320416,,3204162001,ARJASARI,579626cae0e67caf58f434a591863514,"['nib:05054', 'persilpasifid:71b59609373c21c7e053131d0b0a0c4a', 'nomor:10141706103828', 'geometry:579626cae0e67caf58f434a591863514']",nib:05054
783E079D1618940CE053141D0B0A4664,,Hak Milik,800,2018,07088,Meteran,10141706104880,,ARJASARI,107.6325842,-7.0499314,320416,,3204162001,ARJASARI,9612e11dbf842580cf5f11ece20304c0,"['nib:07088', 'persilpasifid:783e079d1618940ce053141d0b0a4664', 'nomor:10141706104880', 'geometry:9612e11dbf842580cf5f11ece20304c0']",nib:07088
708954707C0A2544E053021D0B0A85C2,,Hak Milik,129,2018,02926,Meteran,10141703102503,,ARJASARI,107.6332131,-7.0574202,320416,,3204162001,ARJASARI,c2f732088502e309df10eb03724c02cd,"['nib:02926', 'persilpasifid:708954707c0a2544e053021d0b0a85c2', 'nomor:10141703102503', 'geometry:c2f732088502e309df10eb03724c02cd']",nib:02926
7089568690E01412E053031D0B0AB1C9,,Hak Milik,256,2018,02908,Meteran,10141703102470,,ARJASARI,107.6332131,-7.0567961,320416,,3204162001,ARJASARI,088d38d5cc0698a162a8dada1912755d,"['nib:02908', 'persilpasifid:7089568690e01412e053031d0b0ab1c9', 'nomor:10141703102470', 'geometry:088d38d5cc0698a162a8dada1912755d']",nib:02908
78167E735B51FF92E053021D0B0A54B3,,Hak Milik,514,2018,06982,Meteran,10141706104951,,ARJASARI,107.6325842,-7.0468111,320416,,3204162001,ARJASARI,98d411c623784e574bb887d0c5defd5f,"['nib:06982', 'persilpasifid:78167e735b51ff92e053021d0b0a54b3', 'nomor:10141706104951', 'geometry:98d411c623784e574bb887d0c5defd5f']",nib:06982
708954707C032544E053021D0B0A85C2,,Kosong,446,,02919,,,,ARJASARI,107.6332131,-7.0580442,320416,,3204162001,ARJASARI,303f33345b10a901a4d605fbef0b9ca4,"['nib:02919', 'persilpasifid:708954707c032544e053021d0b0a85c2', 'geometry:303f33345b10a901a4d605fbef0b9ca4']",nib:02919
71B59609373721C7E053131D0B0A0C4A,,Hak Milik,474,2018,05046,Meteran,10141706103711,,ARJASARI,107.6332131,-7.055548,320416,,3204162001,ARJASARI,2d91b90f69c6eaa8ab3e61ffde0ddd38,"['nib:05046', 'persilpasifid:71b59609373721c7e053131d0b0a0c4a', 'nomor:10141706103711', 'geometry:2d91b90f69c6eaa8ab3e61ffde0ddd38']",nib:05046
940A9A5891F19CF2E0530C1D140A8E4E,,Hak Guna Bangunan,60,2019,07519,,10141706300419,,ARJASARI,107.6325842,-7.0530517,320416,,3204162001,ARJASARI,e1eaa59ea6227ffa37ee3d1d9b01e438,"['nib:07519', 'persilpasifid:940a9a5891f19cf2e0530c1d140a8e4e', 'nomor:10141706300419', 'geometry:e1eaa59ea6227ffa37ee3d1d9b01e438']",nib:07519
940DFC165A96DCD6E0530C1D140A26FF,,Hak Guna Bangunan,60,2019,07726,,10141706300469,,ARJASARI,107.6325842,-7.0518036,320416,,3204162001,ARJASARI,d8a4178805f765f12ad478ea7fc43544,"['nib:07726', 'persilpasifid:940dfc165a96dcd6e0530c1d140a26ff', 'nomor:10141706300469', 'geometry:d8a4178805f765f12ad478ea7fc43544']",nib:07726
783E1F88ADFD825DE053131D0B0ABBA4,,Hak Milik,1788,2018,07012,Meteran,10141706104962,,ARJASARI,107.6325842,-7.0443148,320416,,3204162001,ARJASARI,533be557ad2fb4d30671f2ebfefc31ee,"['nib:07012', 'persilpasifid:783e1f88adfd825de053131d0b0abba4', 'nomor:10141706104962', 'geometry:533be557ad2fb4d30671f2ebfefc31ee']",nib:07012
71B5613582146E30E053141D0B0AF6E3,,Hak Milik,142,2018,05106,Meteran,10141706103803,,ARJASARI,107.6332131,-7.0542999,320416,,3204162001,ARJASARI,6b5d427221372fead0d7a551b4eb6348,"['nib:05106', 'persilpasifid:71b5613582146e30e053141d0b0af6e3', 'nomor:10141706103803', 'geometry:6b5d427221372fead0d7a551b4eb6348']",nib:05106
783E1F88AE16825DE053131D0B0ABBA4,,Hak Milik,1387,2018,07037,Meteran,10141706104912,,ARJASARI,107.6332131,-7.0474351,320416,,3204162001,ARJASARI,e6f5cc78919c06b1c797c854f2137627,"['nib:07037', 'persilpasifid:783e1f88ae16825de053131d0b0abba4', 'nomor:10141706104912', 'geometry:e6f5cc78919c06b1c797c854f2137627']",nib:07037
71B5B69A68DE654CE053141D0B0A10A0,,Hak Milik,429,2018,05239,Meteran,10141706102168,,ARJASARI,107.6332131,-7.0518036,320416,,3204162001,ARJASARI,e3e664a3fe65b4aeaf75d1cbaf1ac61c,"['nib:05239', 'persilpasifid:71b5b69a68de654ce053141d0b0a10a0', 'nomor:10141706102168', 'geometry:e3e664a3fe65b4aeaf75d1cbaf1ac61c']",nib:05239
783E079D1612940CE053141D0B0A4664,,Hak Milik,526,2018,07051,Meteran,10141706104940,,ARJASARI,107.6332131,-7.0480592,320416,,3204162001,ARJASARI,300f9d35efb17e94584740d281c3965d,"['nib:07051', 'persilpasifid:783e079d1612940ce053141d0b0a4664', 'nomor:10141706104940', 'geometry:300f9d35efb17e94584740d281c3965d']",nib:07051
70B5C3FBE1D2AE0AE053141D0B0AC8C5,,Hak Milik,896,2018,04970,Meteran,10141706103281,,ARJASARI,107.6332131,-7.0493073,320416,,3204162001,ARJASARI,cdfdc5ad999e72097d4862e157954675,"['nib:04970', 'persilpasifid:70b5c3fbe1d2ae0ae053141d0b0ac8c5', 'nomor:10141706103281', 'geometry:cdfdc5ad999e72097d4862e157954675']",nib:04970
7816BA89AB07AF67E053031D0B0A8805,,Hak Milik,1393,2018,06879,Meteran,10141706104747,,ARJASARI,107.6332131,-7.0455629,320416,,3204162001,ARJASARI,da6408c6d66b47e116ae0932fd4f622f,"['nib:06879', 'persilpasifid:7816ba89ab07af67e053031d0b0a8805', 'nomor:10141706104747', 'geometry:da6408c6d66b47e116ae0932fd4f622f']",nib:06879
708953C98D102540E053021D0B0AAA59,,Hak Milik,1286,2018,03021,Meteran,10141703100801,,ARJASARI,107.6338419,-7.0611645,320416,,3204162001,ARJASARI,80971b9e99ecdd3ff6464246fa962076,"['nib:03021', 'persilpasifid:708953c98d102540e053021d0b0aaa59', 'nomor:10141703100801', 'geometry:80971b9e99ecdd3ff6464246fa962076']",nib:03021
708954707C282544E053021D0B0A85C2,,Hak Milik,792,2018,02961,Meteran,10141703100804,,ARJASARI,107.6338419,-7.0599164,320416,,3204162001,ARJASARI,36cffd69d069c2b56ed01f134033684a,"['nib:02961', 'persilpasifid:708954707c282544e053021d0b0a85c2', 'nomor:10141703100804', 'geometry:36cffd69d069c2b56ed01f134033684a']",nib:02961
6DF38ABB77034E2DE053031D0B0A28B4,,Hak Milik,304,2018,03928,Meteran,10141706103889,,ARJASARI,107.6338419,-7.055548,320416,,3204162001,ARJASARI,66c44fa18ed54ddd80042be948a3b120,"['nib:03928', 'persilpasifid:6df38abb77034e2de053031d0b0a28b4', 'nomor:10141706103889', 'geometry:66c44fa18ed54ddd80042be948a3b120']",nib:03928
6DF38ABB76C84E2DE053031D0B0A28B4,,Hak Milik,317,2018,03914,Meteran,10141706105618,,ARJASARI,107.6338419,-7.0549239,320416,,3204162001,ARJASARI,8065c3abccd634e6832a2097005e4eb8,"['nib:03914', 'persilpasifid:6df38abb76c84e2de053031d0b0a28b4', 'nomor:10141706105618', 'geometry:8065c3abccd634e6832a2097005e4eb8']",nib:03914
71B61AB12282D789E053031D0B0AF31C,,Hak Milik,425,2018,05073,Meteran,10141706103706,,ARJASARI,107.6338419,-7.0549239,320416,,3204162001,ARJASARI,f6354f2cfaf3f760124b6318d8ebd44f,"['nib:05073', 'persilpasifid:71b61ab12282d789e053031d0b0af31c', 'nomor:10141706103706', 'geometry:f6354f2cfaf3f760124b6318d8ebd44f']",nib:05073
71B61AB1228ED789E053031D0B0AF31C,,Hak Milik,443,2018,05131,Meteran,10141706102100,,ARJASARI,107.6338419,-7.0542999,320416,,3204162001,ARJASARI,8f221b316d85fe1f294e9e850fe233a1,"['nib:05131', 'persilpasifid:71b61ab1228ed789e053031d0b0af31c', 'nomor:10141706102100', 'geometry:8f221b316d85fe1f294e9e850fe233a1']",nib:05131
71B5B69A68CB654CE053141D0B0A10A0,,Hak Milik,172,2018,05213,Meteran,10141706102215,,ARJASARI,107.6338419,-7.0524277,320416,,3204162001,ARJASARI,9de0fff5ada648d50c6d7a0955c99713,"['nib:05213', 'persilpasifid:71b5b69a68cb654ce053141d0b0a10a0', 'nomor:10141706102215', 'geometry:9de0fff5ada648d50c6d7a0955c99713']",nib:05213
71B5B69A68CD654CE053141D0B0A10A0,,Hak Milik,227,2018,05216,Meteran,10141706105902,,ARJASARI,107.6338419,-7.0524277,320416,,3204162001,ARJASARI,1ba2eef51d0c6297eeff260b7590fbf3,"['nib:05216', 'persilpasifid:71b5b69a68cd654ce053141d0b0a10a0', 'nomor:10141706105902', 'geometry:1ba2eef51d0c6297eeff260b7590fbf3']",nib:05216
71B62A657BD418C8E053031D0B0AFAAD,,Hak Milik,953,2018,05254,Meteran,10141706105933,,ARJASARI,107.6338419,-7.0518036,320416,,3204162001,ARJASARI,cb6308d89212ad077712181a6663c54b,"['nib:05254', 'persilpasifid:71b62a657bd418c8e053031d0b0afaad', 'nomor:10141706105933', 'geometry:cb6308d89212ad077712181a6663c54b']",nib:05254
71B5B69A68E4654CE053141D0B0A10A0,,Hak Milik,825,2018,05248,Meteran,10141706105928,,ARJASARI,107.6338419,-7.0511795,320416,,3204162001,ARJASARI,a27c1c8311b8eb88029571683522ea04,"['nib:05248', 'persilpasifid:71b5b69a68e4654ce053141d0b0a10a0', 'nomor:10141706105928', 'geometry:a27c1c8311b8eb88029571683522ea04']",nib:05248
70B6646C2BED6B5FE053031D0B0A7815,,Hak Milik,916,2018,04943,Meteran,10141706103310,,ARJASARI,107.6338419,-7.0493073,320416,,3204162001,ARJASARI,6f42426d8bf28c2a1d0cca4f5e143bf7,"['nib:04943', 'persilpasifid:70b6646c2bed6b5fe053031d0b0a7815', 'nomor:10141706103310', 'geometry:6f42426d8bf28c2a1d0cca4f5e143bf7']",nib:04943
71B6281104A016C4E053031D0B0A17B6,,Hak Milik,168,2018,05201,Meteran,10141706103862,,ARJASARI,107.6332131,-7.0524277,320416,,3204162001,ARJASARI,9eb563cebea6a60d96362015eb033da9,"['nib:05201', 'persilpasifid:71b6281104a016c4e053031d0b0a17b6', 'nomor:10141706103862', 'geometry:9eb563cebea6a60d96362015eb033da9']",nib:05201
783E1F88AE1C825DE053131D0B0ABBA4,,Hak Milik,792,2018,07043,Meteran,10141706104857,,ARJASARI,107.6338419,-7.0474351,320416,,3204162001,ARJASARI,b2489ce442bfb333950b3e98bb8095b2,"['nib:07043', 'persilpasifid:783e1f88ae1c825de053131d0b0abba4', 'nomor:10141706104857', 'geometry:b2489ce442bfb333950b3e98bb8095b2']",nib:07043
70B5C3FBE1CEAE0AE053141D0B0AC8C5,,Hak Milik,765,2018,04966,Meteran,10141706105310,,ARJASARI,107.6338419,-7.0499314,320416,,3204162001,ARJASARI,1d3edb1e845a551d49e847cf1d6974db,"['nib:04966', 'persilpasifid:70b5c3fbe1ceae0ae053141d0b0ac8c5', 'nomor:10141706105310', 'geometry:1d3edb1e845a551d49e847cf1d6974db']",nib:04966
708953C98D0C2540E053021D0B0AAA59,,Hak Milik,343,2018,03017,Meteran,10141703101379,,ARJASARI,107.6344707,-7.0617885,320416,,3204162001,ARJASARI,cf3eeaa053d483091a9e8a4788970b5b,"['nib:03017', 'persilpasifid:708953c98d0c2540e053021d0b0aaa59', 'nomor:10141703101379', 'geometry:cf3eeaa053d483091a9e8a4788970b5b']",nib:03017
71B6281104A516C4E053031D0B0A17B6,,Hak Milik,1069,2018,05233,Meteran,10141706102184,,ARJASARI,107.6332131,-7.0511795,320416,,3204162001,ARJASARI,64492027a4692df90191a20aab315ca9,"['nib:05233', 'persilpasifid:71b6281104a516c4e053031d0b0a17b6', 'nomor:10141706102184', 'geometry:64492027a4692df90191a20aab315ca9']",nib:05233
70B6646C2BEF6B5FE053031D0B0A7815,,Hak Milik,772,2018,04945,Meteran,10141706105322,,ARJASARI,107.6338419,-7.0486833,320416,,3204162001,ARJASARI,117f0730ddb0a6f14e2d9219ea0d6b98,"['nib:04945', 'persilpasifid:70b6646c2bef6b5fe053031d0b0a7815', 'nomor:10141706105322', 'geometry:117f0730ddb0a6f14e2d9219ea0d6b98']",nib:04945
7816BA89AB17AF67E053031D0B0A8805,,Hak Milik,2312,2018,06897,Meteran,10141706104825,,ARJASARI,107.6338419,-7.046187,320416,,3204162001,ARJASARI,0a922db15a0dbbc8f075c4228bdf19c8,"['nib:06897', 'persilpasifid:7816ba89ab17af67e053031d0b0a8805', 'nomor:10141706104825', 'geometry:0a922db15a0dbbc8f075c4228bdf19c8']",nib:06897
708954707C412544E053021D0B0A85C2,,Hak Milik,274,2018,02989,Meteran,10141703102436,,ARJASARI,107.6344707,-7.0599164,320416,,3204162001,ARJASARI,79a91bc7e4ba1b717d87b747e73f6867,"['nib:02989', 'persilpasifid:708954707c412544e053021d0b0a85c2', 'nomor:10141703102436', 'geometry:79a91bc7e4ba1b717d87b747e73f6867']",nib:02989
6DF32DEA116987E1E053021D0B0A74DD,,Hak Milik,452,2018,03967,Meteran,10141706105628,,ARJASARI,107.6344707,-7.056172,320416,,3204162001,ARJASARI,6457fbe5b43e75d21b1a8330837259d4,"['nib:03967', 'persilpasifid:6df32dea116987e1e053021d0b0a74dd', 'nomor:10141706105628', 'geometry:6457fbe5b43e75d21b1a8330837259d4']",nib:03967
71B5B69A68D4654CE053141D0B0A10A0,,Hak Milik,140,2018,05223,Meteran,10141706102214,,ARJASARI,107.6344707,-7.0524277,320416,,3204162001,ARJASARI,895cfd13bc720800b3b2231514e1cc48,"['nib:05223', 'persilpasifid:71b5b69a68d4654ce053141d0b0a10a0', 'nomor:10141706102214', 'geometry:895cfd13bc720800b3b2231514e1cc48']",nib:05223
6D15D892C18D3881E053141D0B0A12EB,,Hak Milik,1057,2018,03786,Meteran,10141706101963,,ARJASARI,107.6344707,-7.0542999,320416,,3204162001,ARJASARI,c3190938ab097cfdd88afca9c5650cd4,"['nib:03786', 'persilpasifid:6d15d892c18d3881e053141d0b0a12eb', 'nomor:10141706101963', 'geometry:c3190938ab097cfdd88afca9c5650cd4']",nib:03786
6DF38ABB773E4E2DE053031D0B0A28B4,,Hak Milik,745,2018,04015,Meteran,10141706105656,,ARJASARI,107.6344707,-7.0567961,320416,,3204162001,ARJASARI,3718cd67f3a2551b1c75071948163ccc,"['nib:04015', 'persilpasifid:6df38abb773e4e2de053031d0b0a28b4', 'nomor:10141706105656', 'geometry:3718cd67f3a2551b1c75071948163ccc']",nib:04015
71B47D609816598AE053131D0B0AB50E,,Hak Milik,1630,2018,05251,Meteran,10141706106313,,ARJASARI,107.6344707,-7.0511795,320416,,3204162001,ARJASARI,c201de83e93473161b8537b16a2cc0a8,"['nib:05251', 'persilpasifid:71b47d609816598ae053131d0b0ab50e', 'nomor:10141706106313', 'geometry:c201de83e93473161b8537b16a2cc0a8']",nib:05251
77764A415B1451C6E053031D0B0A7C42,,Hak Milik,751,2018,06728,Meteran,10141706104483,,ARJASARI,107.6344707,-7.0480592,320416,,3204162001,ARJASARI,264e5e76fdfb560a6b06d03fd59cdd5b,"['nib:06728', 'persilpasifid:77764a415b1451c6e053031d0b0a7c42', 'nomor:10141706104483', 'geometry:264e5e76fdfb560a6b06d03fd59cdd5b']",nib:06728
77764DDB0381C28FE053141D0B0A1D26,,Hak Milik,1091,2018,06706,Meteran,10141706104403,,ARJASARI,107.6344707,-7.0436907,320416,,3204162001,ARJASARI,304bd943b844cf7d01520d719abd6e80,"['nib:06706', 'persilpasifid:77764ddb0381c28fe053141d0b0a1d26', 'nomor:10141706104403', 'geometry:304bd943b844cf7d01520d719abd6e80']",nib:06706
70CA60AA8F7729C8E053131D0B0A4BEB,,Hak Milik,1547,2018,03052,Meteran,10141703100864,,ARJASARI,107.6350995,-7.0624126,320416,,3204162001,ARJASARI,7e94cba0456ddf823bdc083bc044846e,"['nib:03052', 'persilpasifid:70ca60aa8f7729c8e053131d0b0a4beb', 'nomor:10141703100864', 'geometry:7e94cba0456ddf823bdc083bc044846e']",nib:03052
708953C98D062540E053021D0B0AAA59,,Hak Milik,1540,2018,03010,Meteran,10141703101056,,ARJASARI,107.6350995,-7.0611645,320416,,3204162001,ARJASARI,ad4b4f4b81ddfd1b4c0797c755454401,"['nib:03010', 'persilpasifid:708953c98d062540e053021d0b0aaa59', 'nomor:10141703101056', 'geometry:ad4b4f4b81ddfd1b4c0797c755454401']",nib:03010
6DF3FA1FE74F410BE053141D0B0A7411,,Hak Milik,598,2018,04092,Meteran,10141706101879,,ARJASARI,107.6350995,-7.0592923,320416,,3204162001,ARJASARI,96a8fb0457f4e47c7ac808ffb500f8c7,"['nib:04092', 'persilpasifid:6df3fa1fe74f410be053141d0b0a7411', 'nomor:10141706101879', 'geometry:96a8fb0457f4e47c7ac808ffb500f8c7']",nib:04092
708954707C472544E053021D0B0A85C2,,Kosong,680,,02995,,,,ARJASARI,107.6350995,-7.0599164,320416,,3204162001,ARJASARI,e6f0ce00629357a8e2bf77bd761f2077,"['nib:02995', 'persilpasifid:708954707c472544e053021d0b0a85c2', 'geometry:e6f0ce00629357a8e2bf77bd761f2077']",nib:02995
6DF3FA1FE757410BE053141D0B0A7411,,Hak Milik,189,2018,04101,Meteran,10141706106255,,ARJASARI,107.6350995,-7.0586683,320416,,3204162001,ARJASARI,db997f15a60138476fbdaf366b423666,"['nib:04101', 'persilpasifid:6df3fa1fe757410be053141d0b0a7411', 'nomor:10141706106255', 'geometry:db997f15a60138476fbdaf366b423666']",nib:04101
6D161AC7899B8E0CE053021D0B0AE14A,,Hak Milik,84,2018,03794,Meteran,10141706102030,,ARJASARI,107.6344707,-7.0549239,320416,,3204162001,ARJASARI,4600a3e3637a7705bf1e354b663609c5,"['nib:03794', 'persilpasifid:6d161ac7899b8e0ce053021d0b0ae14a', 'nomor:10141706102030', 'geometry:4600a3e3637a7705bf1e354b663609c5']",nib:03794
6D161AC7899C8E0CE053021D0B0AE14A,,Hak Milik,127,2018,03795,Meteran,10141706101946,,ARJASARI,107.6344707,-7.0549239,320416,,3204162001,ARJASARI,03a250561631cfa7b7a6e9ed6b4130f3,"['nib:03795', 'persilpasifid:6d161ac7899c8e0ce053021d0b0ae14a', 'nomor:10141706101946', 'geometry:03a250561631cfa7b7a6e9ed6b4130f3']",nib:03795
6DF32C33E0F65180E053031D0B0A6000,,Hak Milik,1110,2018,04038,Meteran,10141706104618,,ARJASARI,107.6350995,-7.0567961,320416,,3204162001,ARJASARI,66aaae0ae10c33e5279a005eda9bdc78,"['nib:04038', 'persilpasifid:6df32c33e0f65180e053031d0b0a6000', 'nomor:10141706104618', 'geometry:66aaae0ae10c33e5279a005eda9bdc78']",nib:04038
6DF38ABB772F4E2DE053031D0B0A28B4,,Hak Milik,171,2018,03939,Meteran,10141706103922,,ARJASARI,107.6350995,-7.055548,320416,,3204162001,ARJASARI,cec725f7e58a10661de6703055fc07af,"['nib:03939', 'persilpasifid:6df38abb772f4e2de053031d0b0a28b4', 'nomor:10141706103922', 'geometry:cec725f7e58a10661de6703055fc07af']",nib:03939
71B5D59F5607FEDEE053131D0B0A3073,,Hak Milik,472,2018,05132,Meteran,10141706102072,,ARJASARI,107.6350995,-7.0536758,320416,,3204162001,ARJASARI,155b732aed9403ffb309fe5e7774a452,"['nib:05132', 'persilpasifid:71b5d59f5607fedee053131d0b0a3073', 'nomor:10141706102072', 'geometry:155b732aed9403ffb309fe5e7774a452']",nib:05132
71B62D8763479C36E053021D0B0A2E9B,,Hak Milik,653,2018,05227,Meteran,10141706103866,,ARJASARI,107.6350995,-7.0524277,320416,,3204162001,ARJASARI,8470a1c97ed5bb9dd007350c6876ab30,"['nib:05227', 'persilpasifid:71b62d8763479c36e053021d0b0a2e9b', 'nomor:10141706103866', 'geometry:8470a1c97ed5bb9dd007350c6876ab30']",nib:05227
71B6281104A816C4E053031D0B0A17B6,,Hak Milik,1428,2018,05259,Meteran,10141706106312,,ARJASARI,107.6350995,-7.0511795,320416,,3204162001,ARJASARI,77cace8d4cbeeb8ee49379fc8ce1e5db,"['nib:05259', 'persilpasifid:71b6281104a816c4e053031d0b0a17b6', 'nomor:10141706106312', 'geometry:77cace8d4cbeeb8ee49379fc8ce1e5db']",nib:05259
7816BA89AB1AAF67E053031D0B0A8805,,Hak Milik,3391,2018,06900,Meteran,10141706104790,,ARJASARI,107.6344707,-7.0468111,320416,,3204162001,ARJASARI,b0907faaad9122ddfe5a53d8b5e573b3,"['nib:06900', 'persilpasifid:7816ba89ab1aaf67e053031d0b0a8805', 'nomor:10141706104790', 'geometry:b0907faaad9122ddfe5a53d8b5e573b3']",nib:06900
6DF3FA1FE76E410BE053141D0B0A7411,,Hak Milik,363,2018,04140,Meteran,10141706103865,,ARJASARI,107.6350995,-7.0605404,320416,,3204162001,ARJASARI,818d905bc43fc688e0ac8aff57307d2d,"['nib:04140', 'persilpasifid:6df3fa1fe76e410be053141d0b0a7411', 'nomor:10141706103865', 'geometry:818d905bc43fc688e0ac8aff57307d2d']",nib:04140
6D15D892C1A33881E053141D0B0A12EB,,Hak Milik,329,2018,03816,Meteran,10141706105644,,ARJASARI,107.6350995,-7.0549239,320416,,3204162001,ARJASARI,08fb6820d769294932ad0150d5051220,"['nib:03816', 'persilpasifid:6d15d892c1a33881e053141d0b0a12eb', 'nomor:10141706105644', 'geometry:08fb6820d769294932ad0150d5051220']",nib:03816
6D15D892C1B53881E053141D0B0A12EB,,Hak Milik,508,2018,03836,Meteran,10141706106256,,ARJASARI,107.6350995,-7.0542999,320416,,3204162001,ARJASARI,7aeb83d13d5a86a5e5f48eeba477274b,"['nib:03836', 'persilpasifid:6d15d892c1b53881e053141d0b0a12eb', 'nomor:10141706106256', 'geometry:7aeb83d13d5a86a5e5f48eeba477274b']",nib:03836
71B6281104A716C4E053031D0B0A17B6,,Hak Milik,636,2018,05258,Meteran,10141706103849,,ARJASARI,107.6350995,-7.0518036,320416,,3204162001,ARJASARI,86551d56ea3181fb87cb52672c0e8e75,"['nib:05258', 'persilpasifid:71b6281104a716c4e053031d0b0a17b6', 'nomor:10141706103849', 'geometry:86551d56ea3181fb87cb52672c0e8e75']",nib:05258
70B5E9332A4F1737E053131D0B0A88B1,,Hak Milik,1008,2018,04957,Meteran,10141706103303,,ARJASARI,107.6350995,-7.0486833,320416,,3204162001,ARJASARI,9fab78969e5906dc547acc94903d7ea7,"['nib:04957', 'persilpasifid:70b5e9332a4f1737e053131d0b0a88b1', 'nomor:10141706103303', 'geometry:9fab78969e5906dc547acc94903d7ea7']",nib:04957
7816C9BA33E62413E053021D0B0A71C3,,Hak Milik,1278,2018,06928,Meteran,10141706104793,,ARJASARI,107.6350995,-7.0455629,320416,,3204162001,ARJASARI,85a946a54a2d47a5faa8ef3e9fdbb9a2,"['nib:06928', 'persilpasifid:7816c9ba33e62413e053021d0b0a71c3', 'nomor:10141706104793', 'geometry:85a946a54a2d47a5faa8ef3e9fdbb9a2']",nib:06928
7816C9BA33E02413E053021D0B0A71C3,,Hak Milik,1304,2018,06922,Meteran,10141706104805,,ARJASARI,107.6350995,-7.0449389,320416,,3204162001,ARJASARI,a1a71fc7b3033d78e1dff506c0ba28b5,"['nib:06922', 'persilpasifid:7816c9ba33e02413e053021d0b0a71c3', 'nomor:10141706104805', 'geometry:a1a71fc7b3033d78e1dff506c0ba28b5']",nib:06922
aa5fd4f6261540f4836b688b1a5b2235,,Hak Milik,3760,2000,01177,,10141703100115,,ARJASARI,107.6357283,-7.0642847,320416,,3204162001,ARJASARI,351fa805876fde92a3933740cb3a51b6,"['nib:01177', 'persilpasifid:aa5fd4f6261540f4836b688b1a5b2235', 'nomor:10141703100115', 'geometry:351fa805876fde92a3933740cb3a51b6']",nib:01177
70CA8343EF6CBF7FE053141D0B0A9195,,Kosong,3664,,03090,,,,ARJASARI,107.6357283,-7.0642847,320416,,3204162001,ARJASARI,43e7b451b2eca4fc8fbff24fa915fdad,"['nib:03090', 'persilpasifid:70ca8343ef6cbf7fe053141d0b0a9195', 'geometry:43e7b451b2eca4fc8fbff24fa915fdad']",nib:03090
6DF38ABB773A4E2DE053031D0B0A28B4,,Hak Milik,931,2018,04004,Meteran,10141706101920,,ARJASARI,107.6357283,-7.0580442,320416,,3204162001,ARJASARI,20a15d6a8218096953237a5c5ec78741,"['nib:04004', 'persilpasifid:6df38abb773a4e2de053031d0b0a28b4', 'nomor:10141706101920', 'geometry:20a15d6a8218096953237a5c5ec78741']",nib:04004
6DF32DEA115987E1E053021D0B0A74DD,,Hak Milik,966,2018,03948,Meteran,10141706104610,,ARJASARI,107.6357283,-7.056172,320416,,3204162001,ARJASARI,8018b48a3c637938eb320457d4711544,"['nib:03948', 'persilpasifid:6df32dea115987e1e053021d0b0a74dd', 'nomor:10141706104610', 'geometry:8018b48a3c637938eb320457d4711544']",nib:03948
6DF3FA1FE751410BE053141D0B0A7411,,Hak Milik,960,2018,04094,Meteran,10141706101880,,ARJASARI,107.6357283,-7.0592923,320416,,3204162001,ARJASARI,b88cd7b850a43d43d72ae6d44b6a128b,"['nib:04094', 'persilpasifid:6df3fa1fe751410be053141d0b0a7411', 'nomor:10141706101880', 'geometry:b88cd7b850a43d43d72ae6d44b6a128b']",nib:04094
6DCA0FD53111E235E053131D0B0A8B9D,,Hak Milik,366,2018,03899,Meteran,10141706101981,,ARJASARI,107.6357283,-7.0542999,320416,,3204162001,ARJASARI,cafea7932043370ac814b34829a39f9b,"['nib:03899', 'persilpasifid:6dca0fd53111e235e053131d0b0a8b9d', 'nomor:10141706101981', 'geometry:cafea7932043370ac814b34829a39f9b']",nib:03899
6DCA1221BD28BA69E053021D0B0A169A,,Hak Milik,581,2018,03887,Meteran,10141706105611,,ARJASARI,107.6357283,-7.0542999,320416,,3204162001,ARJASARI,bce583ebb40b23d3fe8651c6370c5d46,"['nib:03887', 'persilpasifid:6dca1221bd28ba69e053021d0b0a169a', 'nomor:10141706105611', 'geometry:bce583ebb40b23d3fe8651c6370c5d46']",nib:03887
6DCA0F6A4E6DE1FCE053131D0B0A6342,,Hak Milik,1427,2018,03900,Meteran,10141706102014,,ARJASARI,107.6357283,-7.0536758,320416,,3204162001,ARJASARI,c25ba0c14b1a994d710deb4094c61f07,"['nib:03900', 'persilpasifid:6dca0f6a4e6de1fce053131d0b0a6342', 'nomor:10141706102014', 'geometry:c25ba0c14b1a994d710deb4094c61f07']",nib:03900
6DF3FA40DAD54113E053141D0B0A0530,,Hak Milik,242,2018,04143,Meteran,10141706105681,,ARJASARI,107.6357283,-7.0605404,320416,,3204162001,ARJASARI,f66b63e0cdb7063d8031e54dc1c62dd1,"['nib:04143', 'persilpasifid:6df3fa40dad54113e053141d0b0a0530', 'nomor:10141706105681', 'geometry:f66b63e0cdb7063d8031e54dc1c62dd1']",nib:04143
71B5B69A68EC654CE053141D0B0A10A0,,Hak Milik,289,2018,05285,Meteran,10141706103838,,ARJASARI,107.6357283,-7.0524277,320416,,3204162001,ARJASARI,c22ca7f19e197786c0e456ed19e106bf,"['nib:05285', 'persilpasifid:71b5b69a68ec654ce053141d0b0a10a0', 'nomor:10141706103838', 'geometry:c22ca7f19e197786c0e456ed19e106bf']",nib:05285
7816BA89AB22AF67E053031D0B0A8805,,Hak Milik,1541,2018,06908,Meteran,10141706104712,,ARJASARI,107.6350995,-7.0474351,320416,,3204162001,ARJASARI,953c09abed19a3c48f1f914718601e35,"['nib:06908', 'persilpasifid:7816ba89ab22af67e053031d0b0a8805', 'nomor:10141706104712', 'geometry:953c09abed19a3c48f1f914718601e35']",nib:06908
7729DF7CABFFBD06E053021D0B0A2FBA,,Hak Milik,1479,2018,06611,Meteran,10141706104308,,ARJASARI,107.6357283,-7.0499314,320416,,3204162001,ARJASARI,92ab8a5b59e6cdc59bc84f49995c9964,"['nib:06611', 'persilpasifid:7729df7cabffbd06e053021d0b0a2fba', 'nomor:10141706104308', 'geometry:92ab8a5b59e6cdc59bc84f49995c9964']",nib:06611
7816C9BA33EE2413E053021D0B0A71C3,,Hak Milik,1320,2018,06936,Meteran,10141706104800,,ARJASARI,107.6350995,-7.046187,320416,,3204162001,ARJASARI,018e1c3cca40cbe280e2e8ca8e3d96c9,"['nib:06936', 'persilpasifid:7816c9ba33ee2413e053021d0b0a71c3', 'nomor:10141706104800', 'geometry:018e1c3cca40cbe280e2e8ca8e3d96c9']",nib:06936
70B5C3FBE1C4AE0AE053141D0B0AC8C5,,Hak Milik,1053,2018,04920,Meteran,10141706103256,,ARJASARI,107.6357283,-7.0486833,320416,,3204162001,ARJASARI,e579d32070deee15a86c60204bad0d55,"['nib:04920', 'persilpasifid:70b5c3fbe1c4ae0ae053141d0b0ac8c5', 'nomor:10141706103256', 'geometry:e579d32070deee15a86c60204bad0d55']",nib:04920
7776802A133FE18EE053141D0B0A9CED,,Hak Milik,1505,2018,06720,Meteran,10141706104492,,ARJASARI,107.6357283,-7.0468111,320416,,3204162001,ARJASARI,689c22a7873dcccb55db6d2783876a3d,"['nib:06720', 'persilpasifid:7776802a133fe18ee053141d0b0a9ced', 'nomor:10141706104492', 'geometry:689c22a7873dcccb55db6d2783876a3d']",nib:06720
7816C9BA33F42413E053021D0B0A71C3,,Hak Milik,1003,2018,06942,Meteran,10141706104807,,ARJASARI,107.6357283,-7.046187,320416,,3204162001,ARJASARI,c5e51bb134c24fb6aad1aada327b9d56,"['nib:06942', 'persilpasifid:7816c9ba33f42413e053021d0b0a71c3', 'nomor:10141706104807', 'geometry:c5e51bb134c24fb6aad1aada327b9d56']",nib:06942
7816C9BA33EC2413E053021D0B0A71C3,,Hak Milik,977,2018,06934,Meteran,10141706104822,,ARJASARI,107.6357283,-7.0455629,320416,,3204162001,ARJASARI,993325a17a066322adccd4b6545920c8,"['nib:06934', 'persilpasifid:7816c9ba33ec2413e053021d0b0a71c3', 'nomor:10141706104822', 'geometry:993325a17a066322adccd4b6545920c8']",nib:06934
70CA60AA8F8329C8E053131D0B0A4BEB,,Hak Milik,1217,2018,03070,Meteran,10141703100875,,ARJASARI,107.6363572,-7.0655328,320416,,3204162001,ARJASARI,f4765cb9b909f803d6e53d40263253f0,"['nib:03070', 'persilpasifid:70ca60aa8f8329c8e053131d0b0a4beb', 'nomor:10141703100875', 'geometry:f4765cb9b909f803d6e53d40263253f0']",nib:03070
7816BA89AB01AF67E053031D0B0A8805,,Hak Milik,1806,2018,06873,Meteran,10141706104910,,ARJASARI,107.6357283,-7.0436907,320416,,3204162001,ARJASARI,9eed2a6fa1b31f8316207fbde5034f0a,"['nib:06873', 'persilpasifid:7816ba89ab01af67e053031d0b0a8805', 'nomor:10141706104910', 'geometry:9eed2a6fa1b31f8316207fbde5034f0a']",nib:06873
6DF32DEA117787E1E053021D0B0A74DD,,Hak Milik,673,2018,04073,Meteran,10141706101905,,ARJASARI,107.6357283,-7.0586683,320416,,3204162001,ARJASARI,c617cc965e7069f28f49cd9aca361338,"['nib:04073', 'persilpasifid:6df32dea117787e1e053021d0b0a74dd', 'nomor:10141706101905', 'geometry:c617cc965e7069f28f49cd9aca361338']",nib:04073
7106E6853F8E77BAE053031D0B0AAE55,,Hak Milik,421,2018,03140,Meteran,10141703101000,,ARJASARI,107.6363572,-7.0649088,320416,,3204162001,ARJASARI,afc14ac65e18d24bec3a1b0a02c2ce4c,"['nib:03140', 'persilpasifid:7106e6853f8e77bae053031d0b0aae55', 'nomor:10141703101000', 'geometry:afc14ac65e18d24bec3a1b0a02c2ce4c']",nib:03140
7729DF7CAC0CBD06E053021D0B0A2FBA,,Hak Milik,1302,2018,06624,Meteran,10141706105979,,ARJASARI,107.6357283,-7.0511795,320416,,3204162001,ARJASARI,ad6c2404687faf8d4a7a91fd62717324,"['nib:06624', 'persilpasifid:7729df7cac0cbd06e053021d0b0a2fba', 'nomor:10141706105979', 'geometry:ad6c2404687faf8d4a7a91fd62717324']",nib:06624
70B5C3FBE1D9AE0AE053141D0B0AC8C5,,Hak Milik,706,2018,04977,Meteran,10141706103252,,ARJASARI,107.6357283,-7.0480592,320416,,3204162001,ARJASARI,88bde3712fc41999170277506a04b15a,"['nib:04977', 'persilpasifid:70b5c3fbe1d9ae0ae053141d0b0ac8c5', 'nomor:10141706103252', 'geometry:88bde3712fc41999170277506a04b15a']",nib:04977
70B5E9332A421737E053131D0B0A88B1,,Hak Milik,923,2018,04937,Meteran,10141706103261,,ARJASARI,107.6350995,-7.0499314,320416,,3204162001,ARJASARI,cdc10fca2ce314c38d6e13dd14c23089,"['nib:04937', 'persilpasifid:70b5e9332a421737e053131d0b0a88b1', 'nomor:10141706103261', 'geometry:cdc10fca2ce314c38d6e13dd14c23089']",nib:04937
6DF32DEA116587E1E053021D0B0A74DD,,Hak Milik,1840,2018,03960,Meteran,10141706104351,,ARJASARI,107.6363572,-7.0574202,320416,,3204162001,ARJASARI,07e649f85e79a120460df279f4d84b02,"['nib:03960', 'persilpasifid:6df32dea116587e1e053021d0b0a74dd', 'nomor:10141706104351', 'geometry:07e649f85e79a120460df279f4d84b02']",nib:03960
6DF32E40F6470A85E053141D0B0A03E6,,Hak Milik,1240,2018,03974,Meteran,10141706101914,,ARJASARI,107.6363572,-7.0580442,320416,,3204162001,ARJASARI,d70a2bd6d7f7bf486ba3e6c49d632536,"['nib:03974', 'persilpasifid:6df32e40f6470a85e053141d0b0a03e6', 'nomor:10141706101914', 'geometry:d70a2bd6d7f7bf486ba3e6c49d632536']",nib:03974
71B6281104B016C4E053031D0B0A17B6,,Hak Milik,844,2018,05274,Meteran,10141706102177,,ARJASARI,107.6363572,-7.0524277,320416,,3204162001,ARJASARI,66f26d07d72b124b210dfcc9db4017a1,"['nib:05274', 'persilpasifid:71b6281104b016c4e053031d0b0a17b6', 'nomor:10141706102177', 'geometry:66f26d07d72b124b210dfcc9db4017a1']",nib:05274
7729DF7CABF9BD06E053021D0B0A2FBA,,Hak Milik,2347,2018,06605,Meteran,10141706104287,,ARJASARI,107.6363572,-7.0499314,320416,,3204162001,ARJASARI,99e442e789908ff2a7d1fc8197016255,"['nib:06605', 'persilpasifid:7729df7cabf9bd06e053021d0b0a2fba', 'nomor:10141706104287', 'geometry:99e442e789908ff2a7d1fc8197016255']",nib:06605
772A7F0649DBBD91E053021D0B0A6F0D,,Hak Milik,601,2018,06574,Meteran,10141706104314,,ARJASARI,107.6363572,-7.0493073,320416,,3204162001,ARJASARI,7e88dfa378b0f5a9b1c3b33a7251d42a,"['nib:06574', 'persilpasifid:772a7f0649dbbd91e053021d0b0a6f0d', 'nomor:10141706104314', 'geometry:7e88dfa378b0f5a9b1c3b33a7251d42a']",nib:06574
772A7F0649D0BD91E053021D0B0A6F0D,,Hak Milik,559,2018,06563,Meteran,10141706104289,,ARJASARI,107.6363572,-7.0486833,320416,,3204162001,ARJASARI,4c847c5862b98763b5d975d742dc26fa,"['nib:06563', 'persilpasifid:772a7f0649d0bd91e053021d0b0a6f0d', 'nomor:10141706104289', 'geometry:4c847c5862b98763b5d975d742dc26fa']",nib:06563
7816BA89AB29AF67E053031D0B0A8805,,Hak Milik,1639,2018,06915,Meteran,10141706104730,,ARJASARI,107.6363572,-7.0443148,320416,,3204162001,ARJASARI,0f72fc5d83e709d629cc8cab444dd902,"['nib:06915', 'persilpasifid:7816ba89ab29af67e053031d0b0a8805', 'nomor:10141706104730', 'geometry:0f72fc5d83e709d629cc8cab444dd902']",nib:06915
77772176247F7DCEE053131D0B0A3FF3,,Hak Milik,1523,2018,06672,Meteran,10141706104410,,ARJASARI,107.6363572,-7.0436907,320416,,3204162001,ARJASARI,6d60774ab5d55bd0288fe174bb0883bc,"['nib:06672', 'persilpasifid:77772176247f7dcee053131d0b0a3ff3', 'nomor:10141706104410', 'geometry:6d60774ab5d55bd0288fe174bb0883bc']",nib:06672
7106E6853F9477BAE053031D0B0AAE55,,Hak Milik,228,2018,03146,Meteran,10141703101429,,ARJASARI,107.636986,-7.0661569,320416,,3204162001,ARJASARI,277d4502a886140aadc481f481989294,"['nib:03146', 'persilpasifid:7106e6853f9477bae053031d0b0aae55', 'nomor:10141703101429', 'geometry:277d4502a886140aadc481f481989294']",nib:03146
6DCA1221BD2CBA69E053021D0B0A169A,,Hak Milik,1162,2018,03890,Meteran,10141706101980,,ARJASARI,107.6363572,-7.0549239,320416,,3204162001,ARJASARI,84c9f7a88291fbcce3209fd7f227eb23,"['nib:03890', 'persilpasifid:6dca1221bd2cba69e053021d0b0a169a', 'nomor:10141706101980', 'geometry:84c9f7a88291fbcce3209fd7f227eb23']",nib:03890
7106E6853F8A77BAE053031D0B0AAE55,,Hak Milik,3075,2018,03136,Meteran,10141703100889,,ARJASARI,107.636986,-7.0655328,320416,,3204162001,ARJASARI,606b17e74c109ee271524ff36dfb4747,"['nib:03136', 'persilpasifid:7106e6853f8a77bae053031d0b0aae55', 'nomor:10141703100889', 'geometry:606b17e74c109ee271524ff36dfb4747']",nib:03136
772A7F0649B4BD91E053021D0B0A6F0D,,Hak Milik,802,2018,06531,Meteran,10141706104300,,ARJASARI,107.6363572,-7.0480592,320416,,3204162001,ARJASARI,fc871e9c21602771cbce4fbe47bec4d3,"['nib:06531', 'persilpasifid:772a7f0649b4bd91e053021d0b0a6f0d', 'nomor:10141706104300', 'geometry:fc871e9c21602771cbce4fbe47bec4d3']",nib:06531
6DF32DEA116687E1E053021D0B0A74DD,,Hak Milik,132,2018,03961,,10141706105626,,ARJASARI,107.636986,-7.056172,320416,,3204162001,ARJASARI,931027f2ad20e37e00dda1ea97abb98b,"['nib:03961', 'persilpasifid:6df32dea116687e1e053021d0b0a74dd', 'nomor:10141706105626', 'geometry:931027f2ad20e37e00dda1ea97abb98b']",nib:03961
764478A7E8FE8ED2E053031D0B0AEB3C,,Hak Milik,287,2018,06217,,10141706105177,,ARJASARI,107.636986,-7.056172,320416,,3204162001,ARJASARI,b0e13b3da6adc942a8cd99b74a97d5ab,"['nib:06217', 'persilpasifid:764478a7e8fe8ed2e053031d0b0aeb3c', 'nomor:10141706105177', 'geometry:b0e13b3da6adc942a8cd99b74a97d5ab']",nib:06217
1C3B3246C0D16F29E053131D0B0A6737,,Hak Milik,2482,2015,01869,,10141706100766,,ARJASARI,107.636986,-7.0574202,320416,,3204162001,ARJASARI,deebd518d7493048e32c988653ee4dcf,"['nib:01869', 'persilpasifid:1c3b3246c0d16f29e053131d0b0a6737', 'nomor:10141706100766', 'geometry:deebd518d7493048e32c988653ee4dcf']",nib:01869
772A7F0649E5BD91E053021D0B0A6F0D,,Hak Milik,551,2018,06584,Meteran,10141706104282,,ARJASARI,107.636986,-7.0493073,320416,,3204162001,ARJASARI,85759497a813cedd635f7ec4cf02d735,"['nib:06584', 'persilpasifid:772a7f0649e5bd91e053021d0b0a6f0d', 'nomor:10141706104282', 'geometry:85759497a813cedd635f7ec4cf02d735']",nib:06584
772A7F0649C1BD91E053021D0B0A6F0D,,Hak Milik,251,2018,06546,Meteran,10141706104307,,ARJASARI,107.636986,-7.0486833,320416,,3204162001,ARJASARI,fb41e395f938ed1be26d50f4333d3480,"['nib:06546', 'persilpasifid:772a7f0649c1bd91e053021d0b0a6f0d', 'nomor:10141706104307', 'geometry:fb41e395f938ed1be26d50f4333d3480']",nib:06546
6D1651CA29D43821E053131D0B0A103F,,Hak Milik,87,2018,03838,Meteran,10141706103872,,ARJASARI,107.6376148,-7.0599164,320416,,3204162001,ARJASARI,7eab679440dd73b6aeb3e273c498b558,"['nib:03838', 'persilpasifid:6d1651ca29d43821e053131d0b0a103f', 'nomor:10141706103872', 'geometry:7eab679440dd73b6aeb3e273c498b558']",nib:03838
6DCA1221BD37BA69E053021D0B0A169A,,Hak Milik,981,2018,03893,Meteran,10141706104503,,ARJASARI,107.636986,-7.0549239,320416,,3204162001,ARJASARI,f395178003cb0e1a07b25d8db854f80b,"['nib:03893', 'persilpasifid:6dca1221bd37ba69e053021d0b0a169a', 'nomor:10141706104503', 'geometry:f395178003cb0e1a07b25d8db854f80b']",nib:03893
6D16504E57918E05E053021D0B0A1143,,Hak Milik,154,2018,03851,Meteran,10141706104510,,ARJASARI,107.6376148,-7.0605404,320416,,3204162001,ARJASARI,ccd3b42530de7c7cecac11c9cfcf1f42,"['nib:03851', 'persilpasifid:6d16504e57918e05e053021d0b0a1143', 'nomor:10141706104510', 'geometry:ccd3b42530de7c7cecac11c9cfcf1f42']",nib:03851
717B90CC040F8939E053031D0B0A67C1,,Hak Milik,97,2018,05016,Meteran,10141706105695,,ARJASARI,107.6376148,-7.0592923,320416,,3204162001,ARJASARI,1caf0a99ea187d232392baf4cd1397aa,"['nib:05016', 'persilpasifid:717b90cc040f8939e053031d0b0a67c1', 'nomor:10141706105695', 'geometry:1caf0a99ea187d232392baf4cd1397aa']",nib:05016
7644966BB5592B8CE053021D0B0ABB4B,,Hak Milik,566,2018,06235,Meteran,10141706104004,,ARJASARI,107.6376148,-7.0574202,320416,,3204162001,ARJASARI,0f479f47498b59ab87daa19f0a251aaa,"['nib:06235', 'persilpasifid:7644966bb5592b8ce053021d0b0abb4b', 'nomor:10141706104004', 'geometry:0f479f47498b59ab87daa19f0a251aaa']",nib:06235
7644966BB55B2B8CE053021D0B0ABB4B,,Hak Milik,566,2018,06237,Meteran,10141706103992,,ARJASARI,107.6376148,-7.0574202,320416,,3204162001,ARJASARI,3e0f8e0235e3a88fb8a413fee1df0064,"['nib:06237', 'persilpasifid:7644966bb55b2b8ce053021d0b0abb4b', 'nomor:10141706103992', 'geometry:3e0f8e0235e3a88fb8a413fee1df0064']",nib:06237
772A7F0649B6BD91E053021D0B0A6F0D,,Hak Milik,368,2018,06533,Meteran,10141706104328,,ARJASARI,107.636986,-7.0480592,320416,,3204162001,ARJASARI,cef34a700ca2568933e00486c24c53bf,"['nib:06533', 'persilpasifid:772a7f0649b6bd91e053021d0b0a6f0d', 'nomor:10141706104328', 'geometry:cef34a700ca2568933e00486c24c53bf']",nib:06533
7644A13006709857E053021D0B0ADE65,,Hak Milik,109,2018,06220,Meteran,10141706104006,,ARJASARI,107.6376148,-7.0567961,320416,,3204162001,ARJASARI,1201ac2603642eccb9308724c1d2965f,"['nib:06220', 'persilpasifid:7644a13006709857e053021d0b0ade65', 'nomor:10141706104006', 'geometry:1201ac2603642eccb9308724c1d2965f']",nib:06220
77EC6797DFE9C47BE053031D0B0A848F,,Hak Milik,517,2018,06809,Meteran,10141706104663,,ARJASARI,107.6376148,-7.0486833,320416,,3204162001,ARJASARI,f35fb00fa3894c02d5c9cab125ee58c6,"['nib:06809', 'persilpasifid:77ec6797dfe9c47be053031d0b0a848f', 'nomor:10141706104663', 'geometry:f35fb00fa3894c02d5c9cab125ee58c6']",nib:06809
77EC8E67ADEEFF87E053131D0B0A5690,,Hak Milik,716,2018,06820,Meteran,10141706104646,,ARJASARI,107.6376148,-7.0493073,320416,,3204162001,ARJASARI,09b77df7ae4d2102f4117c714441d2c1,"['nib:06820', 'persilpasifid:77ec8e67adeeff87e053131d0b0a5690', 'nomor:10141706104646', 'geometry:09b77df7ae4d2102f4117c714441d2c1']",nib:06820
7845A740A34EBBBBE053021D0B0AE2EC,,Hak Milik,539,2018,07281,Meteran,10141706105193,,ARJASARI,107.6376148,-7.0505555,320416,,3204162001,ARJASARI,3a7eab52fd9077b42b452d9a578564ba,"['nib:07281', 'persilpasifid:7845a740a34ebbbbe053021d0b0ae2ec', 'nomor:10141706105193', 'geometry:3a7eab52fd9077b42b452d9a578564ba']",nib:07281
7118CF45F0EE8A87E053031D0B0AC6F1,,Hak Milik,1068,2018,03316,Meteran,10141703100818,,ARJASARI,107.6382436,-7.0705252,320416,,3204162001,ARJASARI,c832212742af580f1587519fe473e0dc,"['nib:03316', 'persilpasifid:7118cf45f0ee8a87e053031d0b0ac6f1', 'nomor:10141703100818', 'geometry:c832212742af580f1587519fe473e0dc']",nib:03316
711917D504CB01C5E053021D0B0A26E3,,Kosong,53,,03307,,,,ARJASARI,107.6382436,-7.0699011,320416,,3204162001,ARJASARI,04cc8abe29b255ddc05dd271f5a442c7,"['nib:03307', 'persilpasifid:711917d504cb01c5e053021d0b0a26e3', 'geometry:04cc8abe29b255ddc05dd271f5a442c7']",nib:03307
7106E6853FAF77BAE053031D0B0AAE55,,Hak Milik,1839,2018,03176,Meteran,10141703100928,,ARJASARI,107.6382436,-7.0674049,320416,,3204162001,ARJASARI,05d09965e2ab6bb306825352fa834741,"['nib:03176', 'persilpasifid:7106e6853faf77bae053031d0b0aae55', 'nomor:10141703100928', 'geometry:05d09965e2ab6bb306825352fa834741']",nib:03176
7106E6853F9C77BAE053031D0B0AAE55,,Hak Milik,1302,2018,03154,Meteran,10141703101183,,ARJASARI,107.6382436,-7.0661569,320416,,3204162001,ARJASARI,2bb8d379ce397eec8a2302e733b54ead,"['nib:03154', 'persilpasifid:7106e6853f9c77bae053031d0b0aae55', 'nomor:10141703101183', 'geometry:2bb8d379ce397eec8a2302e733b54ead']",nib:03154
6A1D09E2778531BBE053141D0B0A3356,,Hak Milik,232,2018,03046,Meteran,10141706104584,,ARJASARI,107.6382436,-7.0642847,320416,,3204162001,ARJASARI,fea9d4ec3a230926430c384bbf90bfc3,"['nib:03046', 'persilpasifid:6a1d09e2778531bbe053141d0b0a3356', 'nomor:10141706104584', 'geometry:fea9d4ec3a230926430c384bbf90bfc3']",nib:03046
7644372CF562F60EE053141D0B0A4154,,Hak Milik,976,2018,06310,Meteran,10141706106016,,ARJASARI,107.6382436,-7.0599164,320416,,3204162001,ARJASARI,14cd673cc435e9808408631c99f1d26e,"['nib:06310', 'persilpasifid:7644372cf562f60ee053141d0b0a4154', 'nomor:10141706106016', 'geometry:14cd673cc435e9808408631c99f1d26e']",nib:06310
0C4BD5ACD1781162E063B416140A0CA3,,Kosong,176,,,,,0.5,ARJASARI,107.6382436,-7.0599164,320416,,3204162001,ARJASARI,f495269d81f6a47db0b6dd051d83da86,"['persilpasifid:0c4bd5acd1781162e063b416140a0ca3', 'geometry:f495269d81f6a47db0b6dd051d83da86']",persilpasifid:0c4bd5acd1781162e063b416140a0ca3
772A7F0649AEBD91E053021D0B0A6F0D,,Hak Milik,568,2018,06524,Meteran,10141706104268,,ARJASARI,107.6376148,-7.0480592,320416,,3204162001,ARJASARI,4af2f212f4d152051bbac404623e8544,"['nib:06524', 'persilpasifid:772a7f0649aebd91e053021d0b0a6f0d', 'nomor:10141706104268', 'geometry:4af2f212f4d152051bbac404623e8544']",nib:06524
6A1CE1061A5CF10BE053141D0B0ACBEF,,Hak Milik,200,2018,03071,Meteran,10141706101575,,ARJASARI,107.6382436,-7.0617885,320416,,3204162001,ARJASARI,c5b962638007436e4b640ec02ecce15e,"['nib:03071', 'persilpasifid:6a1ce1061a5cf10be053141d0b0acbef', 'nomor:10141706101575', 'geometry:c5b962638007436e4b640ec02ecce15e']",nib:03071
764478A7E8F98ED2E053031D0B0AEB3C,,Hak Milik,645,2018,06212,Meteran,10141706103939,,ARJASARI,107.6376148,-7.056172,320416,,3204162001,ARJASARI,45ef680836e045dd8499e4d8afc450f5,"['nib:06212', 'persilpasifid:764478a7e8f98ed2e053031d0b0aeb3c', 'nomor:10141706103939', 'geometry:45ef680836e045dd8499e4d8afc450f5']",nib:06212
772A7D56F35DF218E053141D0B0A11EA,,Hak Milik,1891,2018,06506,Meteran,10141706104302,,ARJASARI,107.6376148,-7.0468111,320416,,3204162001,ARJASARI,d99fd148fb8b1fb5c00dd5d693496ecc,"['nib:06506', 'persilpasifid:772a7d56f35df218e053141d0b0a11ea', 'nomor:10141706104302', 'geometry:d99fd148fb8b1fb5c00dd5d693496ecc']",nib:06506
764474FEF12210EDE053131D0B0A0E98,,Hak Milik,121,2018,06245,Meteran,10141706103941,,ARJASARI,107.6382436,-7.0574202,320416,,3204162001,ARJASARI,43e6ea3838f5aa333ea4d2d3d00a6a3d,"['nib:06245', 'persilpasifid:764474fef12210ede053131d0b0a0e98', 'nomor:10141706103941', 'geometry:43e6ea3838f5aa333ea4d2d3d00a6a3d']",nib:06245
dfffe52c25864196ae15814d0c598e08,,Hak Milik,712,2001,01396,,10141706100534,,ARJASARI,107.6376148,-7.0511795,320416,,3204162001,ARJASARI,5c62d0c14e03b1232ccd6ea95ab84c54,"['nib:01396', 'persilpasifid:dfffe52c25864196ae15814d0c598e08', 'nomor:10141706100534', 'geometry:5c62d0c14e03b1232ccd6ea95ab84c54']",nib:01396
71B47D60980E598AE053131D0B0AB50E,,Hak Milik,180,2018,05192,,10141706102234,,ARJASARI,107.6382436,-7.0505555,320416,,3204162001,ARJASARI,5dbe90c2ec008cdb4c510b084d1d1adc,"['nib:05192', 'persilpasifid:71b47d60980e598ae053131d0b0ab50e', 'nomor:10141706102234', 'geometry:5dbe90c2ec008cdb4c510b084d1d1adc']",nib:05192
77EC8B2289905AF7E053141D0B0A9D68,,Hak Milik,489,2018,06765,Meteran,10141706106002,,ARJASARI,107.6382436,-7.046187,320416,,3204162001,ARJASARI,1837332a7bcb4ac730769bea9046ffec,"['nib:06765', 'persilpasifid:77ec8b2289905af7e053141d0b0a9d68', 'nomor:10141706106002', 'geometry:1837332a7bcb4ac730769bea9046ffec']",nib:06765
77EC6B2997A0AB49E053131D0B0A2B41,,Hak Milik,789,2018,06797,Meteran,10141706104578,,ARJASARI,107.6382436,-7.0474351,320416,,3204162001,ARJASARI,65287ebc31ff74af5aa9786ebef3b531,"['nib:06797', 'persilpasifid:77ec6b2997a0ab49e053131d0b0a2b41', 'nomor:10141706104578', 'geometry:65287ebc31ff74af5aa9786ebef3b531']",nib:06797
7119203E8B14D024E053141D0B0AF986,,Kosong,719,,03390,,,,ARJASARI,107.6388724,-7.0748934,320416,,3204162001,ARJASARI,b40e9536de05ebf85e1d6d0e1b5735fa,"['nib:03390', 'persilpasifid:7119203e8b14d024e053141d0b0af986', 'geometry:b40e9536de05ebf85e1d6d0e1b5735fa']",nib:03390
7119203E8B09D024E053141D0B0AF986,,Kosong,1254,,03378,,,,ARJASARI,107.6388724,-7.0736453,320416,,3204162001,ARJASARI,e746f7d61b7d1226681f31bbdc2c6594,"['nib:03378', 'persilpasifid:7119203e8b09d024e053141d0b0af986', 'geometry:e746f7d61b7d1226681f31bbdc2c6594']",nib:03378
7118D0ACFB705375E053141D0B0A151A,,Hak Milik,1745,2018,03398,Meteran,10141703101027,,ARJASARI,107.6388724,-7.0742694,320416,,3204162001,ARJASARI,64a930504b1aea7fc3f2303be37f6e13,"['nib:03398', 'persilpasifid:7118d0acfb705375e053141d0b0a151a', 'nomor:10141703101027', 'geometry:64a930504b1aea7fc3f2303be37f6e13']",nib:03398
7118CF45F10A8A87E053031D0B0AC6F1,,Hak Milik,1462,2018,03366,Meteran,10141703100827,,ARJASARI,107.6388724,-7.0723973,320416,,3204162001,ARJASARI,a9b3a4ef96a3e974a7ceda77e322a19d,"['nib:03366', 'persilpasifid:7118cf45f10a8a87e053031d0b0ac6f1', 'nomor:10141703100827', 'geometry:a9b3a4ef96a3e974a7ceda77e322a19d']",nib:03366
6B4D483ACCA70DB4E053141D0B0A7BB1,,Hak Milik,1553,2018,03163,Meteran,10141706101643,,ARJASARI,107.6388724,-7.0655328,320416,,3204162001,ARJASARI,60ce83cab554b9624e60e229757c3a0f,"['nib:03163', 'persilpasifid:6b4d483acca70db4e053141d0b0a7bb1', 'nomor:10141706101643', 'geometry:60ce83cab554b9624e60e229757c3a0f']",nib:03163
77EC6B2997A3AB49E053131D0B0A2B41,,Hak Milik,336,2018,06800,Meteran,10141706104691,,ARJASARI,107.6382436,-7.0480592,320416,,3204162001,ARJASARI,22ce2551715f78f1957a0f960e52a8cf,"['nib:06800', 'persilpasifid:77ec6b2997a3ab49e053131d0b0a2b41', 'nomor:10141706104691', 'geometry:22ce2551715f78f1957a0f960e52a8cf']",nib:06800
77EC6B2997A4AB49E053131D0B0A2B41,,Hak Milik,179,2018,06801,Meteran,10141706104649,,ARJASARI,107.6382436,-7.0480592,320416,,3204162001,ARJASARI,7de3028d0421766dac9fe29652ca9075,"['nib:06801', 'persilpasifid:77ec6b2997a4ab49e053131d0b0a2b41', 'nomor:10141706104649', 'geometry:7de3028d0421766dac9fe29652ca9075']",nib:06801
6A1BE8A5DA48D487E053021D0B0AF838,,Hak Milik,153,2018,03148,Meteran,10141706101578,,ARJASARI,107.6388724,-7.0642847,320416,,3204162001,ARJASARI,57ec27f9f3a814f9ce83f58b864a1b84,"['nib:03148', 'persilpasifid:6a1be8a5da48d487e053021d0b0af838', 'nomor:10141706101578', 'geometry:57ec27f9f3a814f9ce83f58b864a1b84']",nib:03148
6A1CE1061A80F10BE053141D0B0ACBEF,,Hak Milik,1242,2018,03119,Meteran,10141706103870,,ARJASARI,107.6388724,-7.0636607,320416,,3204162001,ARJASARI,0e4d59171720657b4007f63310ca91c8,"['nib:03119', 'persilpasifid:6a1ce1061a80f10be053141d0b0acbef', 'nomor:10141706103870', 'geometry:0e4d59171720657b4007f63310ca91c8']",nib:03119
7118CF45F1068A87E053031D0B0AC6F1,,Hak Milik,512,2018,03362,Meteran,10141703101151,,ARJASARI,107.6388724,-7.0717732,320416,,3204162001,ARJASARI,593b7042612ff4f22ffc184569986afb,"['nib:03362', 'persilpasifid:7118cf45f1068a87e053031d0b0ac6f1', 'nomor:10141703101151', 'geometry:593b7042612ff4f22ffc184569986afb']",nib:03362
6A1CE1061A61F10BE053141D0B0ACBEF,,Hak Milik,1101,2018,03083,Meteran,10141706101548,,ARJASARI,107.6388724,-7.0624126,320416,,3204162001,ARJASARI,ca2930fcbef9e5d300677912a45f9634,"['nib:03083', 'persilpasifid:6a1ce1061a61f10be053141d0b0acbef', 'nomor:10141706101548', 'geometry:ca2930fcbef9e5d300677912a45f9634']",nib:03083
7118CF45F10E8A87E053031D0B0AC6F1,,Hak Milik,2032,2018,03372,Meteran,10141703100850,,ARJASARI,107.6388724,-7.0730213,320416,,3204162001,ARJASARI,538d04845df2cf3e62a0e74f4bae5dc3,"['nib:03372', 'persilpasifid:7118cf45f10e8a87e053031d0b0ac6f1', 'nomor:10141703100850', 'geometry:538d04845df2cf3e62a0e74f4bae5dc3']",nib:03372
6B4C7DEB1344C01FE053021D0B0AFADF,,Hak Milik,644,2018,03186,Meteran,10141706104116,,ARJASARI,107.6388724,-7.0674049,320416,,3204162001,ARJASARI,e172f7d93863face497e0d7416e616ee,"['nib:03186', 'persilpasifid:6b4c7deb1344c01fe053021d0b0afadf', 'nomor:10141706104116', 'geometry:e172f7d93863face497e0d7416e616ee']",nib:03186
764474FEF12910EDE053131D0B0A0E98,,Hak Milik,143,2018,06293,,10141706106013,,ARJASARI,107.6388724,-7.046187,320416,,3204162001,ARJASARI,be4b67a0c0ed7398615827d9a1941d70,"['nib:06293', 'persilpasifid:764474fef12910ede053131d0b0a0e98', 'nomor:10141706106013', 'geometry:be4b67a0c0ed7398615827d9a1941d70']",nib:06293
7845A740A369BBBBE053021D0B0AE2EC,,Hak Milik,146,2018,07316,,10141706106190,,ARJASARI,107.6388724,-7.046187,320416,,3204162001,ARJASARI,6eef0b86f4929465c93c1ae8622bb4ba,"['nib:07316', 'persilpasifid:7845a740a369bbbbe053021d0b0ae2ec', 'nomor:10141706106190', 'geometry:6eef0b86f4929465c93c1ae8622bb4ba']",nib:07316
737714DDF5A39BF2E053141D0B0AC45E,,Hak Milik,1748,2018,05202,Meteran,10141703101779,,ARJASARI,107.6395013,-7.0767655,320416,,3204162001,ARJASARI,5ef9c348684bca0027739c09a7618c3f,"['nib:05202', 'persilpasifid:737714ddf5a39bf2e053141d0b0ac45e', 'nomor:10141703101779', 'geometry:5ef9c348684bca0027739c09a7618c3f']",nib:05202
7844193853A59F2FE053021D0B0ACA2E,,Hak Milik,1070,2018,07258,Meteran,10141706104970,,ARJASARI,107.6388724,-7.0474351,320416,,3204162001,ARJASARI,72a357d259fb0d88230d82289602de52,"['nib:07258', 'persilpasifid:7844193853a59f2fe053021d0b0aca2e', 'nomor:10141706104970', 'geometry:72a357d259fb0d88230d82289602de52']",nib:07258
7118CF45F1088A87E053031D0B0AC6F1,,Hak Milik,1005,2018,03364,Meteran,10141703102750,,ARJASARI,107.6395013,-7.0711492,320416,,3204162001,ARJASARI,507819c47a4b64ab2e1305c7442f5888,"['nib:03364', 'persilpasifid:7118cf45f1088a87e053031d0b0ac6f1', 'nomor:10141703102750', 'geometry:507819c47a4b64ab2e1305c7442f5888']",nib:03364
6B4D71323F382D0DE053021D0B0A0A0A,,Hak Milik,136,2018,03327,Meteran,10141706105421,,ARJASARI,107.6395013,-7.0699011,320416,,3204162001,ARJASARI,5458a141a8cf3f81fc19b669687cfc19,"['nib:03327', 'persilpasifid:6b4d71323f382d0de053021d0b0a0a0a', 'nomor:10141706105421', 'geometry:5458a141a8cf3f81fc19b669687cfc19']",nib:03327
7119203E8B16D024E053141D0B0AF986,,Hak Milik,323,2018,03394,Meteran,10141703100897,,ARJASARI,107.6395013,-7.0742694,320416,,3204162001,ARJASARI,64b33199e68f58dc69db01e47668b11e,"['nib:03394', 'persilpasifid:7119203e8b16d024e053141d0b0af986', 'nomor:10141703100897', 'geometry:64b33199e68f58dc69db01e47668b11e']",nib:03394
7118A7D3874E3B98E053021D0B0A5127,,Hak Milik,604,2018,03405,Meteran,10141703100834,,ARJASARI,107.6395013,-7.0736453,320416,,3204162001,ARJASARI,895fc2b801ea2b2354e0b20e8a5f1aff,"['nib:03405', 'persilpasifid:7118a7d3874e3b98e053021d0b0a5127', 'nomor:10141703100834', 'geometry:895fc2b801ea2b2354e0b20e8a5f1aff']",nib:03405
78441938539C9F2FE053021D0B0ACA2E,,Hak Milik,860,2018,07241,Meteran,10141706106248,,ARJASARI,107.6395013,-7.0499314,320416,,3204162001,ARJASARI,c08015768c15094a9c7f1a6a28a72bff,"['nib:07241', 'persilpasifid:78441938539c9f2fe053021d0b0aca2e', 'nomor:10141706106248', 'geometry:c08015768c15094a9c7f1a6a28a72bff']",nib:07241
7844193853AB9F2FE053021D0B0ACA2E,,Hak Milik,21,2018,07264,Meteran,10141706106205,,ARJASARI,107.6395013,-7.0468111,320416,,3204162001,ARJASARI,b42f1a21743a908bda25a1fdd1e84ffe,"['nib:07264', 'persilpasifid:7844193853ab9f2fe053021d0b0aca2e', 'nomor:10141706106205', 'geometry:b42f1a21743a908bda25a1fdd1e84ffe']",nib:07264
E794D62CF2E6E184E040A8C0100145AA,,Hak Milik,423,2014,01806,,10141706100719,,ARJASARI,107.6395013,-7.0661569,320416,,3204162001,ARJASARI,7e96a2225df92fc3d8fc3c2168b30d81,"['nib:01806', 'persilpasifid:e794d62cf2e6e184e040a8c0100145aa', 'nomor:10141706100719', 'geometry:7e96a2225df92fc3d8fc3c2168b30d81']",nib:01806
6B4D791CDF69FE76E053031D0B0A0242,,Hak Milik,303,2018,03346,Meteran,10141706101664,,ARJASARI,107.6395013,-7.0661569,320416,,3204162001,ARJASARI,8e684863cce47690daa30cdc5dffd3a8,"['nib:03346', 'persilpasifid:6b4d791cdf69fe76e053031d0b0a0242', 'nomor:10141706101664', 'geometry:8e684863cce47690daa30cdc5dffd3a8']",nib:03346
6CC200F38F7D8C06E053141D0B0AA149,,Hak Milik,299,2018,03538,Meteran,10141706102256,,ARJASARI,107.6401301,-7.068653,320416,,3204162001,ARJASARI,ad48151a3be8d975b64eb9ed502ffc35,"['nib:03538', 'persilpasifid:6cc200f38f7d8c06e053141d0b0aa149', 'nomor:10141706102256', 'geometry:ad48151a3be8d975b64eb9ed502ffc35']",nib:03538
6CC200F38F838C06E053141D0B0AA149,,Hak Milik,486,2018,03544,Meteran,10141706104586,,ARJASARI,107.6401301,-7.0692771,320416,,3204162001,ARJASARI,415b07d9dce44d914a3f68b04abba1ca,"['nib:03544', 'persilpasifid:6cc200f38f838c06e053141d0b0aa149', 'nomor:10141706104586', 'geometry:415b07d9dce44d914a3f68b04abba1ca']",nib:03544
6D043E17E2996A69E053021D0B0A554F,,Hak Milik,6626,2018,03747,Meteran,10141706105715,,ARJASARI,107.6401301,-7.0717732,320416,,3204162001,ARJASARI,1e34842129e2af8c604464445061edb8,"['nib:03747', 'persilpasifid:6d043e17e2996a69e053021d0b0a554f', 'nomor:10141706105715', 'geometry:1e34842129e2af8c604464445061edb8']",nib:03747
6B4D791CDF67FE76E053031D0B0A0242,,Hak Milik,376,2018,03296,Meteran,10141706102248,,ARJASARI,107.6401301,-7.0705252,320416,,3204162001,ARJASARI,3d0004355dbfb7305205696ca58e2eea,"['nib:03296', 'persilpasifid:6b4d791cdf67fe76e053031d0b0a0242', 'nomor:10141706102248', 'geometry:3d0004355dbfb7305205696ca58e2eea']",nib:03296
6B4D791CDEF5FE76E053031D0B0A0242,,Hak Milik,1248,2018,03201,Meteran,10141706104512,,ARJASARI,107.6401301,-7.0655328,320416,,3204162001,ARJASARI,cd7a7f63e7ee2834d1cf5bd85a47ed50,"['nib:03201', 'persilpasifid:6b4d791cdef5fe76e053031d0b0a0242', 'nomor:10141706104512', 'geometry:cd7a7f63e7ee2834d1cf5bd85a47ed50']",nib:03201
784728ABDD8324DEE053131D0B0AA8C3,,Hak Milik,250,2018,07357,Meteran,10141706105077,,ARJASARI,107.6401301,-7.0536758,320416,,3204162001,ARJASARI,936e3afedcf53f26de8b48a5fcfc8267,"['nib:07357', 'persilpasifid:784728abdd8324dee053131d0b0aa8c3', 'nomor:10141706105077', 'geometry:936e3afedcf53f26de8b48a5fcfc8267']",nib:07357
6CC200F38F9E8C06E053141D0B0AA149,,Hak Milik,386,2018,03571,Meteran,10141706102245,,ARJASARI,107.6401301,-7.0674049,320416,,3204162001,ARJASARI,781736c5a2b537f1b59111f53e964563,"['nib:03571', 'persilpasifid:6cc200f38f9e8c06e053141d0b0aa149', 'nomor:10141706102245', 'geometry:781736c5a2b537f1b59111f53e964563']",nib:03571
70B571DAFE0D8998E053031D0B0A342A,,Hak Milik,954,2018,04603,Meteran,10141706103074,,ARJASARI,107.6407589,-7.0767655,320416,,3204162001,ARJASARI,a28b104132fc790759c8038ec80ec51f,"['nib:04603', 'persilpasifid:70b571dafe0d8998e053031d0b0a342a', 'nomor:10141706103074', 'geometry:a28b104132fc790759c8038ec80ec51f']",nib:04603
6CC200F38FA98C06E053141D0B0AA149,,Hak Milik,546,2018,03582,Meteran,10141706105780,,ARJASARI,107.6407589,-7.0667809,320416,,3204162001,ARJASARI,9ff9125769f1d932f74bc56620d27757,"['nib:03582', 'persilpasifid:6cc200f38fa98c06e053141d0b0aa149', 'nomor:10141706105780', 'geometry:9ff9125769f1d932f74bc56620d27757']",nib:03582
6CC200F38FAB8C06E053141D0B0AA149,,Hak Milik,462,2018,03584,Meteran,10141706105781,,ARJASARI,107.6407589,-7.0649088,320416,,3204162001,ARJASARI,b349251ebc0ec327981b0e123cfbf1c9,"['nib:03584', 'persilpasifid:6cc200f38fab8c06e053141d0b0aa149', 'nomor:10141706105781', 'geometry:b349251ebc0ec327981b0e123cfbf1c9']",nib:03584
70B4EC2BB7C27B2FE053131D0B0A1D09,,Hak Milik,180,2018,04683,,10141706105357,,ARJASARI,107.6407589,-7.0755174,320416,,3204162001,ARJASARI,b396b7e97d398eb3d07db463422e30d9,"['nib:04683', 'persilpasifid:70b4ec2bb7c27b2fe053131d0b0a1d09', 'nomor:10141706105357', 'geometry:b396b7e97d398eb3d07db463422e30d9']",nib:04683
6D043E17E2A16A69E053021D0B0A554F,,Hak Milik,846,2018,03755,Meteran,10141706104576,,ARJASARI,107.6407589,-7.0742694,320416,,3204162001,ARJASARI,602027f00b60a7e6e5225120f4cc7cc2,"['nib:03755', 'persilpasifid:6d043e17e2a16a69e053021d0b0a554f', 'nomor:10141706104576', 'geometry:602027f00b60a7e6e5225120f4cc7cc2']",nib:03755
6CC200F38F918C06E053141D0B0AA149,,Hak Milik,977,2018,03558,Meteran,10141706104098,,ARJASARI,107.6407589,-7.068653,320416,,3204162001,ARJASARI,f3e86e0d22e6dfd936ddb83e5f0be95f,"['nib:03558', 'persilpasifid:6cc200f38f918c06e053141d0b0aa149', 'nomor:10141706104098', 'geometry:f3e86e0d22e6dfd936ddb83e5f0be95f']",nib:03558
6CC200F38FA88C06E053141D0B0AA149,,Hak Milik,777,2018,03581,Meteran,10141706102244,,ARJASARI,107.6407589,-7.0661569,320416,,3204162001,ARJASARI,e05a0da0828906fb4d12f6bd1d48f426,"['nib:03581', 'persilpasifid:6cc200f38fa88c06e053141d0b0aa149', 'nomor:10141706102244', 'geometry:e05a0da0828906fb4d12f6bd1d48f426']",nib:03581
784728ABDD7824DEE053131D0B0AA8C3,,Hak Milik,252,2018,07346,Meteran,10141706104994,,ARJASARI,107.6407589,-7.0530517,320416,,3204162001,ARJASARI,3618f952f4e31ef7ccadc7456b4b0fdd,"['nib:07346', 'persilpasifid:784728abdd7824dee053131d0b0aa8c3', 'nomor:10141706104994', 'geometry:3618f952f4e31ef7ccadc7456b4b0fdd']",nib:07346
746764726C2CE01BE053031D0B0AF189,,Hak Milik,259,2018,05413,Meteran,10141706102445,,ARJASARI,107.6407589,-7.0536758,320416,,3204162001,ARJASARI,9bf471b43c2beb5c2483720ade266feb,"['nib:05413', 'persilpasifid:746764726c2ce01be053031d0b0af189', 'nomor:10141706102445', 'geometry:9bf471b43c2beb5c2483720ade266feb']",nib:05413
78F2C2229EB176EFE053031D0B0A0704,,Hak Milik,1206,2018,07450,Meteran,10141706106221,,ARJASARI,107.6407589,-7.0511795,320416,,3204162001,ARJASARI,230b4733d8285574ef3c54c2048f63fe,"['nib:07450', 'persilpasifid:78f2c2229eb176efe053031d0b0a0704', 'nomor:10141706106221', 'geometry:230b4733d8285574ef3c54c2048f63fe']",nib:07450
746764726C28E01BE053031D0B0AF189,,Hak Milik,305,2018,05409,Meteran,10141706102448,,ARJASARI,107.6407589,-7.0542999,320416,,3204162001,ARJASARI,51c5eb474e7f85cffc0ecf73333bba2c,"['nib:05409', 'persilpasifid:746764726c28e01be053031d0b0af189', 'nomor:10141706102448', 'geometry:51c5eb474e7f85cffc0ecf73333bba2c']",nib:05409
786B1B6821CC1561E053021D0B0A26E9,,Hak Milik,2284,2018,07431,Meteran,10141706105199,,ARJASARI,107.6407589,-7.0493073,320416,,3204162001,ARJASARI,b2c4f34b8b2f41bf3d186df0be0fc061,"['nib:07431', 'persilpasifid:786b1b6821cc1561e053021d0b0a26e9', 'nomor:10141706105199', 'geometry:b2c4f34b8b2f41bf3d186df0be0fc061']",nib:07431
75bea59ebd7744579d157b04a41997b7,,Hak Milik,2085,2003,,,10141703100127,,ARJASARI,107.6413877,-7.0873739,320416,,3204162001,ARJASARI,c3ef2bcbf6ddef1e8fbd0b2a649a6965,"['persilpasifid:75bea59ebd7744579d157b04a41997b7', 'nomor:10141703100127', 'geometry:c3ef2bcbf6ddef1e8fbd0b2a649a6965']",persilpasifid:75bea59ebd7744579d157b04a41997b7
197b88d56ba74c2d9f46e5569c62ab14,,Hak Milik,640,1979,,,10141703100024,,ARJASARI,107.6413877,-7.0823817,320416,,3204162001,ARJASARI,5ffb6b00955753795ca7125138ceb053,"['persilpasifid:197b88d56ba74c2d9f46e5569c62ab14', 'nomor:10141703100024', 'geometry:5ffb6b00955753795ca7125138ceb053']",persilpasifid:197b88d56ba74c2d9f46e5569c62ab14
70B62F0A8EBF6B6BE053031D0B0A7903,,Hak Milik,1009,2018,04985,Meteran,10141706103406,,ARJASARI,107.6413877,-7.0811337,320416,,3204162001,ARJASARI,56c0d5b39f10178ba77f2465eb190593,"['nib:04985', 'persilpasifid:70b62f0a8ebf6b6be053031d0b0a7903', 'nomor:10141706103406', 'geometry:56c0d5b39f10178ba77f2465eb190593']",nib:04985
70B6646C2DF46B5FE053031D0B0A7815,,Hak Milik,1036,2018,04978,Meteran,10141706103413,,ARJASARI,107.6413877,-7.0805097,320416,,3204162001,ARJASARI,f523d17153b33225bdaac8beac020701,"['nib:04978', 'persilpasifid:70b6646c2df46b5fe053031d0b0a7815', 'nomor:10141706103413', 'geometry:f523d17153b33225bdaac8beac020701']",nib:04978
94009e86b02e4231a3ca8b4fae88372e,,Hak Milik,4260,1980,01496,,10141703100033,,ARJASARI,107.6413877,-7.0792616,320416,,3204162001,ARJASARI,052146d27716a64ccc8394fdb3a3029f,"['nib:01496', 'persilpasifid:94009e86b02e4231a3ca8b4fae88372e', 'nomor:10141703100033', 'geometry:052146d27716a64ccc8394fdb3a3029f']",nib:01496
70B483D8B0AA07D1E053031D0B0AA589,,Hak Milik,1194,2018,04696,Meteran,10141706103134,,ARJASARI,107.6413877,-7.0717732,320416,,3204162001,ARJASARI,d9bc8423a5a035920998ab2ac3bb0777,"['nib:04696', 'persilpasifid:70b483d8b0aa07d1e053031d0b0aa589', 'nomor:10141706103134', 'geometry:d9bc8423a5a035920998ab2ac3bb0777']",nib:04696
0C4BD58850B31166E063B416140ACAD6,,Kosong,1947,,,,,0.5,ARJASARI,107.6413877,-7.0711492,320416,,3204162001,ARJASARI,510071c9bfb1bee8266926f5cd92b8ad,"['persilpasifid:0c4bd58850b31166e063b416140acad6', 'geometry:510071c9bfb1bee8266926f5cd92b8ad']",persilpasifid:0c4bd58850b31166e063b416140acad6
70B5614CCB6213A5E053131D0B0AFDC2,,Hak Milik,639,2018,04699,Meteran,10141706103132,,ARJASARI,107.6413877,-7.0723973,320416,,3204162001,ARJASARI,4373929d6c9f443808976813b8c7ac06,"['nib:04699', 'persilpasifid:70b5614ccb6213a5e053131d0b0afdc2', 'nomor:10141706103132', 'geometry:4373929d6c9f443808976813b8c7ac06']",nib:04699
70B571DAFE188998E053031D0B0A342A,,Hak Milik,778,2018,04614,Meteran,10141706103076,,ARJASARI,107.6413877,-7.0767655,320416,,3204162001,ARJASARI,7af84a3ed8ef5903d94b2278e5693114,"['nib:04614', 'persilpasifid:70b571dafe188998e053031d0b0a342a', 'nomor:10141706103076', 'geometry:7af84a3ed8ef5903d94b2278e5693114']",nib:04614
70B571DAFE128998E053031D0B0A342A,,Hak Milik,997,2018,04608,Meteran,10141706103070,,ARJASARI,107.6413877,-7.0773895,320416,,3204162001,ARJASARI,5c8b1c8b0d06907cd28ed156a471ff5b,"['nib:04608', 'persilpasifid:70b571dafe128998e053031d0b0a342a', 'nomor:10141706103070', 'geometry:5c8b1c8b0d06907cd28ed156a471ff5b']",nib:04608
6CC200F38F5C8C06E053141D0B0AA149,,Hak Milik,1111,2018,03505,Meteran,10141706101790,,ARJASARI,107.6413877,-7.0667809,320416,,3204162001,ARJASARI,bd90c5c5f91b7acd328613f68c823c35,"['nib:03505', 'persilpasifid:6cc200f38f5c8c06e053141d0b0aa149', 'nomor:10141706101790', 'geometry:bd90c5c5f91b7acd328613f68c823c35']",nib:03505
6A1D09E2779F31BBE053141D0B0A3356,,Hak Milik,586,2018,03139,Meteran,10141706105584,,ARJASARI,107.6413877,-7.0642847,320416,,3204162001,ARJASARI,a28b89b3a94c3a64c16bf3dfd23850ce,"['nib:03139', 'persilpasifid:6a1d09e2779f31bbe053141d0b0a3356', 'nomor:10141706105584', 'geometry:a28b89b3a94c3a64c16bf3dfd23850ce']",nib:03139
6CC200F38F658C06E053141D0B0AA149,,Hak Milik,2098,2018,03514,Meteran,10141706101696,,ARJASARI,107.6413877,-7.0661569,320416,,3204162001,ARJASARI,ef8188e4026489b6f3d3d6b322fb1b71,"['nib:03514', 'persilpasifid:6cc200f38f658c06e053141d0b0aa149', 'nomor:10141706101696', 'geometry:ef8188e4026489b6f3d3d6b322fb1b71']",nib:03514
7467671145661AF1E053031D0B0A9139,,Hak Milik,370,2018,05558,Meteran,10141706102400,,ARJASARI,107.6413877,-7.0542999,320416,,3204162001,ARJASARI,07fd88f96162db9145384e0af337c698,"['nib:05558', 'persilpasifid:7467671145661af1e053031d0b0a9139', 'nomor:10141706102400', 'geometry:07fd88f96162db9145384e0af337c698']",nib:05558
5afc3fea7c9c4134af4538a00c27c816,,Hak Milik,1540,1979,,,10141703100020,,ARJASARI,107.6420166,-7.0823817,320416,,3204162001,ARJASARI,40851868f071481e821e5d844f09b3e1,"['persilpasifid:5afc3fea7c9c4134af4538a00c27c816', 'nomor:10141703100020', 'geometry:40851868f071481e821e5d844f09b3e1']",persilpasifid:5afc3fea7c9c4134af4538a00c27c816
a08c567712ec45e29295c88889ea06c6,,Hak Milik,1455,1979,,,10141703100012,,ARJASARI,107.6420166,-7.0811337,320416,,3204162001,ARJASARI,a1d2f7a7b9edf67b8f58e00816d78df4,"['persilpasifid:a08c567712ec45e29295c88889ea06c6', 'nomor:10141703100012', 'geometry:a1d2f7a7b9edf67b8f58e00816d78df4']",persilpasifid:a08c567712ec45e29295c88889ea06c6
75042031D7C38F77E053141D0B0A931F,,Hak Milik,803,2018,05818,Meteran,10141706103275,,ARJASARI,107.6420166,-7.0817577,320416,,3204162001,ARJASARI,6c5d0d5dda326510efba723f89e55a80,"['nib:05818', 'persilpasifid:75042031d7c38f77e053141d0b0a931f', 'nomor:10141706103275', 'geometry:6c5d0d5dda326510efba723f89e55a80']",nib:05818
70B62F0A8EC16B6BE053031D0B0A7903,,Hak Milik,933,2018,04987,Meteran,10141706103235,,ARJASARI,107.6420166,-7.0805097,320416,,3204162001,ARJASARI,926e09dd169bbbac454dc253d01a80ba,"['nib:04987', 'persilpasifid:70b62f0a8ec16b6be053031d0b0a7903', 'nomor:10141706103235', 'geometry:926e09dd169bbbac454dc253d01a80ba']",nib:04987
99196a1a7f194656b591bf493316fee7,,Hak Milik,1250,1980,,,10141703100031,,ARJASARI,107.6420166,-7.0792616,320416,,3204162001,ARJASARI,5f212a550674d5a22a0004fa7f6390cd,"['persilpasifid:99196a1a7f194656b591bf493316fee7', 'nomor:10141703100031', 'geometry:5f212a550674d5a22a0004fa7f6390cd']",persilpasifid:99196a1a7f194656b591bf493316fee7
70B56FCEE94A43DEE053021D0B0AF211,,Hak Milik,747,2018,04637,Meteran,10141706103063,,ARJASARI,107.6420166,-7.0786376,320416,,3204162001,ARJASARI,ae29d8edf500c1f0bc294f9dc5984a2b,"['nib:04637', 'persilpasifid:70b56fcee94a43dee053021d0b0af211', 'nomor:10141706103063', 'geometry:ae29d8edf500c1f0bc294f9dc5984a2b']",nib:04637
70B561BAE3461F0AE053141D0B0AB34E,,Hak Milik,892,2018,04813,Meteran,10141706103239,,ARJASARI,107.6420166,-7.0736453,320416,,3204162001,ARJASARI,4044c346b6a696f8eec0a0541c5c3148,"['nib:04813', 'persilpasifid:70b561bae3461f0ae053141d0b0ab34e', 'nomor:10141706103239', 'geometry:4044c346b6a696f8eec0a0541c5c3148']",nib:04813
70B483D8B0AC07D1E053031D0B0AA589,,Hak Milik,986,2018,04700,Meteran,10141706103138,,ARJASARI,107.6420166,-7.0723973,320416,,3204162001,ARJASARI,8765b8eac9ffe4d2765ae5e6adbf7530,"['nib:04700', 'persilpasifid:70b483d8b0ac07d1e053031d0b0aa589', 'nomor:10141706103138', 'geometry:8765b8eac9ffe4d2765ae5e6adbf7530']",nib:04700
6CC200F38FAC8C06E053141D0B0AA149,,Hak Milik,942,2018,03587,Meteran,10141706105784,,ARJASARI,107.6420166,-7.0649088,320416,,3204162001,ARJASARI,0427ec37f5883608b1335d4f8ec13829,"['nib:03587', 'persilpasifid:6cc200f38fac8c06e053141d0b0aa149', 'nomor:10141706105784', 'geometry:0427ec37f5883608b1335d4f8ec13829']",nib:03587
70B638A0B43F170BE053131D0B0A926A,,Hak Milik,622,2018,04841,Meteran,10141706105321,,ARJASARI,107.6420166,-7.0711492,320416,,3204162001,ARJASARI,e999e03ec93ab7650405480489e23200,"['nib:04841', 'persilpasifid:70b638a0b43f170be053131d0b0a926a', 'nomor:10141706105321', 'geometry:e999e03ec93ab7650405480489e23200']",nib:04841
6CC200F38F998C06E053141D0B0AA149,,Hak Milik,1219,2018,03566,Meteran,10141706101794,,ARJASARI,107.6420166,-7.068029,320416,,3204162001,ARJASARI,2f9542a2e6024417b454c5856c567727,"['nib:03566', 'persilpasifid:6cc200f38f998c06e053141d0b0aa149', 'nomor:10141706101794', 'geometry:2f9542a2e6024417b454c5856c567727']",nib:03566
70B5614CCB5E13A5E053131D0B0AFDC2,,Hak Milik,977,2018,04693,Meteran,10141706103420,,ARJASARI,107.6420166,-7.0717732,320416,,3204162001,ARJASARI,90306e0f1953000a8c2f8dc23019bab8,"['nib:04693', 'persilpasifid:70b5614ccb5e13a5e053131d0b0afdc2', 'nomor:10141706103420', 'geometry:90306e0f1953000a8c2f8dc23019bab8']",nib:04693
70B5614CCB5F13A5E053131D0B0AFDC2,,Hak Milik,1199,2018,04694,Meteran,10141706103136,,ARJASARI,107.6420166,-7.0717732,320416,,3204162001,ARJASARI,8fbeb7962a45cf2ff75459a2bfd4726e,"['nib:04694', 'persilpasifid:70b5614ccb5f13a5e053131d0b0afdc2', 'nomor:10141706103136', 'geometry:8fbeb7962a45cf2ff75459a2bfd4726e']",nib:04694
692C4346045C3F4EE053141D0B0A2F8F,,Hak Milik,414,2018,02764,Meteran,10141706101357,,ARJASARI,107.6420166,-7.0511795,320416,,3204162001,ARJASARI,9c78621493d950d92674ad0fac1727ea,"['nib:02764', 'persilpasifid:692c4346045c3f4ee053141d0b0a2f8f', 'nomor:10141706101357', 'geometry:9c78621493d950d92674ad0fac1727ea']",nib:02764
746764726C39E01BE053031D0B0AF189,,Hak Milik,601,2018,05426,Meteran,10141706102453,,ARJASARI,107.6420166,-7.0542999,320416,,3204162001,ARJASARI,658f92dc7af114af5ec36b6a5ac77b73,"['nib:05426', 'persilpasifid:746764726c39e01be053031d0b0af189', 'nomor:10141706102453', 'geometry:658f92dc7af114af5ec36b6a5ac77b73']",nib:05426
74676711451D1AF1E053031D0B0A9139,,Hak Milik,1383,2018,05459,Meteran,10141706102395,,ARJASARI,107.6420166,-7.055548,320416,,3204162001,ARJASARI,eabd9d270c63352157766cac09ba4936,"['nib:05459', 'persilpasifid:74676711451d1af1e053031d0b0a9139', 'nomor:10141706102395', 'geometry:eabd9d270c63352157766cac09ba4936']",nib:05459
7841F2361A0DC413E053021D0B0AB4D1,,Hak Milik,4962,2018,07196,Meteran,10141706106123,,ARJASARI,107.6420166,-7.0493073,320416,,3204162001,ARJASARI,9e4a89b318dbd6cd8939cd2154595f84,"['nib:07196', 'persilpasifid:7841f2361a0dc413e053021d0b0ab4d1', 'nomor:10141706106123', 'geometry:9e4a89b318dbd6cd8939cd2154595f84']",nib:07196
692BC177F3A94739E053031D0B0AB5B4,,Hak Milik,487,2018,02752,Meteran,10141706101370,,ARJASARI,107.6420166,-7.0499314,320416,,3204162001,ARJASARI,dd3bb5f89f75cec02ea9623638b0e6a2,"['nib:02752', 'persilpasifid:692bc177f3a94739e053031d0b0ab5b4', 'nomor:10141706101370', 'geometry:dd3bb5f89f75cec02ea9623638b0e6a2']",nib:02752
70252B049CA5D345E053031D0B0A818C,,Hak Milik,1000,2018,04164,Meteran,10141706102616,,ARJASARI,107.6426454,-7.0879979,320416,,3204162001,ARJASARI,fa8cf2f288863c15d20f515a2e930114,"['nib:04164', 'persilpasifid:70252b049ca5d345e053031d0b0a818c', 'nomor:10141706102616', 'geometry:fa8cf2f288863c15d20f515a2e930114']",nib:04164
6B617414B9644AD6E053131D0B0AD83E,,Hak Milik,1072,2018,03431,Meteran,10141706102568,,ARJASARI,107.6426454,-7.091118,320416,,3204162001,ARJASARI,256b697d5ba4cc6888961159d9e7c94f,"['nib:03431', 'persilpasifid:6b617414b9644ad6e053131d0b0ad83e', 'nomor:10141706102568', 'geometry:256b697d5ba4cc6888961159d9e7c94f']",nib:03431
702746CB3821A780E053131D0B0AB811,,Hak Milik,639,2018,04360,Meteran,10141706102903,,ARJASARI,107.6426454,-7.0817577,320416,,3204162001,ARJASARI,459043d1e2f985673582bd5226c26eaa,"['nib:04360', 'persilpasifid:702746cb3821a780e053131d0b0ab811', 'nomor:10141706102903', 'geometry:459043d1e2f985673582bd5226c26eaa']",nib:04360
702843220798884DE053021D0B0A31E4,,Hak Milik,1019,2018,04352,Meteran,10141706102895,,ARJASARI,107.6426454,-7.0830058,320416,,3204162001,ARJASARI,c2f28bfff1e0d999b04b7c77be25b3c2,"['nib:04352', 'persilpasifid:702843220798884de053021d0b0a31e4', 'nomor:10141706102895', 'geometry:c2f28bfff1e0d999b04b7c77be25b3c2']",nib:04352
7028432207A4884DE053021D0B0A31E4,,Hak Milik,1089,2018,04356,Meteran,10141706102900,,ARJASARI,107.6426454,-7.0823817,320416,,3204162001,ARJASARI,d85a240a9e50e0cfcba262c5d01f4faa,"['nib:04356', 'persilpasifid:7028432207a4884de053021d0b0a31e4', 'nomor:10141706102900', 'geometry:d85a240a9e50e0cfcba262c5d01f4faa']",nib:04356
702830775DFBD750E053031D0B0A0352,,Hak Milik,755,2018,04375,Meteran,10141706102966,,ARJASARI,107.6426454,-7.0811337,320416,,3204162001,ARJASARI,9e05127f88d0b582eac03b15690fbc67,"['nib:04375', 'persilpasifid:702830775dfbd750e053031d0b0a0352', 'nomor:10141706102966', 'geometry:9e05127f88d0b582eac03b15690fbc67']",nib:04375
7028348CD7110EFAE053131D0B0AB6F0,,Hak Milik,498,2018,04408,Meteran,10141706102990,,ARJASARI,107.6426454,-7.0798856,320416,,3204162001,ARJASARI,ebf6ffc89c418d99f4303d16e7ca2ac6,"['nib:04408', 'persilpasifid:7028348cd7110efae053131d0b0ab6f0', 'nomor:10141706102990', 'geometry:ebf6ffc89c418d99f4303d16e7ca2ac6']",nib:04408
70252C2A7E78D343E053031D0B0AF69B,,Hak Milik,1013,2018,04224,Meteran,10141706102753,,ARJASARI,107.6426454,-7.0855018,320416,,3204162001,ARJASARI,3387a223e08b3da7f6a075c5e51af442,"['nib:04224', 'persilpasifid:70252c2a7e78d343e053031d0b0af69b', 'nomor:10141706102753', 'geometry:3387a223e08b3da7f6a075c5e51af442']",nib:04224
70B4EC2BB7D47B2FE053131D0B0A1D09,,Hak Milik,901,2018,04808,Meteran,10141706103289,,ARJASARI,107.6426454,-7.0717732,320416,,3204162001,ARJASARI,46baa164abf072b8b014b5f7952cb155,"['nib:04808', 'persilpasifid:70b4ec2bb7d47b2fe053131d0b0a1d09', 'nomor:10141706103289', 'geometry:46baa164abf072b8b014b5f7952cb155']",nib:04808
70B5AE7C1A0ADFF6E053021D0B0A7DF1,,Hak Milik,838,2018,04812,Meteran,10141706103238,,ARJASARI,107.6426454,-7.0736453,320416,,3204162001,ARJASARI,b1fc446c4e2e4f5b345abf4aecf278be,"['nib:04812', 'persilpasifid:70b5ae7c1a0adff6e053021d0b0a7df1', 'nomor:10141706103238', 'geometry:b1fc446c4e2e4f5b345abf4aecf278be']",nib:04812
70B638A0B440170BE053131D0B0A926A,,Hak Milik,717,2018,04842,Meteran,10141706103300,,ARJASARI,107.6426454,-7.0711492,320416,,3204162001,ARJASARI,ee090101ad3f557e601ebcffd8f95df3,"['nib:04842', 'persilpasifid:70b638a0b440170be053131d0b0a926a', 'nomor:10141706103300', 'geometry:ee090101ad3f557e601ebcffd8f95df3']",nib:04842
70B571DAFE288998E053031D0B0A342A,,Hak Milik,848,2018,04656,Meteran,10141706103098,,ARJASARI,107.6426454,-7.0748934,320416,,3204162001,ARJASARI,7ce05d495c3e0009f9df9455fe668ba4,"['nib:04656', 'persilpasifid:70b571dafe288998e053031d0b0a342a', 'nomor:10141706103098', 'geometry:7ce05d495c3e0009f9df9455fe668ba4']",nib:04656
787E7DA34D28263FE053141D0B0AC153,,Hak Milik,1129,2018,07438,Meteran,10141706105218,,ARJASARI,107.6426454,-7.068653,320416,,3204162001,ARJASARI,ca1b01f6a74bf4667301424919159ebf,"['nib:07438', 'persilpasifid:787e7da34d28263fe053141d0b0ac153', 'nomor:10141706105218', 'geometry:ca1b01f6a74bf4667301424919159ebf']",nib:07438
70B638A0B433170BE053131D0B0A926A,,Hak Milik,1088,2018,04825,Meteran,10141706103339,,ARJASARI,107.6426454,-7.0667809,320416,,3204162001,ARJASARI,597eccfcc18b5772ff81b377b855ecb5,"['nib:04825', 'persilpasifid:70b638a0b433170be053131d0b0a926a', 'nomor:10141706103339', 'geometry:597eccfcc18b5772ff81b377b855ecb5']",nib:04825
70282C80294E4FFFE053131D0B0AB356,,Hak Milik,706,2018,04397,Meteran,10141706102982,,ARJASARI,107.6426454,-7.0805097,320416,,3204162001,ARJASARI,fb2a556f84bedca70d9c0821498814e1,"['nib:04397', 'persilpasifid:70282c80294e4fffe053131d0b0ab356', 'nomor:10141706102982', 'geometry:fb2a556f84bedca70d9c0821498814e1']",nib:04397
70282E0A918B7788E053031D0B0AD750,,Hak Milik,700,2018,04396,Meteran,10141706105544,,ARJASARI,107.6426454,-7.0805097,320416,,3204162001,ARJASARI,10723fca7409a22ac64c2ecfda1f1f83,"['nib:04396', 'persilpasifid:70282e0a918b7788e053031d0b0ad750', 'nomor:10141706105544', 'geometry:10723fca7409a22ac64c2ecfda1f1f83']",nib:04396
6B617414B96A4AD6E053131D0B0AD83E,,Hak Milik,1019,2018,03440,Meteran,10141706102577,,ARJASARI,107.6426454,-7.090494,320416,,3204162001,ARJASARI,5f74e64291822fdd3f947510353dce7e,"['nib:03440', 'persilpasifid:6b617414b96a4ad6e053131d0b0ad83e', 'nomor:10141706102577', 'geometry:5f74e64291822fdd3f947510353dce7e']",nib:03440
7841F2361A08C413E053021D0B0AB4D1,,Hak Milik,855,2018,07191,Meteran,10141706105106,,ARJASARI,107.6426454,-7.0486833,320416,,3204162001,ARJASARI,00790bac6192c0468032bd380e3daf75,"['nib:07191', 'persilpasifid:7841f2361a08c413e053021d0b0ab4d1', 'nomor:10141706105106', 'geometry:00790bac6192c0468032bd380e3daf75']",nib:07191
78422E9D64044680E053141D0B0AC09E,,Hak Milik,576,2018,07118,Meteran,10141706106037,,ARJASARI,107.6426454,-7.0443148,320416,,3204162001,ARJASARI,15da3d3b21f2f6a3d58c8ef40c0ca38d,"['nib:07118', 'persilpasifid:78422e9d64044680e053141d0b0ac09e', 'nomor:10141706106037', 'geometry:15da3d3b21f2f6a3d58c8ef40c0ca38d']",nib:07118
6B61AE0577B6DA7FE053031D0B0A6759,,Hak Milik,1040,2018,03433,Meteran,10141706102570,,ARJASARI,107.6432742,-7.091118,320416,,3204162001,ARJASARI,c0bc16b41e63957b826b912641bf0512,"['nib:03433', 'persilpasifid:6b61ae0577b6da7fe053031d0b0a6759', 'nomor:10141706102570', 'geometry:c0bc16b41e63957b826b912641bf0512']",nib:03433
7024BFE52C259E11E053021D0B0A2F0E,,Hak Milik,1002,2018,04180,Meteran,10141706102632,,ARJASARI,107.6432742,-7.0867499,320416,,3204162001,ARJASARI,d594580101db9ed8b46cc498eb55da42,"['nib:04180', 'persilpasifid:7024bfe52c259e11e053021d0b0a2f0e', 'nomor:10141706102632', 'geometry:d594580101db9ed8b46cc498eb55da42']",nib:04180
70252B049CA9D345E053031D0B0A818C,,Hak Milik,1011,2018,04172,Meteran,10141706102624,,ARJASARI,107.6432742,-7.0873739,320416,,3204162001,ARJASARI,56ea7ce84d874a64e13d76dc0049c7bc,"['nib:04172', 'persilpasifid:70252b049ca9d345e053031d0b0a818c', 'nomor:10141706102624', 'geometry:56ea7ce84d874a64e13d76dc0049c7bc']",nib:04172
702528DD4E52D349E053031D0B0A8302,,Hak Milik,1002,2018,,Meteran,10141706102618,,ARJASARI,107.6432742,-7.0879979,320416,,3204162001,ARJASARI,c7c478fd594747c2fb86271a5eaa00d8,"['persilpasifid:702528dd4e52d349e053031d0b0a8302', 'nomor:10141706102618', 'geometry:c7c478fd594747c2fb86271a5eaa00d8']",persilpasifid:702528dd4e52d349e053031d0b0a8302
6B616A1601512B77E053031D0B0A17D5,,Hak Milik,1144,2018,03464,Meteran,10141706102598,,ARJASARI,107.6432742,-7.0892459,320416,,3204162001,ARJASARI,c677bb844adc8f96a2055ec93f40186e,"['nib:03464', 'persilpasifid:6b616a1601512b77e053031d0b0a17d5', 'nomor:10141706102598', 'geometry:c677bb844adc8f96a2055ec93f40186e']",nib:03464
70252C2A7E89D343E053031D0B0AF69B,,Hak Milik,903,2018,04227,Meteran,10141706102780,,ARJASARI,107.6432742,-7.0855018,320416,,3204162001,ARJASARI,56b3a8cf51926519102ad4592a32899c,"['nib:04227', 'persilpasifid:70252c2a7e89d343e053031d0b0af69b', 'nomor:10141706102780', 'geometry:56b3a8cf51926519102ad4592a32899c']",nib:04227
7028432207E1884DE053021D0B0A31E4,,Hak Milik,737,2018,04425,Meteran,10141706103397,,ARJASARI,107.6432742,-7.0817577,320416,,3204162001,ARJASARI,9903e6d534ece2f60e94aef8b7ab7443,"['nib:04425', 'persilpasifid:7028432207e1884de053021d0b0a31e4', 'nomor:10141706103397', 'geometry:9903e6d534ece2f60e94aef8b7ab7443']",nib:04425
5C6D185C0EB95ACAE053031D0B0A6992,,Hak Milik,1534,2018,02231,,10141706101718,,ARJASARI,107.6432742,-7.0755174,320416,,3204162001,ARJASARI,ca1d074e7b4738aa5419571a6e010441,"['nib:02231', 'persilpasifid:5c6d185c0eb95acae053031d0b0a6992', 'nomor:10141706101718', 'geometry:ca1d074e7b4738aa5419571a6e010441']",nib:02231
70B571DAFE238998E053031D0B0A342A,,Hak Milik,219,2018,04651,Meteran,10141706103100,,ARJASARI,107.6432742,-7.0748934,320416,,3204162001,ARJASARI,d611a66541ea79d9b9c48fe64853025e,"['nib:04651', 'persilpasifid:70b571dafe238998e053031d0b0a342a', 'nomor:10141706103100', 'geometry:d611a66541ea79d9b9c48fe64853025e']",nib:04651
70282EE08054884FE053021D0B0A790A,,Hak Milik,938,2018,04313,Meteran,10141706102864,,ARJASARI,107.6432742,-7.0823817,320416,,3204162001,ARJASARI,d9a8da931b90bef5a11a01054fecceb1,"['nib:04313', 'persilpasifid:70282ee08054884fe053021d0b0a790a', 'nomor:10141706102864', 'geometry:d9a8da931b90bef5a11a01054fecceb1']",nib:04313
702855DE416DF13BE053021D0B0A8174,,Hak Milik,1028,2018,04312,Meteran,10141706102863,,ARJASARI,107.6432742,-7.0823817,320416,,3204162001,ARJASARI,08107a6a79af348e896f849ccc8094d7,"['nib:04312', 'persilpasifid:702855de416df13be053021d0b0a8174', 'nomor:10141706102863', 'geometry:08107a6a79af348e896f849ccc8094d7']",nib:04312
70B561BAE32F1F0AE053141D0B0AB34E,,Hak Milik,1021,2018,04744,Meteran,10141706103184,,ARJASARI,107.6432742,-7.0717732,320416,,3204162001,ARJASARI,56f0f19c3cbdad957e579f065acf80a5,"['nib:04744', 'persilpasifid:70b561bae32f1f0ae053141d0b0ab34e', 'nomor:10141706103184', 'geometry:56f0f19c3cbdad957e579f065acf80a5']",nib:04744
70B571DAFE308998E053031D0B0A342A,,Hak Milik,1038,2018,04667,Meteran,10141706103122,,ARJASARI,107.6432742,-7.0736453,320416,,3204162001,ARJASARI,e2208ed0b0bb530d5bcbaa4af95796f9,"['nib:04667', 'persilpasifid:70b571dafe308998e053031d0b0a342a', 'nomor:10141706103122', 'geometry:e2208ed0b0bb530d5bcbaa4af95796f9']",nib:04667
70B638A0B430170BE053131D0B0A926A,,Hak Milik,780,2018,04822,Meteran,10141706103337,,ARJASARI,107.6432742,-7.0674049,320416,,3204162001,ARJASARI,4cb919de55d7cff92452821c5c69dc51,"['nib:04822', 'persilpasifid:70b638a0b430170be053131d0b0a926a', 'nomor:10141706103337', 'geometry:4cb919de55d7cff92452821c5c69dc51']",nib:04822
70B5E93321F51737E053131D0B0A88B1,,Hak Milik,1102,2018,04904,Meteran,10141706103421,,ARJASARI,107.6432742,-7.068029,320416,,3204162001,ARJASARI,7101a9372c4da0942e0afcd92eacd8d5,"['nib:04904', 'persilpasifid:70b5e93321f51737e053131d0b0a88b1', 'nomor:10141706103421', 'geometry:7101a9372c4da0942e0afcd92eacd8d5']",nib:04904
70B638A0B435170BE053131D0B0A926A,,Hak Milik,1003,2018,04827,Meteran,10141706103342,,ARJASARI,107.6432742,-7.0667809,320416,,3204162001,ARJASARI,97b37f7a0d2bad8a5351e9346782b912,"['nib:04827', 'persilpasifid:70b638a0b435170be053131d0b0a926a', 'nomor:10141706103342', 'geometry:97b37f7a0d2bad8a5351e9346782b912']",nib:04827
702830775E3FD750E053031D0B0A0352,,Hak Milik,657,2018,04411,Meteran,10141706102992,,ARJASARI,107.6432742,-7.0798856,320416,,3204162001,ARJASARI,6689761c8873282741b39b29c9e70112,"['nib:04411', 'persilpasifid:702830775e3fd750e053031d0b0a0352', 'nomor:10141706102992', 'geometry:6689761c8873282741b39b29c9e70112']",nib:04411
70B5614CCB6D13A5E053131D0B0AFDC2,,Hak Wakaf,737,2023,04760,,10141706800138,,ARJASARI,107.6432742,-7.0705252,320416,,3204162001,ARJASARI,fbebfd1d386b35ff2b09a0cbbea1da69,"['nib:04760', 'persilpasifid:70b5614ccb6d13a5e053131d0b0afdc2', 'nomor:10141706800138', 'geometry:fbebfd1d386b35ff2b09a0cbbea1da69']",nib:04760
702855DE4164F13BE053021D0B0A8174,,Hak Milik,1003,2018,04301,Meteran,10141706102852,,ARJASARI,107.6432742,-7.0830058,320416,,3204162001,ARJASARI,81e8eb6a3c4585b04cc95dfba293e4ea,"['nib:04301', 'persilpasifid:702855de4164f13be053021d0b0a8174', 'nomor:10141706102852', 'geometry:81e8eb6a3c4585b04cc95dfba293e4ea']",nib:04301
7028348CD7100EFAE053131D0B0AB6F0,,Hak Milik,789,2018,04398,Meteran,10141706105545,,ARJASARI,107.6432742,-7.0805097,320416,,3204162001,ARJASARI,fdbe657aea1cf259a25821b9f4a9d228,"['nib:04398', 'persilpasifid:7028348cd7100efae053131d0b0ab6f0', 'nomor:10141706105545', 'geometry:fdbe657aea1cf259a25821b9f4a9d228']",nib:04398
749F7CAF127A9158E053141D0B0A6E45,,Hak Milik,1616,2018,05569,Meteran,10141706103034,,ARJASARI,107.6432742,-7.0530517,320416,,3204162001,ARJASARI,d24b2e26d3f1f513e6e8d657a2e5f31c,"['nib:05569', 'persilpasifid:749f7caf127a9158e053141d0b0a6e45', 'nomor:10141706103034', 'geometry:d24b2e26d3f1f513e6e8d657a2e5f31c']",nib:05569
692C3D96BF5EAB65E053021D0B0AE615,,Hak Milik,218,2018,02806,Meteran,10141706101343,,ARJASARI,107.6432742,-7.0511795,320416,,3204162001,ARJASARI,4b20136f541ae7cf0dc96caac0ef2839,"['nib:02806', 'persilpasifid:692c3d96bf5eab65e053021d0b0ae615', 'nomor:10141706101343', 'geometry:4b20136f541ae7cf0dc96caac0ef2839']",nib:02806
692BCEBDE782E399E053021D0B0A6E7B,,Hak Milik,332,2018,02834,Meteran,10141706102134,,ARJASARI,107.6432742,-7.0505555,320416,,3204162001,ARJASARI,7148606ec33894bbde8f94c2c732cacf,"['nib:02834', 'persilpasifid:692bcebde782e399e053021d0b0a6e7b', 'nomor:10141706102134', 'geometry:7148606ec33894bbde8f94c2c732cacf']",nib:02834
DC94E4BA5E29271DE0530C1D140AECC8,,Hak Milik,143,2022,,,10141706106537,,ARJASARI,107.6432742,-7.0524277,320416,,3204162001,ARJASARI,e56ea60672e02cae201bfd042189d94a,"['persilpasifid:dc94e4ba5e29271de0530c1d140aecc8', 'nomor:10141706106537', 'geometry:e56ea60672e02cae201bfd042189d94a']",persilpasifid:dc94e4ba5e29271de0530c1d140aecc8
7467671145311AF1E053031D0B0A9139,,Hak Milik,217,2018,05484,Meteran,10141706102440,,ARJASARI,107.6432742,-7.0549239,320416,,3204162001,ARJASARI,4fc3ccf261cb8963eae983171558d980,"['nib:05484', 'persilpasifid:7467671145311af1e053031d0b0a9139', 'nomor:10141706102440', 'geometry:4fc3ccf261cb8963eae983171558d980']",nib:05484
692BCEBDE786E399E053021D0B0A6E7B,,Hak Milik,265,2018,02838,Meteran,10141706103779,,ARJASARI,107.6432742,-7.0499314,320416,,3204162001,ARJASARI,d3d2c2ae8d8fe6720d4ecf053d6b4a4b,"['nib:02838', 'persilpasifid:692bcebde786e399e053021d0b0a6e7b', 'nomor:10141706103779', 'geometry:d3d2c2ae8d8fe6720d4ecf053d6b4a4b']",nib:02838
70252C2A7E5AD343E053031D0B0AF69B,,Hak Milik,1000,2018,04150,Meteran,10141706105287,,ARJASARI,107.643903,-7.0879979,320416,,3204162001,ARJASARI,c50531713685d77f25d61f4576b7d927,"['nib:04150', 'persilpasifid:70252c2a7e5ad343e053031d0b0af69b', 'nomor:10141706105287', 'geometry:c50531713685d77f25d61f4576b7d927']",nib:04150
702528DD4E50D349E053031D0B0A8302,,Hak Milik,988,2018,04154,Meteran,10141706102611,,ARJASARI,107.643903,-7.0873739,320416,,3204162001,ARJASARI,4145bc38ac43ccb2ddb62f4abecf910d,"['nib:04154', 'persilpasifid:702528dd4e50d349e053031d0b0a8302', 'nomor:10141706102611', 'geometry:4145bc38ac43ccb2ddb62f4abecf910d']",nib:04154
0520D401010A63E9E063B416140A0CE9,,Hak Milik,498,2023,,,10141706106947,,ARJASARI,107.6432742,-7.0518036,320416,,3204162001,ARJASARI,aabd81a67a9a554cfab079270dfb8bbf,"['persilpasifid:0520d401010a63e9e063b416140a0ce9', 'nomor:10141706106947', 'geometry:aabd81a67a9a554cfab079270dfb8bbf']",persilpasifid:0520d401010a63e9e063b416140a0ce9
7024BFE52C3D9E11E053021D0B0A2F0E,,Hak Milik,1007,2018,04237,Meteran,10141706106298,,ARJASARI,107.643903,-7.0848778,320416,,3204162001,ARJASARI,71a1ccc4fccb8af2682ce9feb3833040,"['nib:04237', 'persilpasifid:7024bfe52c3d9e11e053021d0b0a2f0e', 'nomor:10141706106298', 'geometry:71a1ccc4fccb8af2682ce9feb3833040']",nib:04237
70282EE08056884FE053021D0B0A790A,,Hak Milik,1074,2018,04315,Meteran,10141706102866,,ARJASARI,107.643903,-7.0823817,320416,,3204162001,ARJASARI,a4eab4270b4cae36dc6d10ff41505ff2,"['nib:04315', 'persilpasifid:70282ee08056884fe053021d0b0a790a', 'nomor:10141706102866', 'geometry:a4eab4270b4cae36dc6d10ff41505ff2']",nib:04315
702855DE4166F13BE053021D0B0A8174,,Hak Milik,1084,2018,04303,Meteran,10141706102854,,ARJASARI,107.643903,-7.0830058,320416,,3204162001,ARJASARI,8560e809feafde436ffb05fc49b387a5,"['nib:04303', 'persilpasifid:702855de4166f13be053021d0b0a8174', 'nomor:10141706102854', 'geometry:8560e809feafde436ffb05fc49b387a5']",nib:04303
7024BFE52C2D9E11E053021D0B0A2F0E,,Hak Milik,1058,2018,04191,Meteran,10141706102643,,ARJASARI,107.643903,-7.0861259,320416,,3204162001,ARJASARI,691189d05798e6e3bf3be59d5a56c8c5,"['nib:04191', 'persilpasifid:7024bfe52c2d9e11e053021d0b0a2f0e', 'nomor:10141706102643', 'geometry:691189d05798e6e3bf3be59d5a56c8c5']",nib:04191
7028432207C4884DE053021D0B0A31E4,,Hak Milik,1019,2018,04380,Meteran,10141706102969,,ARJASARI,107.643903,-7.0805097,320416,,3204162001,ARJASARI,e9b0bbc739f3e6db9d0b1424b4fd7870,"['nib:04380', 'persilpasifid:7028432207c4884de053021d0b0a31e4', 'nomor:10141706102969', 'geometry:e9b0bbc739f3e6db9d0b1424b4fd7870']",nib:04380
702830775DDED750E053031D0B0A0352,,Hak Milik,1050,2018,04368,Meteran,10141706105511,,ARJASARI,107.643903,-7.0811337,320416,,3204162001,ARJASARI,8d3dc635405411c05138e58406416113,"['nib:04368', 'persilpasifid:702830775dded750e053031d0b0a0352', 'nomor:10141706105511', 'geometry:8d3dc635405411c05138e58406416113']",nib:04368
70282EE0805A884FE053021D0B0A790A,,Hak Milik,1086,2018,04328,Meteran,10141706105506,,ARJASARI,107.643903,-7.0817577,320416,,3204162001,ARJASARI,344fce58649b0551cf49f50c7241bae7,"['nib:04328', 'persilpasifid:70282ee0805a884fe053021d0b0a790a', 'nomor:10141706105506', 'geometry:344fce58649b0551cf49f50c7241bae7']",nib:04328
6B616A16014F2B77E053031D0B0A17D5,,Hak Milik,1072,2018,03462,Meteran,10141706102596,,ARJASARI,107.643903,-7.0892459,320416,,3204162001,ARJASARI,1915c909c5d1b885d4bbc002c3ae974b,"['nib:03462', 'persilpasifid:6b616a16014f2b77e053031d0b0a17d5', 'nomor:10141706102596', 'geometry:1915c909c5d1b885d4bbc002c3ae974b']",nib:03462
7029879C5F1BDED6E053031D0B0A1F59,,Hak Milik,637,2018,04440,Meteran,10141706105552,,ARJASARI,107.643903,-7.0786376,320416,,3204162001,ARJASARI,6e8156c75047ccc13f30472aef80342f,"['nib:04440', 'persilpasifid:7029879c5f1bded6e053031d0b0a1f59', 'nomor:10141706105552', 'geometry:6e8156c75047ccc13f30472aef80342f']",nib:04440
70B56FCEE94F43DEE053021D0B0AF211,,Hak Milik,826,2018,04647,Meteran,10141706103105,,ARJASARI,107.643903,-7.0748934,320416,,3204162001,ARJASARI,0d5a14147f317914abebd8d657b29f33,"['nib:04647', 'persilpasifid:70b56fcee94f43dee053021d0b0af211', 'nomor:10141706103105', 'geometry:0d5a14147f317914abebd8d657b29f33']",nib:04647
7029D4E92DD5C10CE053141D0B0A4F42,,Hak Milik,874,2018,04542,Meteran,10141706102929,,ARJASARI,107.643903,-7.0761415,320416,,3204162001,ARJASARI,e1388110d81925dded96b34caf3b00a5,"['nib:04542', 'persilpasifid:7029d4e92dd5c10ce053141d0b0a4f42', 'nomor:10141706102929', 'geometry:e1388110d81925dded96b34caf3b00a5']",nib:04542
7029D4E92DDAC10CE053141D0B0A4F42,,Hak Milik,1037,2018,04547,Meteran,10141706102934,,ARJASARI,107.643903,-7.0761415,320416,,3204162001,ARJASARI,dc432fac3a49f04baaea58b59e2a39c3,"['nib:04547', 'persilpasifid:7029d4e92ddac10ce053141d0b0a4f42', 'nomor:10141706102934', 'geometry:dc432fac3a49f04baaea58b59e2a39c3']",nib:04547
702746CB383AA780E053131D0B0AB811,,Hak Milik,779,2018,04407,Meteran,10141706102989,,ARJASARI,107.643903,-7.0798856,320416,,3204162001,ARJASARI,983ab5d6370ef44e7b015463c7064af0,"['nib:04407', 'persilpasifid:702746cb383aa780e053131d0b0ab811', 'nomor:10141706102989', 'geometry:983ab5d6370ef44e7b015463c7064af0']",nib:04407
7024BFE52C2A9E11E053021D0B0A2F0E,,Hak Milik,1029,2018,04185,Meteran,10141706102637,,ARJASARI,107.643903,-7.0867499,320416,,3204162001,ARJASARI,56bb539751a45d7ec06aab8792309680,"['nib:04185', 'persilpasifid:7024bfe52c2a9e11e053021d0b0a2f0e', 'nomor:10141706102637', 'geometry:56bb539751a45d7ec06aab8792309680']",nib:04185
7029879C5F1ADED6E053031D0B0A1F59,,Hak Milik,385,2018,04434,Meteran,10141706102669,,ARJASARI,107.643903,-7.0792616,320416,,3204162001,ARJASARI,2e4ba5cd68fd6eaee5ec28a9405c06cb,"['nib:04434', 'persilpasifid:7029879c5f1aded6e053031d0b0a1f59', 'nomor:10141706102669', 'geometry:2e4ba5cd68fd6eaee5ec28a9405c06cb']",nib:04434
70B5C76C3578AE19E053141D0B0A6356,,Hak Milik,1068,2018,04857,Meteran,10141706105338,,ARJASARI,107.643903,-7.068653,320416,,3204162001,ARJASARI,eb72b7de8b89fbeaf9426c1537015648,"['nib:04857', 'persilpasifid:70b5c76c3578ae19e053141d0b0a6356', 'nomor:10141706105338', 'geometry:eb72b7de8b89fbeaf9426c1537015648']",nib:04857
70B54E3206462776E053031D0B0AA024,,Hak Milik,728,2018,04643,Meteran,10141706103113,,ARJASARI,107.643903,-7.0742694,320416,,3204162001,ARJASARI,937815a06151a36acd7090b03d90f245,"['nib:04643', 'persilpasifid:70b54e3206462776e053031d0b0aa024', 'nomor:10141706103113', 'geometry:937815a06151a36acd7090b03d90f245']",nib:04643
70B5CD90524F259CE053021D0B0A69AF,,Hak Wakaf,728,2023,04909,,10141706800143,,ARJASARI,107.643903,-7.0692771,320416,,3204162001,ARJASARI,416f5f5d991988fd93718aa251f0d338,"['nib:04909', 'persilpasifid:70b5cd90524f259ce053021d0b0a69af', 'nomor:10141706800143', 'geometry:416f5f5d991988fd93718aa251f0d338']",nib:04909
70B62F0A89756B6BE053031D0B0A7903,,Hak Wakaf,1092,2023,04867,,10141706800081,,ARJASARI,107.643903,-7.0692771,320416,,3204162001,ARJASARI,cd0219ec6b968315d0edccb2ffc23394,"['nib:04867', 'persilpasifid:70b62f0a89756b6be053031d0b0a7903', 'nomor:10141706800081', 'geometry:cd0219ec6b968315d0edccb2ffc23394']",nib:04867
70B5E93321ED1737E053131D0B0A88B1,,Hak Wakaf,941,2023,04872,,10141706800126,,ARJASARI,107.643903,-7.0699011,320416,,3204162001,ARJASARI,7f186e52a3deeeeac0ba6dab0b764e91,"['nib:04872', 'persilpasifid:70b5e93321ed1737e053131d0b0a88b1', 'nomor:10141706800126', 'geometry:7f186e52a3deeeeac0ba6dab0b764e91']",nib:04872
70B571DAFE218998E053031D0B0A342A,,Hak Milik,860,2018,04644,Meteran,10141706103116,,ARJASARI,107.643903,-7.0736453,320416,,3204162001,ARJASARI,77f4e5c1cb53d87b411c99499b09e3f2,"['nib:04644', 'persilpasifid:70b571dafe218998e053031d0b0a342a', 'nomor:10141706103116', 'geometry:77f4e5c1cb53d87b411c99499b09e3f2']",nib:04644
70B5614CCB6B13A5E053131D0B0AFDC2,,Hak Milik,923,2018,04755,Meteran,10141706103192,,ARJASARI,107.643903,-7.0723973,320416,,3204162001,ARJASARI,a42271ff6f0c2aa8ff7dd32c93245085,"['nib:04755', 'persilpasifid:70b5614ccb6b13a5e053131d0b0afdc2', 'nomor:10141706103192', 'geometry:a42271ff6f0c2aa8ff7dd32c93245085']",nib:04755
0EE0A1761955168DE053021D0B0A182E,,Kosong,2001,,01839,,,,ARJASARI,107.643903,-7.0730213,320416,,3204162001,ARJASARI,249c182c8416d510e100cbb42ad216a6,"['nib:01839', 'persilpasifid:0ee0a1761955168de053021d0b0a182e', 'geometry:249c182c8416d510e100cbb42ad216a6']",nib:01839
70B5614CCB6713A5E053131D0B0AFDC2,,Hak Milik,1015,2018,04732,Meteran,10141706103173,,ARJASARI,107.643903,-7.0711492,320416,,3204162001,ARJASARI,7105de93c87ba691a97a20d1f4b5266c,"['nib:04732', 'persilpasifid:70b5614ccb6713a5e053131d0b0afdc2', 'nomor:10141706103173', 'geometry:7105de93c87ba691a97a20d1f4b5266c']",nib:04732
70B4EC2BB7C07B2FE053131D0B0A1D09,,Hak Wakaf,1095,2023,04678,,10141706800074,,ARJASARI,107.643903,-7.0717732,320416,,3204162001,ARJASARI,bb28807407dc167b4ecf79ffa7e28031,"['nib:04678', 'persilpasifid:70b4ec2bb7c07b2fe053131d0b0a1d09', 'nomor:10141706800074', 'geometry:bb28807407dc167b4ecf79ffa7e28031']",nib:04678
7467671145241AF1E053031D0B0A9139,,Hak Milik,947,2018,05466,Meteran,10141706102414,,ARJASARI,107.643903,-7.055548,320416,,3204162001,ARJASARI,b82ae307e27025a47aef64c955c9871f,"['nib:05466', 'persilpasifid:7467671145241af1e053031d0b0a9139', 'nomor:10141706102414', 'geometry:b82ae307e27025a47aef64c955c9871f']",nib:05466
7467671145521AF1E053031D0B0A9139,,Hak Milik,226,2018,05517,Meteran,10141706102424,,ARJASARI,107.643903,-7.0549239,320416,,3204162001,ARJASARI,30cc8a77122297ed6e7b7f7596fa7dc3,"['nib:05517', 'persilpasifid:7467671145521af1e053031d0b0a9139', 'nomor:10141706102424', 'geometry:30cc8a77122297ed6e7b7f7596fa7dc3']",nib:05517
d4c550fba4234a329ba79233283bd778,,Hak Milik,589,2005,01662,,10141706100620,,ARJASARI,107.643903,-7.0511795,320416,,3204162001,ARJASARI,a682e149b9454c5d1470a61aa9a8f0ca,"['nib:01662', 'persilpasifid:d4c550fba4234a329ba79233283bd778', 'nomor:10141706100620', 'geometry:a682e149b9454c5d1470a61aa9a8f0ca']",nib:01662
692C6DAD66698008E053031D0B0AABE3,,Hak Milik,1232,2018,02821,Meteran,10141706101368,,ARJASARI,107.643903,-7.0499314,320416,,3204162001,ARJASARI,bc289105a04e1f00e663db64db0d57bf,"['nib:02821', 'persilpasifid:692c6dad66698008e053031d0b0aabe3', 'nomor:10141706101368', 'geometry:bc289105a04e1f00e663db64db0d57bf']",nib:02821
692C6C870807F578E053031D0B0A1289,,Hak Milik,121,2018,02914,Meteran,10141706101488,,ARJASARI,107.643903,-7.0524277,320416,,3204162001,ARJASARI,3e0295020911b29e15e34c2d969d52ac,"['nib:02914', 'persilpasifid:692c6c870807f578e053031d0b0a1289', 'nomor:10141706101488', 'geometry:3e0295020911b29e15e34c2d969d52ac']",nib:02914
749F7CAF127B9158E053141D0B0A6E45,,Hak Milik,1381,2018,05571,Meteran,10141706103046,,ARJASARI,107.643903,-7.0542999,320416,,3204162001,ARJASARI,be82ad8cb7cf0182409810c286e9485a,"['nib:05571', 'persilpasifid:749f7caf127b9158e053141d0b0a6e45', 'nomor:10141706103046', 'geometry:be82ad8cb7cf0182409810c286e9485a']",nib:05571
7841F8BEA47596E4E053031D0B0A123C,,Hak Milik,864,2018,07160,Meteran,10141706106140,,ARJASARI,107.643903,-7.0449389,320416,,3204162001,ARJASARI,b13b2e3b87433da24cd5fa92d71cb18d,"['nib:07160', 'persilpasifid:7841f8bea47596e4e053031d0b0a123c', 'nomor:10141706106140', 'geometry:b13b2e3b87433da24cd5fa92d71cb18d']",nib:07160
692BCEBDE77AE399E053021D0B0A6E7B,,Hak Milik,220,2018,02826,Meteran,10141706101457,,ARJASARI,107.643903,-7.0505555,320416,,3204162001,ARJASARI,60f4e7e1bc8d3a73057e97f348c8b41d,"['nib:02826', 'persilpasifid:692bcebde77ae399e053021d0b0a6e7b', 'nomor:10141706101457', 'geometry:60f4e7e1bc8d3a73057e97f348c8b41d']",nib:02826
692BCEBDE77CE399E053021D0B0A6E7B,,Hak Milik,212,2018,02828,Meteran,10141706101391,,ARJASARI,107.643903,-7.0505555,320416,,3204162001,ARJASARI,2dddfe9fe89f3dd345d8d2d4d498eda6,"['nib:02828', 'persilpasifid:692bcebde77ce399e053021d0b0a6e7b', 'nomor:10141706101391', 'geometry:2dddfe9fe89f3dd345d8d2d4d498eda6']",nib:02828
702746CB37FEA780E053131D0B0AB811,,Hak Milik,1014,2018,04335,Meteran,10141706102879,,ARJASARI,107.6445318,-7.0811337,320416,,3204162001,ARJASARI,4b6c38671839bb8d3d4fbf7de32870d8,"['nib:04335', 'persilpasifid:702746cb37fea780e053131d0b0ab811', 'nomor:10141706102879', 'geometry:4b6c38671839bb8d3d4fbf7de32870d8']",nib:04335
7024BFE52C359E11E053021D0B0A2F0E,,Hak Milik,1011,2018,04207,Meteran,10141706102657,,ARJASARI,107.6445318,-7.0861259,320416,,3204162001,ARJASARI,f1956cb8d09d3eaa61146666744ba252,"['nib:04207', 'persilpasifid:7024bfe52c359e11e053021d0b0a2f0e', 'nomor:10141706102657', 'geometry:f1956cb8d09d3eaa61146666744ba252']",nib:04207
70282EE08073884FE053021D0B0A790A,,Hak Milik,1023,2018,04337,Meteran,10141706102881,,ARJASARI,107.6445318,-7.0805097,320416,,3204162001,ARJASARI,8050aed3d88c785244552b1b6aeaa2fb,"['nib:04337', 'persilpasifid:70282ee08073884fe053021d0b0a790a', 'nomor:10141706102881', 'geometry:8050aed3d88c785244552b1b6aeaa2fb']",nib:04337
7028EEBD380CC1CDE053141D0B0AB5CA,,Hak Milik,417,2018,04578,Meteran,10141706105570,,ARJASARI,107.6445318,-7.0780136,320416,,3204162001,ARJASARI,287d4eaaeb78bec5767dd1b64d3ed9dd,"['nib:04578', 'persilpasifid:7028eebd380cc1cde053141d0b0ab5ca', 'nomor:10141706105570', 'geometry:287d4eaaeb78bec5767dd1b64d3ed9dd']",nib:04578
702843220794884DE053021D0B0A31E4,,Hak Milik,993,2018,04284,Meteran,10141706102835,,ARJASARI,107.6445318,-7.0836298,320416,,3204162001,ARJASARI,40c43b43b67f59d79ff08b842e7201d4,"['nib:04284', 'persilpasifid:702843220794884de053021d0b0a31e4', 'nomor:10141706102835', 'geometry:40c43b43b67f59d79ff08b842e7201d4']",nib:04284
70282EE08057884FE053021D0B0A790A,,Hak Milik,1093,2018,04319,Meteran,10141706102870,,ARJASARI,107.6445318,-7.0823817,320416,,3204162001,ARJASARI,86d9754592182d41e5b0700d286b7a37,"['nib:04319', 'persilpasifid:70282ee08057884fe053021d0b0a790a', 'nomor:10141706102870', 'geometry:86d9754592182d41e5b0700d286b7a37']",nib:04319
7029879C5F1FDED6E053031D0B0A1F59,,Hak Milik,1038,2018,04444,Meteran,10141706105556,,ARJASARI,107.6445318,-7.0792616,320416,,3204162001,ARJASARI,8e081bb47c431a9a9b3d85d2638c7749,"['nib:04444', 'persilpasifid:7029879c5f1fded6e053031d0b0a1f59', 'nomor:10141706105556', 'geometry:8e081bb47c431a9a9b3d85d2638c7749']",nib:04444
70B5614CCB6A13A5E053131D0B0AFDC2,,Hak Wakaf,719,2023,04738,,10141706800101,,ARJASARI,107.6445318,-7.0717732,320416,,3204162001,ARJASARI,94f6b0edbeadaefe11327f7787dd6929,"['nib:04738', 'persilpasifid:70b5614ccb6a13a5e053131d0b0afdc2', 'nomor:10141706800101', 'geometry:94f6b0edbeadaefe11327f7787dd6929']",nib:04738
70B5E93321F21737E053131D0B0A88B1,,Hak Wakaf,734,2023,04877,,10141706800080,,ARJASARI,107.6445318,-7.0692771,320416,,3204162001,ARJASARI,dc1a260822729d660e1686045dd4f698,"['nib:04877', 'persilpasifid:70b5e93321f21737e053131d0b0a88b1', 'nomor:10141706800080', 'geometry:dc1a260822729d660e1686045dd4f698']",nib:04877
702830775E07D750E053031D0B0A0352,,Hak Milik,647,2018,04384,Meteran,10141706102973,,ARJASARI,107.6445318,-7.0798856,320416,,3204162001,ARJASARI,74220abdab3747cec96bfe0ebb61dab3,"['nib:04384', 'persilpasifid:702830775e07d750e053031d0b0a0352', 'nomor:10141706102973', 'geometry:74220abdab3747cec96bfe0ebb61dab3']",nib:04384
70B561BAE3401F0AE053141D0B0AB34E,,Hak Wakaf,613,2023,04793,,10141706800115,,ARJASARI,107.6445318,-7.0711492,320416,,3204162001,ARJASARI,e165569bd9ef9dbd9e775fa4cc0aedac,"['nib:04793', 'persilpasifid:70b561bae3401f0ae053141d0b0ab34e', 'nomor:10141706800115', 'geometry:e165569bd9ef9dbd9e775fa4cc0aedac']",nib:04793
70B561BAE33C1F0AE053141D0B0AB34E,,Hak Wakaf,926,2023,04788,,10141706800065,,ARJASARI,107.6445318,-7.0705252,320416,,3204162001,ARJASARI,2713949ccf8521ad26058c5f8dba66ce,"['nib:04788', 'persilpasifid:70b561bae33c1f0ae053141d0b0ab34e', 'nomor:10141706800065', 'geometry:2713949ccf8521ad26058c5f8dba66ce']",nib:04788
7029D4E92DDCC10CE053141D0B0A4F42,,Hak Milik,901,2018,04549,Meteran,10141706102936,,ARJASARI,107.6445318,-7.0767655,320416,,3204162001,ARJASARI,7e3853bae148c93e11be84341d9ddb51,"['nib:04549', 'persilpasifid:7029d4e92ddcc10ce053141d0b0a4f42', 'nomor:10141706102936', 'geometry:7e3853bae148c93e11be84341d9ddb51']",nib:04549
746764726C5DE01BE053031D0B0AF189,,Hak Milik,121,2018,05533,Meteran,10141706102382,,ARJASARI,107.6445318,-7.0549239,320416,,3204162001,ARJASARI,21dca67df0f50ad95690818e80dc11e6,"['nib:05533', 'persilpasifid:746764726c5de01be053031d0b0af189', 'nomor:10141706102382', 'geometry:21dca67df0f50ad95690818e80dc11e6']",nib:05533
692BCEBDE7BCE399E053021D0B0A6E7B,,Hak Milik,229,2018,02892,Meteran,10141706105494,,ARJASARI,107.6445318,-7.0505555,320416,,3204162001,ARJASARI,b282f28545686ac485cb3cea9fb5885a,"['nib:02892', 'persilpasifid:692bcebde7bce399e053021d0b0a6e7b', 'nomor:10141706105494', 'geometry:b282f28545686ac485cb3cea9fb5885a']",nib:02892
749F7E814CAF57C4E053131D0B0A3B8F,,Hak Milik,335,2018,05645,Meteran,10141706103437,,ARJASARI,107.6445318,-7.0542999,320416,,3204162001,ARJASARI,e766d45765109edce496cb4c4280543f,"['nib:05645', 'persilpasifid:749f7e814caf57c4e053131d0b0a3b8f', 'nomor:10141706103437', 'geometry:e766d45765109edce496cb4c4280543f']",nib:05645
749F7E814CB057C4E053131D0B0A3B8F,,Hak Milik,389,2018,05646,Meteran,10141706103478,,ARJASARI,107.6445318,-7.0542999,320416,,3204162001,ARJASARI,5faf53fba853fb88e3f527045cc484e7,"['nib:05646', 'persilpasifid:749f7e814cb057c4e053131d0b0a3b8f', 'nomor:10141706103478', 'geometry:5faf53fba853fb88e3f527045cc484e7']",nib:05646
749F7E4DC7B3514BE053131D0B0AE33E,,Hak Milik,653,2018,05634,Meteran,10141706103434,,ARJASARI,107.6445318,-7.0536758,320416,,3204162001,ARJASARI,a447ce5149e99fe0d6e26a6f4b3a480d,"['nib:05634', 'persilpasifid:749f7e4dc7b3514be053131d0b0ae33e', 'nomor:10141706103434', 'geometry:a447ce5149e99fe0d6e26a6f4b3a480d']",nib:05634
7841DE9A8B9FC258E053021D0B0AC6DD,,Hak Milik,627,2018,07126,Meteran,10141706106129,,ARJASARI,107.6445318,-7.0436907,320416,,3204162001,ARJASARI,a8b8ec58d32a71d993e1f2daafc8559b,"['nib:07126', 'persilpasifid:7841de9a8b9fc258e053021d0b0ac6dd', 'nomor:10141706106129', 'geometry:a8b8ec58d32a71d993e1f2daafc8559b']",nib:07126
4E1ECA1E3FCC7429E053021D0B0A27A2,,Hak Milik,1311,2017,02600,,10141708101289,,ARJASARI,107.6445318,-7.0430666,320416,,3204162001,ARJASARI,022d5e9b674a512472034de1e1414963,"['nib:02600', 'persilpasifid:4e1eca1e3fcc7429e053021d0b0a27a2', 'nomor:10141708101289', 'geometry:022d5e9b674a512472034de1e1414963']",nib:02600
702528DD4E59D349E053031D0B0A8302,,Hak Milik,1013,2018,04258,Meteran,10141706102809,,ARJASARI,107.6451607,-7.0848778,320416,,3204162001,ARJASARI,e7c181152e10bc562544b5337dd1bb22,"['nib:04258', 'persilpasifid:702528dd4e59d349e053031d0b0a8302', 'nomor:10141706102809', 'geometry:e7c181152e10bc562544b5337dd1bb22']",nib:04258
0C4BC7812714CFBEE063B516140AB70C,,Kosong,2946,,,,,0.5,ARJASARI,107.6451607,-7.0861259,320416,,3204162001,ARJASARI,6eae4e3dfb7821d42b4e9cc2cac0c63a,"['persilpasifid:0c4bc7812714cfbee063b516140ab70c', 'geometry:6eae4e3dfb7821d42b4e9cc2cac0c63a']",persilpasifid:0c4bc7812714cfbee063b516140ab70c
70252CD914CA0ED4E053141D0B0AB938,,Hak Milik,987,2018,04273,Meteran,10141706102824,,ARJASARI,107.6451607,-7.0842538,320416,,3204162001,ARJASARI,553f0fc0ab0a6d84fa1e0b56dbe9628c,"['nib:04273', 'persilpasifid:70252cd914ca0ed4e053141d0b0ab938', 'nomor:10141706102824', 'geometry:553f0fc0ab0a6d84fa1e0b56dbe9628c']",nib:04273
de61fe5ee61b4c37913b15b6810cd764,,Hak Milik,26195,2009,01725,,10141706100655,,ARJASARI,107.6451607,-7.0830058,320416,,3204162001,ARJASARI,8e6bcbc13b1599aa837cc0583be10204,"['nib:01725', 'persilpasifid:de61fe5ee61b4c37913b15b6810cd764', 'nomor:10141706100655', 'geometry:8e6bcbc13b1599aa837cc0583be10204']",nib:01725
692C6C870824F578E053031D0B0A1289,,Hak Milik,1203,2018,02948,Meteran,10141706101440,,ARJASARI,107.6445318,-7.0518036,320416,,3204162001,ARJASARI,d6b2387fa02f0c0a53b1ceec60e9475c,"['nib:02948', 'persilpasifid:692c6c870824f578e053031d0b0a1289', 'nomor:10141706101440', 'geometry:d6b2387fa02f0c0a53b1ceec60e9475c']",nib:02948
7841F8BEA46996E4E053031D0B0A123C,,Hak Milik,1635,2018,07148,Meteran,10141706105103,,ARJASARI,107.6445318,-7.0443148,320416,,3204162001,ARJASARI,cf91378934599af1741f101ab545a902,"['nib:07148', 'persilpasifid:7841f8bea46996e4e053031d0b0a123c', 'nomor:10141706105103', 'geometry:cf91378934599af1741f101ab545a902']",nib:07148
7029D52EE1E9B05DE053031D0B0AC256,,Hak Milik,616,2018,04463,Meteran,10141706102695,,ARJASARI,107.6451607,-7.0780136,320416,,3204162001,ARJASARI,6bd65a163abbc9cfb8bcb6c272a6918b,"['nib:04463', 'persilpasifid:7029d52ee1e9b05de053031d0b0ac256', 'nomor:10141706102695', 'geometry:6bd65a163abbc9cfb8bcb6c272a6918b']",nib:04463
692BCEBDE76DE399E053021D0B0A6E7B,,Hak Milik,892,2018,02809,Meteran,10141706101329,,ARJASARI,107.6445318,-7.0499314,320416,,3204162001,ARJASARI,43bb36ea8e47cabfe8aa13528320dfd0,"['nib:02809', 'persilpasifid:692bcebde76de399e053021d0b0a6e7b', 'nomor:10141706101329', 'geometry:43bb36ea8e47cabfe8aa13528320dfd0']",nib:02809
70B483D8B0AE07D1E053031D0B0AA589,,Hak Milik,1061,2018,04723,Meteran,10141706103215,,ARJASARI,107.6451607,-7.0717732,320416,,3204162001,ARJASARI,81371d2e1151a4b180de2e3f953951e8,"['nib:04723', 'persilpasifid:70b483d8b0ae07d1e053031d0b0aa589', 'nomor:10141706103215', 'geometry:81371d2e1151a4b180de2e3f953951e8']",nib:04723
2DC22CE3E1214A1CE053141D0B0AF9A6,,Hak Milik,2500,2016,02040,,10141706100929,,ARJASARI,107.6451607,-7.0742694,320416,,3204162001,ARJASARI,842553cb7b9b6027e1e8538ac9b0b5ce,"['nib:02040', 'persilpasifid:2dc22ce3e1214a1ce053141d0b0af9a6', 'nomor:10141706100929', 'geometry:842553cb7b9b6027e1e8538ac9b0b5ce']",nib:02040
70B483D8B0BA07D1E053031D0B0AA589,,Hak Wakaf,934,2023,04790,,10141706800124,,ARJASARI,107.6451607,-7.0711492,320416,,3204162001,ARJASARI,d60470c7d570c0599db8a3c82be9ecfc,"['nib:04790', 'persilpasifid:70b483d8b0ba07d1e053031d0b0aa589', 'nomor:10141706800124', 'geometry:d60470c7d570c0599db8a3c82be9ecfc']",nib:04790
70B486DE64C2C4F9E053131D0B0A048D,,Hak Milik,706,2018,04805,Meteran,10141706103221,,ARJASARI,107.6451607,-7.0723973,320416,,3204162001,ARJASARI,090c5980976dd3087f40f9bd9550e522,"['nib:04805', 'persilpasifid:70b486de64c2c4f9e053131d0b0a048d', 'nomor:10141706103221', 'geometry:090c5980976dd3087f40f9bd9550e522']",nib:04805
70B638A0B44A170BE053131D0B0A926A,,Hak Milik,784,2018,04879,Meteran,10141706105349,,ARJASARI,107.6451607,-7.0692771,320416,,3204162001,ARJASARI,29aae9dddf5bcefeb371364637c908f5,"['nib:04879', 'persilpasifid:70b638a0b44a170be053131d0b0a926a', 'nomor:10141706105349', 'geometry:29aae9dddf5bcefeb371364637c908f5']",nib:04879
5323ceef32ef4ae5acb46e5627f7ede7,,Hak Milik,350,2007,01694,,10141706100630,,ARJASARI,107.6451607,-7.0549239,320416,,3204162001,ARJASARI,823595b24e922f3c11f706bac4f3aa92,"['nib:01694', 'persilpasifid:5323ceef32ef4ae5acb46e5627f7ede7', 'nomor:10141706100630', 'geometry:823595b24e922f3c11f706bac4f3aa92']",nib:01694
749F869466D6CDB0E053031D0B0ACB32,,Hak Milik,142,2018,05661,Meteran,10141706103646,,ARJASARI,107.6451607,-7.0530517,320416,,3204162001,ARJASARI,ddefd3425f681765723a91d5ff77c92a,"['nib:05661', 'persilpasifid:749f869466d6cdb0e053031d0b0acb32', 'nomor:10141706103646', 'geometry:ddefd3425f681765723a91d5ff77c92a']",nib:05661
692C6C870835F578E053031D0B0A1289,,Hak Milik,241,2018,02987,Meteran,10141706105461,,ARJASARI,107.6451607,-7.0511795,320416,,3204162001,ARJASARI,2211988df0e8917968a40972072246e2,"['nib:02987', 'persilpasifid:692c6c870835f578e053031d0b0a1289', 'nomor:10141706105461', 'geometry:2211988df0e8917968a40972072246e2']",nib:02987
68D5118050A7E585E053141D0B0A28E1,,Hak Milik,865,2018,02252,Meteran,10141706101392,,ARJASARI,107.6451607,-7.0499314,320416,,3204162001,ARJASARI,fcfc3c1eb5fc01a2617013610afa1cc2,"['nib:02252', 'persilpasifid:68d5118050a7e585e053141d0b0a28e1', 'nomor:10141706101392', 'geometry:fcfc3c1eb5fc01a2617013610afa1cc2']",nib:02252
68D5118050ACE585E053141D0B0A28E1,,Hak Milik,146,2018,02257,Meteran,10141706102047,,ARJASARI,107.6451607,-7.0499314,320416,,3204162001,ARJASARI,d98b0470ee3f2cbbd22e0d55a7edb84d,"['nib:02257', 'persilpasifid:68d5118050ace585e053141d0b0a28e1', 'nomor:10141706102047', 'geometry:d98b0470ee3f2cbbd22e0d55a7edb84d']",nib:02257
68D5118050B0E585E053141D0B0A28E1,,Hak Milik,357,2018,02261,Meteran,10141706102051,,ARJASARI,107.6451607,-7.0493073,320416,,3204162001,ARJASARI,56b73cc4d58aa95bce0a227014a43949,"['nib:02261', 'persilpasifid:68d5118050b0e585e053141d0b0a28e1', 'nomor:10141706102051', 'geometry:56b73cc4d58aa95bce0a227014a43949']",nib:02261
749F7AB7C6479350E053141D0B0AA0E6,,Hak Milik,565,2018,05618,Meteran,10141706103051,,ARJASARI,107.6451607,-7.0542999,320416,,3204162001,ARJASARI,0057076fb72f13b23fc803900d6f4a06,"['nib:05618', 'persilpasifid:749f7ab7c6479350e053141d0b0aa0e6', 'nomor:10141706103051', 'geometry:0057076fb72f13b23fc803900d6f4a06']",nib:05618
70252CD914C90ED4E053141D0B0AB938,,Hak Milik,1016,2018,04266,Meteran,10141706102817,,ARJASARI,107.6457895,-7.0842538,320416,,3204162001,ARJASARI,87c50aacbdc184cdff1de202cb2da9ff,"['nib:04266', 'persilpasifid:70252cd914c90ed4e053141d0b0ab938', 'nomor:10141706102817', 'geometry:87c50aacbdc184cdff1de202cb2da9ff']",nib:04266
4E1F80613210475FE053141D0B0A88BF,,Hak Milik,256,2017,02609,,10141708101342,,ARJASARI,107.6451607,-7.0436907,320416,,3204162001,ARJASARI,07fa2bef4384c8a7c5dbd3a0070cacb4,"['nib:02609', 'persilpasifid:4e1f80613210475fe053141d0b0a88bf', 'nomor:10141708101342', 'geometry:07fa2bef4384c8a7c5dbd3a0070cacb4']",nib:02609
7029D4E92DE5C10CE053141D0B0A4F42,,Hak Wakaf,662,2025,04568,,10141706800146,,ARJASARI,107.6457895,-7.0748934,320416,,3204162001,ARJASARI,3c55f9c07b3366325b4b21da79fc4e26,"['nib:04568', 'persilpasifid:7029d4e92de5c10ce053141d0b0a4f42', 'nomor:10141706800146', 'geometry:3c55f9c07b3366325b4b21da79fc4e26']",nib:04568
81043f1c920c4629aedafc3c4b409e2c,,Hak Milik,2905,1980,,,10141703100050,,ARJASARI,107.6457895,-7.0742694,320416,,3204162001,ARJASARI,c63940658e9f4160f951014087f70b67,"['persilpasifid:81043f1c920c4629aedafc3c4b409e2c', 'nomor:10141703100050', 'geometry:c63940658e9f4160f951014087f70b67']",persilpasifid:81043f1c920c4629aedafc3c4b409e2c
70B638A0B447170BE053131D0B0A926A,,Hak Milik,1046,2018,04851,Meteran,10141706103389,,ARJASARI,107.6457895,-7.0692771,320416,,3204162001,ARJASARI,6418e6a5439c01ffae1e22df6b094d14,"['nib:04851', 'persilpasifid:70b638a0b447170be053131d0b0a926a', 'nomor:10141706103389', 'geometry:6418e6a5439c01ffae1e22df6b094d14']",nib:04851
74B33A81CE56C1D3E053131D0B0A0EE1,,Hak Milik,97,2018,05768,Meteran,10141706103460,,ARJASARI,107.6457895,-7.0549239,320416,,3204162001,ARJASARI,dd12e36b6557212eb5dafbbd757c76bf,"['nib:05768', 'persilpasifid:74b33a81ce56c1d3e053131d0b0a0ee1', 'nomor:10141706103460', 'geometry:dd12e36b6557212eb5dafbbd757c76bf']",nib:05768
74B33A81CE59C1D3E053131D0B0A0EE1,,Hak Milik,239,2018,05771,Meteran,10141706103558,,ARJASARI,107.6457895,-7.0549239,320416,,3204162001,ARJASARI,cb0a8f8b537124f2cbfc856271b81808,"['nib:05771', 'persilpasifid:74b33a81ce59c1d3e053131d0b0a0ee1', 'nomor:10141706103558', 'geometry:cb0a8f8b537124f2cbfc856271b81808']",nib:05771
734EB77E10EFBEA3E053141D0B0AB7B4,,Hak Milik,167,2018,05355,Meteran,10141706102343,,ARJASARI,107.6457895,-7.0536758,320416,,3204162001,ARJASARI,a0a0e04c55d537a4389e7fc9f7ee3bb8,"['nib:05355', 'persilpasifid:734eb77e10efbea3e053141d0b0ab7b4', 'nomor:10141706102343', 'geometry:a0a0e04c55d537a4389e7fc9f7ee3bb8']",nib:05355
68D535ECB47E961EE053031D0B0A0958,,Hak Milik,347,2018,02281,Meteran,10141706105255,,ARJASARI,107.6457895,-7.0493073,320416,,3204162001,ARJASARI,e9dec66c3bac7c45d9a95ef761d97387,"['nib:02281', 'persilpasifid:68d535ecb47e961ee053031d0b0a0958', 'nomor:10141706105255', 'geometry:e9dec66c3bac7c45d9a95ef761d97387']",nib:02281
68D5118050BBE585E053141D0B0A28E1,,Hak Milik,358,2018,02299,Meteran,10141706101393,,ARJASARI,107.6457895,-7.0505555,320416,,3204162001,ARJASARI,80c907c63b7e9d345bad74279923a1d2,"['nib:02299', 'persilpasifid:68d5118050bbe585e053141d0b0a28e1', 'nomor:10141706101393', 'geometry:80c907c63b7e9d345bad74279923a1d2']",nib:02299
734DAC27C7612DF7E053031D0B0A19A7,,Hak Milik,261,2018,05317,Meteran,10141706102315,,ARJASARI,107.6457895,-7.0518036,320416,,3204162001,ARJASARI,d3ae9e2b70d3c5c359111aa59d301713,"['nib:05317', 'persilpasifid:734dac27c7612df7e053031d0b0a19a7', 'nomor:10141706102315', 'geometry:d3ae9e2b70d3c5c359111aa59d301713']",nib:05317
4E1F6E20F3395CBCE053021D0B0A9694,,Kosong,321,,02626,,,,ARJASARI,107.6457895,-7.0430666,320416,,3204162001,ARJASARI,d9fd1f9034acf44ca34c31d46acc2fbd,"['nib:02626', 'persilpasifid:4e1f6e20f3395cbce053021d0b0a9694', 'geometry:d9fd1f9034acf44ca34c31d46acc2fbd']",nib:02626
4E1F8BAEEED91405E053131D0B0AAEA6,,Hak Milik,300,2017,02623,,10141708101560,,ARJASARI,107.6457895,-7.0430666,320416,,3204162001,ARJASARI,4f4302251fcd5f74c1e2e9d8f86b1594,"['nib:02623', 'persilpasifid:4e1f8baeeed91405e053131d0b0aaea6', 'nomor:10141708101560', 'geometry:4f4302251fcd5f74c1e2e9d8f86b1594']",nib:02623
7029D4E92D7AC10CE053141D0B0A4F42,,Hak Milik,1093,2018,04479,Meteran,10141706102709,,ARJASARI,107.6464183,-7.0798856,320416,,3204162001,ARJASARI,81abb3b84c2dccb747ce1d5c7533f85c,"['nib:04479', 'persilpasifid:7029d4e92d7ac10ce053141d0b0a4f42', 'nomor:10141706102709', 'geometry:81abb3b84c2dccb747ce1d5c7533f85c']",nib:04479
692BEA7826044654E053031D0B0A91E1,,Hak Milik,338,2018,02974,Meteran,10141706101834,,ARJASARI,107.6457895,-7.0511795,320416,,3204162001,ARJASARI,782215ec53cc5b74375dbc9c7ee6627c,"['nib:02974', 'persilpasifid:692bea7826044654e053031d0b0a91e1', 'nomor:10141706101834', 'geometry:782215ec53cc5b74375dbc9c7ee6627c']",nib:02974
7029D4E92D8FC10CE053141D0B0A4F42,,Hak Milik,968,2018,04497,Meteran,10141706102727,,ARJASARI,107.6464183,-7.0780136,320416,,3204162001,ARJASARI,cccceb2a026e098d01db105af69a3af3,"['nib:04497', 'persilpasifid:7029d4e92d8fc10ce053141d0b0a4f42', 'nomor:10141706102727', 'geometry:cccceb2a026e098d01db105af69a3af3']",nib:04497
13866B6B2B52B0E2E063B516140A4FE4,,Hak Milik,174,2024,,,10141706107221,,ARJASARI,107.6464183,-7.055548,320416,,3204162001,ARJASARI,19c796c730469d8a5537717fe0202b7e,"['persilpasifid:13866b6b2b52b0e2e063b516140a4fe4', 'nomor:10141706107221', 'geometry:19c796c730469d8a5537717fe0202b7e']",persilpasifid:13866b6b2b52b0e2e063b516140a4fe4
74B33A73F1059065E053141D0B0AFC66,,Hak Milik,317,2018,05754,Meteran,10141706103534,,ARJASARI,107.6464183,-7.0549239,320416,,3204162001,ARJASARI,4b2cbbeb1e4dc8cc89ead45001bc19da,"['nib:05754', 'persilpasifid:74b33a73f1059065e053141d0b0afc66', 'nomor:10141706103534', 'geometry:4b2cbbeb1e4dc8cc89ead45001bc19da']",nib:05754
74B33A73F0FA9065E053141D0B0AFC66,,Hak Milik,329,2018,05735,Meteran,10141706103501,,ARJASARI,107.6464183,-7.0542999,320416,,3204162001,ARJASARI,cfd62e2579ca764b91e0a23242a13750,"['nib:05735', 'persilpasifid:74b33a73f0fa9065e053141d0b0afc66', 'nomor:10141706103501', 'geometry:cfd62e2579ca764b91e0a23242a13750']",nib:05735
0C4BD5ACD1771162E063B416140A0CA3,,Kosong,6897,,,,,0.5,ARJASARI,107.6464183,-7.0480592,320416,,3204162001,ARJASARI,f9f18ca686ed43d1c4f8d51b57f3937d,"['persilpasifid:0c4bd5acd1771162e063b416140a0ca3', 'geometry:f9f18ca686ed43d1c4f8d51b57f3937d']",persilpasifid:0c4bd5acd1771162e063b416140a0ca3
4E1FA3016497751EE053141D0B0A97AA,,Hak Milik,951,2017,02659,,10141708101337,,ARJASARI,107.6464183,-7.0449389,320416,,3204162001,ARJASARI,36334bbfc1351c8c7a65a4120080a740,"['nib:02659', 'persilpasifid:4e1fa3016497751ee053141d0b0a97aa', 'nomor:10141708101337', 'geometry:36334bbfc1351c8c7a65a4120080a740']",nib:02659
68FD03DB27A12339E053131D0B0ACF46,,Hak Milik,392,2018,02589,Meteran,10141706101305,,ARJASARI,107.6464183,-7.0499314,320416,,3204162001,ARJASARI,e3649b0ad642090c888aaeb2157f02d3,"['nib:02589', 'persilpasifid:68fd03db27a12339e053131d0b0acf46', 'nomor:10141706101305', 'geometry:e3649b0ad642090c888aaeb2157f02d3']",nib:02589
734EBADE9A8017AEE053031D0B0AC640,,Hak Milik,434,2018,05380,Meteran,10141706105035,,ARJASARI,107.6464183,-7.0536758,320416,,3204162001,ARJASARI,a701942be1e3d342a5bfec401d623a1d,"['nib:05380', 'persilpasifid:734ebade9a8017aee053031d0b0ac640', 'nomor:10141706105035', 'geometry:a701942be1e3d342a5bfec401d623a1d']",nib:05380
74B2D1764C326C03E053021D0B0A47AB,,Hak Milik,157,2018,05718,Meteran,10141706103481,,ARJASARI,107.6470471,-7.0549239,320416,,3204162001,ARJASARI,b8c4e4a1ca03633a8f28995523908945,"['nib:05718', 'persilpasifid:74b2d1764c326c03e053021d0b0a47ab', 'nomor:10141706103481', 'geometry:b8c4e4a1ca03633a8f28995523908945']",nib:05718
74B2D1764C366C03E053021D0B0A47AB,,Hak Milik,584,2018,05727,Meteran,10141706106173,,ARJASARI,107.6470471,-7.0542999,320416,,3204162001,ARJASARI,bc0760940c5d7c5fffd8f39d78feff65,"['nib:05727', 'persilpasifid:74b2d1764c366c03e053021d0b0a47ab', 'nomor:10141706106173', 'geometry:bc0760940c5d7c5fffd8f39d78feff65']",nib:05727
4E2065370DDF724BE053021D0B0AFCA1,,Kosong,352,,02699,,,,ARJASARI,107.6470471,-7.0480592,320416,,3204162001,ARJASARI,439f2bbf132a4e1076ba95ed1518c2d1,"['nib:02699', 'persilpasifid:4e2065370ddf724be053021d0b0afca1', 'geometry:439f2bbf132a4e1076ba95ed1518c2d1']",nib:02699
4E22DF8A0FE07453E053141D0B0ACED1,,Hak Milik,139,2017,02741,,10141708101226,,ARJASARI,107.6470471,-7.0449389,320416,,3204162001,ARJASARI,50a2dee09351df769635dd86fb585059,"['nib:02741', 'persilpasifid:4e22df8a0fe07453e053141d0b0aced1', 'nomor:10141708101226', 'geometry:50a2dee09351df769635dd86fb585059']",nib:02741
74B3410AC6D08F0AE053141D0B0A8521,,Hak Milik,237,2018,05798,Meteran,10141706106152,,ARJASARI,107.6476759,-7.0542999,320416,,3204162001,ARJASARI,4169750cc27a9905187eba205b34dc3b,"['nib:05798', 'persilpasifid:74b3410ac6d08f0ae053141d0b0a8521', 'nomor:10141706106152', 'geometry:4169750cc27a9905187eba205b34dc3b']",nib:05798
6900B47760C4A2FAE053031D0B0AF2A5,,Hak Milik,170,2018,02638,Meteran,10141706101617,,ARJASARI,107.6476759,-7.0499314,320416,,3204162001,ARJASARI,016ec18ad3b7f049a00ff6c6b18590a8,"['nib:02638', 'persilpasifid:6900b47760c4a2fae053031d0b0af2a5', 'nomor:10141706101617', 'geometry:016ec18ad3b7f049a00ff6c6b18590a8']",nib:02638
68FD03DB27962339E053131D0B0ACF46,,Hak Milik,502,2018,02575,Meteran,10141706104680,,ARJASARI,107.6476759,-7.0493073,320416,,3204162001,ARJASARI,7b01b8c264927e68df9c8ac41164517c,"['nib:02575', 'persilpasifid:68fd03db27962339e053131d0b0acf46', 'nomor:10141706104680', 'geometry:7b01b8c264927e68df9c8ac41164517c']",nib:02575
4E2065370DEA724BE053021D0B0AFCA1,,Kosong,742,,02710,,,,ARJASARI,107.6476759,-7.0468111,320416,,3204162001,ARJASARI,70bbf177b5949fdad78d66467ea4602d,"['nib:02710', 'persilpasifid:4e2065370dea724be053021d0b0afca1', 'geometry:70bbf177b5949fdad78d66467ea4602d']",nib:02710
9486B6470F041D19E0530C1D140A940B,,Hak Guna Bangunan,60,2020,07927,,10141706300270,,ARJASARI,107.6476759,-7.0586683,320416,,3204162001,ARJASARI,f2dae4f2e6dc5ae12d8632c12397f23b,"['nib:07927', 'persilpasifid:9486b6470f041d19e0530c1d140a940b', 'nomor:10141706300270', 'geometry:f2dae4f2e6dc5ae12d8632c12397f23b']",nib:07927
4E22DF8A0FD27453E053141D0B0ACED1,,Hak Milik,635,2017,02727,,10141708101287,,ARJASARI,107.6476759,-7.046187,320416,,3204162001,ARJASARI,6137a979fae2d3ee68387ed505b59bb4,"['nib:02727', 'persilpasifid:4e22df8a0fd27453e053141d0b0aced1', 'nomor:10141708101287', 'geometry:6137a979fae2d3ee68387ed505b59bb4']",nib:02727
563efaaa5e5e4770ae660c294970940e,,Hak Milik,60,1998,,,10141706100110,,ARJASARI,107.6483048,-7.0630366,320416,,3204162001,ARJASARI,feff5a5dee6cf48a9af7cc1c6dbd1d4d,"['persilpasifid:563efaaa5e5e4770ae660c294970940e', 'nomor:10141706100110', 'geometry:feff5a5dee6cf48a9af7cc1c6dbd1d4d']",persilpasifid:563efaaa5e5e4770ae660c294970940e
c7ad744615904509893c562f94a0a170,,Hak Milik,60,1998,,,10141706100102,,ARJASARI,107.6483048,-7.0624126,320416,,3204162001,ARJASARI,38e93792bc3d2f173bc1fe83c8283f4a,"['persilpasifid:c7ad744615904509893c562f94a0a170', 'nomor:10141706100102', 'geometry:38e93792bc3d2f173bc1fe83c8283f4a']",persilpasifid:c7ad744615904509893c562f94a0a170
fdb46d9330c74b128801b2c4dfe8051e,,Hak Milik,60,1999,,,10141706100298,,ARJASARI,107.6483048,-7.0624126,320416,,3204162001,ARJASARI,a31e562c846b8347f63259c311fe93fd,"['persilpasifid:fdb46d9330c74b128801b2c4dfe8051e', 'nomor:10141706100298', 'geometry:a31e562c846b8347f63259c311fe93fd']",persilpasifid:fdb46d9330c74b128801b2c4dfe8051e
f50ce3bd3f1648e28e882fa1702559a8,,Hak Milik,60,1999,00219,,10141706100345,,ARJASARI,107.6483048,-7.0617885,320416,,3204162001,ARJASARI,80f7ce3d77b8100959e8f401ee35babc,"['nib:00219', 'persilpasifid:f50ce3bd3f1648e28e882fa1702559a8', 'nomor:10141706100345', 'geometry:80f7ce3d77b8100959e8f401ee35babc']",nib:00219
EC797DE7E004E7E1E0530C1D140ABF1E,,Hak Milik,222,2023,,GPS Geodetic,10141706106647,,ARJASARI,107.6483048,-7.056172,320416,,3204162001,ARJASARI,d945d0bcac5818cccc310481fbb78750,"['persilpasifid:ec797de7e004e7e1e0530c1d140abf1e', 'nomor:10141706106647', 'geometry:d945d0bcac5818cccc310481fbb78750']",persilpasifid:ec797de7e004e7e1e0530c1d140abf1e
2F2901598584D7D8E053131D0B0A6365,,Hak Milik,747,2016,02044,,10141706100933,,ARJASARI,107.6483048,-7.055548,320416,,3204162001,ARJASARI,b8a8e172db14cfa9fe42cded7f82564c,"['nib:02044', 'persilpasifid:2f2901598584d7d8e053131d0b0a6365', 'nomor:10141706100933', 'geometry:b8a8e172db14cfa9fe42cded7f82564c']",nib:02044
6CD7E4B14008C989E053031D0B0AEC24,,Hak Milik,141,2018,03625,,10141706105794,,ARJASARI,107.6483048,-7.0549239,320416,,3204162001,ARJASARI,2fd7cf5b34b34fc41185ecc9beead512,"['nib:03625', 'persilpasifid:6cd7e4b14008c989e053031d0b0aec24', 'nomor:10141706105794', 'geometry:2fd7cf5b34b34fc41185ecc9beead512']",nib:03625
6CD819C891AD5BB7E053031D0B0A788F,,Hak Milik,139,2018,03669,Meteran,10141706101673,,ARJASARI,107.6483048,-7.0549239,320416,,3204162001,ARJASARI,049966fc3f6b852c5b0a22bc9f42bff1,"['nib:03669', 'persilpasifid:6cd819c891ad5bb7e053031d0b0a788f', 'nomor:10141706101673', 'geometry:049966fc3f6b852c5b0a22bc9f42bff1']",nib:03669
6902D4C562DF5E87E053031D0B0AB08E,,Hak Milik,1063,2018,02700,Meteran,10141706105022,,ARJASARI,107.6483048,-7.0493073,320416,,3204162001,ARJASARI,ff9be45cba2934f465e01e018d776b78,"['nib:02700', 'persilpasifid:6902d4c562df5e87e053031d0b0ab08e', 'nomor:10141706105022', 'geometry:ff9be45cba2934f465e01e018d776b78']",nib:02700
995f9a48aca6410fb24b2cf7bbacf7a8,,Hak Milik,60,2001,01372,,10141706100474,,ARJASARI,107.6489336,-7.0617885,320416,,3204162001,ARJASARI,c23abdd9d6ec7a0c56ac23198ab4f06a,"['nib:01372', 'persilpasifid:995f9a48aca6410fb24b2cf7bbacf7a8', 'nomor:10141706100474', 'geometry:c23abdd9d6ec7a0c56ac23198ab4f06a']",nib:01372
46D419A15811D377E053031D0B0ABDD6,,Hak Milik,191,2017,02082,,10141706100967,,ARJASARI,107.6489336,-7.0592923,320416,,3204162001,ARJASARI,3952d9461dff2f175e351901a2445025,"['nib:02082', 'persilpasifid:46d419a15811d377e053031d0b0abdd6', 'nomor:10141706100967', 'geometry:3952d9461dff2f175e351901a2445025']",nib:02082
1968484E73046A58E053131D0B0ADB94,,Hak Milik,1378,2015,01864,,10141706100740,,ARJASARI,107.6489336,-7.0567961,320416,,3204162001,ARJASARI,63ac0e6870f38722d57c629fe878eabc,"['nib:01864', 'persilpasifid:1968484e73046a58e053131d0b0adb94', 'nomor:10141706100740', 'geometry:63ac0e6870f38722d57c629fe878eabc']",nib:01864
05EDA8A30A81817CE063B416140A28AA,,Hak Milik,1671,2024,,,10141706107289,,ARJASARI,107.6489336,-7.0574202,320416,,3204162001,ARJASARI,244526ab4259afa136bc368bea37b4a7,"['persilpasifid:05eda8a30a81817ce063b416140a28aa', 'nomor:10141706107289', 'geometry:244526ab4259afa136bc368bea37b4a7']",persilpasifid:05eda8a30a81817ce063b416140a28aa
2b2a378bb37349d7824b57450e33f3df,,Hak Milik,82,1998,,,10141706100179,,ARJASARI,107.6489336,-7.0624126,320416,,3204162001,ARJASARI,275275158198913c1ca726488a6b0302,"['persilpasifid:2b2a378bb37349d7824b57450e33f3df', 'nomor:10141706100179', 'geometry:275275158198913c1ca726488a6b0302']",persilpasifid:2b2a378bb37349d7824b57450e33f3df
3d2914ed037646929eabc47088c8da51,,Hak Milik,60,1998,,,10141706100180,,ARJASARI,107.6489336,-7.0624126,320416,,3204162001,ARJASARI,81bc9335b539d788b56d164e5efce706,"['persilpasifid:3d2914ed037646929eabc47088c8da51', 'nomor:10141706100180', 'geometry:81bc9335b539d788b56d164e5efce706']",persilpasifid:3d2914ed037646929eabc47088c8da51
6D000D1158628146E053031D0B0A4F26,,Hak Milik,124,2018,03737,Meteran,10141706105666,,ARJASARI,107.6489336,-7.0524277,320416,,3204162001,ARJASARI,f3ee893888f70622932723f534057e64,"['nib:03737', 'persilpasifid:6d000d1158628146e053031d0b0a4f26', 'nomor:10141706105666', 'geometry:f3ee893888f70622932723f534057e64']",nib:03737
6D000D7D08E38148E053031D0B0A18B9,,Hak Milik,152,2018,03686,Meteran,10141706101756,,ARJASARI,107.6489336,-7.0524277,320416,,3204162001,ARJASARI,b12e5e63bca8996e07d66c2d4a2039f7,"['nib:03686', 'persilpasifid:6d000d7d08e38148e053031d0b0a18b9', 'nomor:10141706101756', 'geometry:b12e5e63bca8996e07d66c2d4a2039f7']",nib:03686
6D000C1FF8FA765CE053021D0B0AC7E6,,Hak Milik,277,2018,03711,Meteran,10141706105762,,ARJASARI,107.6489336,-7.0530517,320416,,3204162001,ARJASARI,83805acaff6a46f0f84d9523fba22483,"['nib:03711', 'persilpasifid:6d000c1ff8fa765ce053021d0b0ac7e6', 'nomor:10141706105762', 'geometry:83805acaff6a46f0f84d9523fba22483']",nib:03711
29EB5DB0B4AB7823E063B516140A925E,,Hak Milik,279,2025,,,10141706107366,,ARJASARI,107.6489336,-7.056172,320416,,3204162001,ARJASARI,7f71bf31728639066ec88e8b847cc529,"['persilpasifid:29eb5db0b4ab7823e063b516140a925e', 'nomor:10141706107366', 'geometry:7f71bf31728639066ec88e8b847cc529']",persilpasifid:29eb5db0b4ab7823e063b516140a925e
6CD7E4B14013C989E053031D0B0AEC24,,Hak Milik,140,2018,03658,Meteran,10141706102069,,ARJASARI,107.6489336,-7.0549239,320416,,3204162001,ARJASARI,f82b676427495665d118dd39601873a9,"['nib:03658', 'persilpasifid:6cd7e4b14013c989e053031d0b0aec24', 'nomor:10141706102069', 'geometry:f82b676427495665d118dd39601873a9']",nib:03658
6CD7E4B1401BC989E053031D0B0AEC24,,Hak Milik,136,2018,03674,Meteran,10141706101688,,ARJASARI,107.6489336,-7.0542999,320416,,3204162001,ARJASARI,3fe7c97aea372cba5026d8855bec0763,"['nib:03674', 'persilpasifid:6cd7e4b1401bc989e053031d0b0aec24', 'nomor:10141706101688', 'geometry:3fe7c97aea372cba5026d8855bec0763']",nib:03674
76D544AC0E58F438E053141D0B0A57AE,,Hak Milik,1758,2018,06333,Meteran,10141706106026,,ARJASARI,107.6489336,-7.0486833,320416,,3204162001,ARJASARI,6a8d7fa4f61847a8f2c63db503e06410,"['nib:06333', 'persilpasifid:76d544ac0e58f438e053141d0b0a57ae', 'nomor:10141706106026', 'geometry:6a8d7fa4f61847a8f2c63db503e06410']",nib:06333
68DB0F0A3DB685C6E053131D0B0A93CB,,Hak Milik,582,2018,02405,Meteran,10141706101300,,ARJASARI,107.6489336,-7.0505555,320416,,3204162001,ARJASARI,239710727b5cc87b6cd85e2d3f330487,"['nib:02405', 'persilpasifid:68db0f0a3db685c6e053131d0b0a93cb', 'nomor:10141706101300', 'geometry:239710727b5cc87b6cd85e2d3f330487']",nib:02405
E21B6E81D23E166DE0530B1D140AB1FA,,Hak Milik,60,2023,,,10141706106698,,ARJASARI,107.6495624,-7.0692771,320416,,3204162001,ARJASARI,3d70a0d6f740ed77d2a0510bfca9c8fe,"['persilpasifid:e21b6e81d23e166de0530b1d140ab1fa', 'nomor:10141706106698', 'geometry:3d70a0d6f740ed77d2a0510bfca9c8fe']",persilpasifid:e21b6e81d23e166de0530b1d140ab1fa
E21B6E81D19B166DE0530B1D140AB1FA,,Hak Milik,60,2023,,,10141706106854,,ARJASARI,107.6495624,-7.068653,320416,,3204162001,ARJASARI,08ca82b3ac839006af8be11a9abbb3d3,"['persilpasifid:e21b6e81d19b166de0530b1d140ab1fa', 'nomor:10141706106854', 'geometry:08ca82b3ac839006af8be11a9abbb3d3']",persilpasifid:e21b6e81d19b166de0530b1d140ab1fa
9463DE30110C4682E0530C1D140ADF79,,Hak Milik,60,2021,07832,,10141706106385,,ARJASARI,107.6495624,-7.0667809,320416,,3204162001,ARJASARI,943bb8e6938643e56672aef700a9c65b,"['nib:07832', 'persilpasifid:9463de30110c4682e0530c1d140adf79', 'nomor:10141706106385', 'geometry:943bb8e6938643e56672aef700a9c65b']",nib:07832
EAAA081DB26F32AAE0530B1D140AD937,,Hak Milik,60,2023,,GPS Geodetic,10141706106869,,ARJASARI,107.6495624,-7.0661569,320416,,3204162001,ARJASARI,e7fe168ce4e06e2d2febe73e5252a017,"['persilpasifid:eaaa081db26f32aae0530b1d140ad937', 'nomor:10141706106869', 'geometry:e7fe168ce4e06e2d2febe73e5252a017']",persilpasifid:eaaa081db26f32aae0530b1d140ad937
EAAA031BAEC62BF3E0530C1D140A80C3,,Hak Milik,60,2023,,GPS Geodetic,10141706106884,,ARJASARI,107.6495624,-7.0649088,320416,,3204162001,ARJASARI,f2ba89d10df909b41fdbfe6a0a518118,"['persilpasifid:eaaa031baec62bf3e0530c1d140a80c3', 'nomor:10141706106884', 'geometry:f2ba89d10df909b41fdbfe6a0a518118']",persilpasifid:eaaa031baec62bf3e0530c1d140a80c3
68DA10FDB253684CE053141D0B0AF78D,,Hak Milik,483,2018,02390,Meteran,10141706101989,,ARJASARI,107.6489336,-7.0518036,320416,,3204162001,ARJASARI,bd4c46852f337890240e4875b527cea3,"['nib:02390', 'persilpasifid:68da10fdb253684ce053141d0b0af78d', 'nomor:10141706101989', 'geometry:bd4c46852f337890240e4875b527cea3']",nib:02390
4803112CC7BCD25BE053141D0B0AC547,,Hak Milik,178,2017,02172,,10141706101056,,ARJASARI,107.6495624,-7.0586683,320416,,3204162001,ARJASARI,86131f6e7f10aac47f18ac01130a8e42,"['nib:02172', 'persilpasifid:4803112cc7bcd25be053141d0b0ac547', 'nomor:10141706101056', 'geometry:86131f6e7f10aac47f18ac01130a8e42']",nib:02172
2D82C760C28A3B37E053031D0B0A3314,,Hak Milik,342,2018,01969,,10141706100858,,ARJASARI,107.6495624,-7.0599164,320416,,3204162001,ARJASARI,7d7f73c565453031ecc369c4ddd06cf7,"['nib:01969', 'persilpasifid:2d82c760c28a3b37e053031d0b0a3314', 'nomor:10141706100858', 'geometry:7d7f73c565453031ecc369c4ddd06cf7']",nib:01969
EAA9EFE45744A41AE0530C1D140A4F6D,,Hak Milik,60,2023,,GPS Geodetic,10141706106919,,ARJASARI,107.6495624,-7.0655328,320416,,3204162001,ARJASARI,5b1b22debbbcef5e2ae42ae0f316987f,"['persilpasifid:eaa9efe45744a41ae0530c1d140a4f6d', 'nomor:10141706106919', 'geometry:5b1b22debbbcef5e2ae42ae0f316987f']",persilpasifid:eaa9efe45744a41ae0530c1d140a4f6d
A2C2FC8D08F16163E0530C1D140AF6D6,,Hak Milik,60,2021,,,10141706106495,,ARJASARI,107.6495624,-7.068029,320416,,3204162001,ARJASARI,b36e5201da3475b4c864bfdfdd573277,"['persilpasifid:a2c2fc8d08f16163e0530c1d140af6d6', 'nomor:10141706106495', 'geometry:b36e5201da3475b4c864bfdfdd573277']",persilpasifid:a2c2fc8d08f16163e0530c1d140af6d6
4803112CC750D25BE053141D0B0AC547,,Hak Milik,437,2018,02118,,10141706101002,,ARJASARI,107.6495624,-7.0580442,320416,,3204162001,ARJASARI,4cf5cf24973759eaaa1e9210758fffff,"['nib:02118', 'persilpasifid:4803112cc750d25be053141d0b0ac547', 'nomor:10141706101002', 'geometry:4cf5cf24973759eaaa1e9210758fffff']",nib:02118
290BDC217E731E5FE053031D0B0A68D7,,Hak Milik,656,2016,01888,,10141706100810,,ARJASARI,107.6495624,-7.0605404,320416,,3204162001,ARJASARI,4f05f12d0552fd8270cf27685f34f7e3,"['nib:01888', 'persilpasifid:290bdc217e731e5fe053031d0b0a68d7', 'nomor:10141706100810', 'geometry:4f05f12d0552fd8270cf27685f34f7e3']",nib:01888
75CF667187DD50BDE053131D0B0AA18B,,Hak Milik,263,1981,06209,,10141706102779,,ARJASARI,107.6495624,-7.056172,320416,,3204162001,ARJASARI,59510050f40cfee8290680361ac53e59,"['nib:06209', 'persilpasifid:75cf667187dd50bde053131d0b0aa18b', 'nomor:10141706102779', 'geometry:59510050f40cfee8290680361ac53e59']",nib:06209
68EE41836D3F354BE053141D0B0A1071,,Hak Milik,986,2018,02564,Meteran,10141706106299,,ARJASARI,107.6495624,-7.0486833,320416,,3204162001,ARJASARI,affdbdc5314a318c4ddcbccd717a7077,"['nib:02564', 'persilpasifid:68ee41836d3f354be053141d0b0a1071', 'nomor:10141706106299', 'geometry:affdbdc5314a318c4ddcbccd717a7077']",nib:02564
FF00434D5BBEEC1AE0530C1D140A0FE9,,Hak Milik,60,2024,,,10141706107351,,ARJASARI,107.6501912,-7.0692771,320416,,3204162001,ARJASARI,c95ede7e6b8c5eb1c5782b396d823740,"['persilpasifid:ff00434d5bbeec1ae0530c1d140a0fe9', 'nomor:10141706107351', 'geometry:c95ede7e6b8c5eb1c5782b396d823740']",persilpasifid:ff00434d5bbeec1ae0530c1d140a0fe9
FF0051CFD0A838FBE0530C1D140A0A7C,,Hak Milik,60,2024,,,10141706107296,,ARJASARI,107.6501912,-7.0692771,320416,,3204162001,ARJASARI,b1ea05620a9c1885e28fbfc34e3cd32c,"['persilpasifid:ff0051cfd0a838fbe0530c1d140a0a7c', 'nomor:10141706107296', 'geometry:b1ea05620a9c1885e28fbfc34e3cd32c']",persilpasifid:ff0051cfd0a838fbe0530c1d140a0a7c
6D000C1FF8FD765CE053021D0B0AC7E6,,Hak Milik,305,2018,03738,Meteran,10141706101765,,ARJASARI,107.6495624,-7.0524277,320416,,3204162001,ARJASARI,b8bce60c308c3f1cb5199c3c0fceb6de,"['nib:03738', 'persilpasifid:6d000c1ff8fd765ce053021d0b0ac7e6', 'nomor:10141706101765', 'geometry:b8bce60c308c3f1cb5199c3c0fceb6de']",nib:03738
6D000D3AABA68142E053031D0B0A010D,,Hak Milik,90,2018,03693,Meteran,10141706104012,,ARJASARI,107.6495624,-7.0524277,320416,,3204162001,ARJASARI,b4282b5d754aa7fe24163d35d3ef3634,"['nib:03693', 'persilpasifid:6d000d3aaba68142e053031d0b0a010d', 'nomor:10141706104012', 'geometry:b4282b5d754aa7fe24163d35d3ef3634']",nib:03693
FF0043817DDAEC5AE0530C1D140AF324,,Hak Guna Bangunan,72,2023,,,10141706301519,,ARJASARI,107.6501912,-7.068653,320416,,3204162001,ARJASARI,642e7e1365d48eb89e3b6297f480f8b4,"['persilpasifid:ff0043817ddaec5ae0530c1d140af324', 'nomor:10141706301519', 'geometry:642e7e1365d48eb89e3b6297f480f8b4']",persilpasifid:ff0043817ddaec5ae0530c1d140af324
75B9F05199F11C7DE053031D0B0A9830,,Hak Milik,334,2018,06148,Meteran,10141706104048,,ARJASARI,107.6495624,-7.055548,320416,,3204162001,ARJASARI,69ea489f49a2cbf66830fa4581d4b3c9,"['nib:06148', 'persilpasifid:75b9f05199f11c7de053031d0b0a9830', 'nomor:10141706104048', 'geometry:69ea489f49a2cbf66830fa4581d4b3c9']",nib:06148
75B9F897BF5ACF32E053141D0B0A3091,,Hak Milik,121,2018,06147,Meteran,10141706104069,,ARJASARI,107.6495624,-7.055548,320416,,3204162001,ARJASARI,bdfa15bf027e43be0c4777e264d5f604,"['nib:06147', 'persilpasifid:75b9f897bf5acf32e053141d0b0a3091', 'nomor:10141706104069', 'geometry:bdfa15bf027e43be0c4777e264d5f604']",nib:06147
6D000D11584F8146E053031D0B0A4F26,,Hak Milik,285,2018,03714,Meteran,10141706101731,,ARJASARI,107.6495624,-7.0530517,320416,,3204162001,ARJASARI,3ff55687185b08fcead11620feebc5e1,"['nib:03714', 'persilpasifid:6d000d11584f8146e053031d0b0a4f26', 'nomor:10141706101731', 'geometry:3ff55687185b08fcead11620feebc5e1']",nib:03714
CD81A98308FD8E94E0530C1D140A5497,,Hak Guna Bangunan,60,2021,,,10141706300998,,ARJASARI,107.6501912,-7.068029,320416,,3204162001,ARJASARI,5a8061be2ce5e0c5e2f101d5dec0cbe8,"['persilpasifid:cd81a98308fd8e94e0530c1d140a5497', 'nomor:10141706300998', 'geometry:5a8061be2ce5e0c5e2f101d5dec0cbe8']",persilpasifid:cd81a98308fd8e94e0530c1d140a5497
FF00544564162EDEE0530B1D140A01BA,,Hak Guna Bangunan,60,2023,,,10141706301464,,ARJASARI,107.6501912,-7.0655328,320416,,3204162001,ARJASARI,c27a26e1a26187aa8433d1de5dc1d8db,"['persilpasifid:ff00544564162edee0530b1d140a01ba', 'nomor:10141706301464', 'geometry:c27a26e1a26187aa8433d1de5dc1d8db']",persilpasifid:ff00544564162edee0530b1d140a01ba
68DA10FDB24B684CE053141D0B0AF78D,,Hak Milik,326,2018,02382,Meteran,10141706101266,,ARJASARI,107.6495624,-7.0511795,320416,,3204162001,ARJASARI,7c454f7bc92d693ffe6480f9256b2be2,"['nib:02382', 'persilpasifid:68da10fdb24b684ce053141d0b0af78d', 'nomor:10141706101266', 'geometry:7c454f7bc92d693ffe6480f9256b2be2']",nib:02382
2D82C7858BA03B3DE053031D0B0A3DEB,,Hak Milik,390,2016,02000,,10141706100889,,ARJASARI,107.6501912,-7.0592923,320416,,3204162001,ARJASARI,973f0f449e7901c0821ebad36378164c,"['nib:02000', 'persilpasifid:2d82c7858ba03b3de053031d0b0a3deb', 'nomor:10141706100889', 'geometry:973f0f449e7901c0821ebad36378164c']",nib:02000
EAA9EFE45733A41AE0530C1D140A4F6D,,Hak Guna Bangunan,60,2022,,GPS Geodetic,10141706301197,,ARJASARI,107.6501912,-7.0649088,320416,,3204162001,ARJASARI,9723d4236e1a561c172ec4df6dcbffc4,"['persilpasifid:eaa9efe45733a41ae0530c1d140a4f6d', 'nomor:10141706301197', 'geometry:9723d4236e1a561c172ec4df6dcbffc4']",persilpasifid:eaa9efe45733a41ae0530c1d140a4f6d
bcc824b4a15d4ccbb4fa72b258e3fe7b,,Hak Milik,763,1995,01872,,10141706100037,,ARJASARI,107.6501912,-7.0580442,320416,,3204162001,ARJASARI,9c2debe33e393bce3ac619ac011079a0,"['nib:01872', 'persilpasifid:bcc824b4a15d4ccbb4fa72b258e3fe7b', 'nomor:10141706100037', 'geometry:9c2debe33e393bce3ac619ac011079a0']",nib:01872
75B9F803FB5F8EC0E053021D0B0A176D,,Hak Milik,1660,2018,06118,Meteran,10141706105830,,ARJASARI,107.6501912,-7.0549239,320416,,3204162001,ARJASARI,2cb7c16a9a4b276399e21043e02fd3dd,"['nib:06118', 'persilpasifid:75b9f803fb5f8ec0e053021d0b0a176d', 'nomor:10141706105830', 'geometry:2cb7c16a9a4b276399e21043e02fd3dd']",nib:06118
75B9F9195E861C89E053031D0B0A01BE,,Hak Milik,1386,2018,06117,Meteran,10141706105829,,ARJASARI,107.6501912,-7.0542999,320416,,3204162001,ARJASARI,283c6010891db72b6f75e25d1909832e,"['nib:06117', 'persilpasifid:75b9f9195e861c89e053031d0b0a01be', 'nomor:10141706105829', 'geometry:283c6010891db72b6f75e25d1909832e']",nib:06117
68D50CAE880DD8CCE053131D0B0A3646,,Hak Milik,284,2018,02346,Meteran,10141706101132,,ARJASARI,107.6501912,-7.0493073,320416,,3204162001,ARJASARI,d8dc79685cb6af79f29bbe35ee83a6ac,"['nib:02346', 'persilpasifid:68d50cae880dd8cce053131d0b0a3646', 'nomor:10141706101132', 'geometry:d8dc79685cb6af79f29bbe35ee83a6ac']",nib:02346
68EC80A4E1762754E053131D0B0ACC7F,,Hak Milik,1056,2018,02502,Meteran,10141706101223,,ARJASARI,107.6501912,-7.0536758,320416,,3204162001,ARJASARI,3d001d2db123cf61c85b07b76d3b719a,"['nib:02502', 'persilpasifid:68ec80a4e1762754e053131d0b0acc7f', 'nomor:10141706101223', 'geometry:3d001d2db123cf61c85b07b76d3b719a']",nib:02502
7841F2361A0BC413E053021D0B0AB4D1,,Hak Milik,195,2018,07194,Meteran,10141706106121,,ARJASARI,107.6501912,-7.0574202,320416,,3204162001,ARJASARI,2bbb4237a42544282a386d295588ccd2,"['nib:07194', 'persilpasifid:7841f2361a0bc413e053021d0b0ab4d1', 'nomor:10141706106121', 'geometry:2bbb4237a42544282a386d295588ccd2']",nib:07194
68EC80A4E17D2754E053131D0B0ACC7F,,Hak Milik,1307,2018,02515,Meteran,10141706101196,,ARJASARI,107.6501912,-7.0530517,320416,,3204162001,ARJASARI,5095051c3324ce2c0ef303ac47be62b1,"['nib:02515', 'persilpasifid:68ec80a4e17d2754e053131d0b0acc7f', 'nomor:10141706101196', 'geometry:5095051c3324ce2c0ef303ac47be62b1']",nib:02515
93384e8f9afc4f869739df2ac58703a6,,Hak Guna Bangunan,60,2004,01576,,10141706300150,,ARJASARI,107.65082,-7.068029,320416,,3204162001,ARJASARI,4a247f943016792754c6d4a9f8293003,"['nib:01576', 'persilpasifid:93384e8f9afc4f869739df2ac58703a6', 'nomor:10141706300150', 'geometry:4a247f943016792754c6d4a9f8293003']",nib:01576
E6CC92B7F50ECECEE0530C1D140AF655,,Hak Milik,90,2024,,,10141706107358,,ARJASARI,107.65082,-7.0674049,320416,,3204162001,ARJASARI,42cb89f932e5deb44c8bfb0a713b5ba9,"['persilpasifid:e6cc92b7f50ececee0530c1d140af655', 'nomor:10141706107358', 'geometry:42cb89f932e5deb44c8bfb0a713b5ba9']",persilpasifid:e6cc92b7f50ececee0530c1d140af655
4803112CC79AD25BE053141D0B0AC547,,Hak Milik,176,2017,02155,,10141706101039,,ARJASARI,107.6501912,-7.0586683,320416,,3204162001,ARJASARI,d5236b2532ed1cc9ed5eccf3691091eb,"['nib:02155', 'persilpasifid:4803112cc79ad25be053141d0b0ac547', 'nomor:10141706101039', 'geometry:d5236b2532ed1cc9ed5eccf3691091eb']",nib:02155
68D5872C18F293A7E053141D0B0A4DF9,,Hak Milik,152,2018,02333,Meteran,10141706101173,,ARJASARI,107.6501912,-7.0499314,320416,,3204162001,ARJASARI,ed0cfd5e4cf4b9d34898cb3145f6bda5,"['nib:02333', 'persilpasifid:68d5872c18f293a7e053141d0b0a4df9', 'nomor:10141706101173', 'geometry:ed0cfd5e4cf4b9d34898cb3145f6bda5']",nib:02333
68DDD7B9869EC974E053021D0B0A6138,,Hak Milik,269,2018,02435,Meteran,10141706101169,,ARJASARI,107.6501912,-7.0505555,320416,,3204162001,ARJASARI,7ad6abfca628ea30f26e98c6effb83f7,"['nib:02435', 'persilpasifid:68ddd7b9869ec974e053021d0b0a6138', 'nomor:10141706101169', 'geometry:7ad6abfca628ea30f26e98c6effb83f7']",nib:02435
68DD01138FC1AF58E053131D0B0A3E12,,Hak Milik,329,2018,02430,Meteran,10141706101998,,ARJASARI,107.65082,-7.0499314,320416,,3204162001,ARJASARI,ce053e3d3ca1404300b7a94699e8b082,"['nib:02430', 'persilpasifid:68dd01138fc1af58e053131d0b0a3e12', 'nomor:10141706101998', 'geometry:ce053e3d3ca1404300b7a94699e8b082']",nib:02430
1981BFDBA930F418E063B516140AF9FE,,Hak Guna Bangunan,60,2024,,,10141706301909,,ARJASARI,107.6514489,-7.068653,320416,,3204162001,ARJASARI,bad4833b05dac0c49334c36f1f007073,"['persilpasifid:1981bfdba930f418e063b516140af9fe', 'nomor:10141706301909', 'geometry:bad4833b05dac0c49334c36f1f007073']",persilpasifid:1981bfdba930f418e063b516140af9fe
4A9C5F8D7DD1C08EE063B416140A0370,,Hak Milik,1046,2026,,,10141706107385,,ARJASARI,107.65082,-7.0574202,320416,,3204162001,ARJASARI,5bb87c25b8a04d1d1b7f7e321350abdb,"['persilpasifid:4a9c5f8d7dd1c08ee063b416140a0370', 'nomor:10141706107385', 'geometry:5bb87c25b8a04d1d1b7f7e321350abdb']",persilpasifid:4a9c5f8d7dd1c08ee063b416140a0370
52776BD7031AE3DDE053141D0B0A8D13,,Hak Milik,1890,2017,03548,,10141708102408,,ARJASARI,107.6514489,-7.0486833,320416,,3204162001,ARJASARI,f2ea288dfd8b832a581508e47f3f2630,"['nib:03548', 'persilpasifid:52776bd7031ae3dde053141d0b0a8d13', 'nomor:10141708102408', 'geometry:f2ea288dfd8b832a581508e47f3f2630']",nib:03548
FF00474289AA051FE0530C1D140ABFCE,,Hak Milik,60,2024,,CORS,10141706107197,,ARJASARI,107.6520777,-7.0705252,320416,,3204162001,ARJASARI,dd18a3bfe1d050433a7df37d7184a9ac,"['persilpasifid:ff00474289aa051fe0530c1d140abfce', 'nomor:10141706107197', 'geometry:dd18a3bfe1d050433a7df37d7184a9ac']",persilpasifid:ff00474289aa051fe0530c1d140abfce
FF0051CFD0C138FBE0530C1D140A0A7C,,Hak Milik,60,2024,,CORS,10141706107135,,ARJASARI,107.6520777,-7.0705252,320416,,3204162001,ARJASARI,b98a14fc1f6e9a23139ffbaaa737910b,"['persilpasifid:ff0051cfd0c138fbe0530c1d140a0a7c', 'nomor:10141706107135', 'geometry:b98a14fc1f6e9a23139ffbaaa737910b']",persilpasifid:ff0051cfd0c138fbe0530c1d140a0a7c
FF00544A063245E2E0530C1D140A8C3B,,Hak Milik,60,2024,,CORS,10141706107228,,ARJASARI,107.6520777,-7.0699011,320416,,3204162001,ARJASARI,198fabc2dafb171aa883f3f207d15f66,"['persilpasifid:ff00544a063245e2e0530c1d140a8c3b', 'nomor:10141706107228', 'geometry:198fabc2dafb171aa883f3f207d15f66']",persilpasifid:ff00544a063245e2e0530c1d140a8c3b
1981CAB71F99F431E063B416140A5ACA,,Hak Guna Bangunan,60,2024,,,10141706301975,,ARJASARI,107.6520777,-7.0692771,320416,,3204162001,ARJASARI,cb0bf3858d3e30b095431e27c15ec6af,"['persilpasifid:1981cab71f99f431e063b416140a5aca', 'nomor:10141706301975', 'geometry:cb0bf3858d3e30b095431e27c15ec6af']",persilpasifid:1981cab71f99f431e063b416140a5aca
0A555824B73D242EE063B516140AEDAD,,Hak Guna Bangunan,60,2023,,,10141703301363,,ARJASARI,107.6228375,-7.0536758,320416,,3204162001,ARJASARI,37e00e96eba3bbd76eaefb6698b22489,"['persilpasifid:0a555824b73d242ee063b516140aedad', 'nomor:10141703301363', 'geometry:37e00e96eba3bbd76eaefb6698b22489']",persilpasifid:0a555824b73d242ee063b516140aedad
0A556FC962A4448CE063B416140A9816,,Hak Guna Bangunan,60,2023,,,10141703301376,,ARJASARI,107.6228375,-7.0536758,320416,,3204162001,ARJASARI,9ea3163be1cd8ae3d1c62900cc19304d,"['persilpasifid:0a556fc962a4448ce063b416140a9816', 'nomor:10141703301376', 'geometry:9ea3163be1cd8ae3d1c62900cc19304d']",persilpasifid:0a556fc962a4448ce063b416140a9816
6DCBBCAD856419AEE053141D0B0A838F,,Hak Milik,1082,2018,02001,Meteran,10141703100467,,ARJASARI,107.6228375,-7.0518036,320416,,3204162001,ARJASARI,0acd125e4a0f9e6a61f5990bb72e4286,"['nib:02001', 'persilpasifid:6dcbbcad856419aee053141d0b0a838f', 'nomor:10141703100467', 'geometry:0acd125e4a0f9e6a61f5990bb72e4286']",nib:02001
464A9407758894EEE063B416140A4EB3,,Kosong,3244,,,,,,ARJASARI,107.6228375,-7.0493073,320416,,3204162001,ARJASARI,cc28dacd4b9d2cca0a1857d6217fa499,"['persilpasifid:464a9407758894eee063b416140a4eb3', 'geometry:cc28dacd4b9d2cca0a1857d6217fa499']",persilpasifid:464a9407758894eee063b416140a4eb3
2DD5998B849B17A3E063B516140ADC47,,Hak Guna Bangunan,10543,2025,,,10141703302088,,ARJASARI,107.6234663,-7.0536758,320416,,3204162001,ARJASARI,e98e1e752e7168aa3644268200b625d5,"['persilpasifid:2dd5998b849b17a3e063b516140adc47', 'nomor:10141703302088', 'geometry:e98e1e752e7168aa3644268200b625d5']",persilpasifid:2dd5998b849b17a3e063b516140adc47
6DCCA89E07E12CDAE053021D0B0A86E8,,Hak Milik,313,2018,02073,Meteran,10141703100485,,ARJASARI,107.6234663,-7.0524277,320416,,3204162001,ARJASARI,892282ca7fcea814060c1f0bea1d58d7,"['nib:02073', 'persilpasifid:6dcca89e07e12cdae053021d0b0a86e8', 'nomor:10141703100485', 'geometry:892282ca7fcea814060c1f0bea1d58d7']",nib:02073
FAEB821A8CDC7E36E043021D0B0A4543,,Hak Milik,2347,2014,01257,,10141708100524,,ARJASARI,107.6520777,-7.0736453,320416,,3204162001,ARJASARI,d091701a96393d58f25d3f5aaca5a1d6,"['nib:01257', 'persilpasifid:faeb821a8cdc7e36e043021d0b0a4543', 'nomor:10141708100524', 'geometry:d091701a96393d58f25d3f5aaca5a1d6']",nib:01257
FF00474289B6051FE0530C1D140ABFCE,,Hak Milik,60,2023,,CORS,10141706301685,,ARJASARI,107.6520777,-7.0711492,320416,,3204162001,ARJASARI,7306a9b93671683ef8020a5c336240d0,"['persilpasifid:ff00474289b6051fe0530c1d140abfce', 'nomor:10141706301685', 'geometry:7306a9b93671683ef8020a5c336240d0']",persilpasifid:ff00474289b6051fe0530c1d140abfce
FF00544A063645E2E0530C1D140A8C3B,,Hak Milik,60,2024,,CORS,10141706107313,,ARJASARI,107.6520777,-7.0711492,320416,,3204162001,ARJASARI,ff8aac26d68c2d1f23d7f7c225a5e624,"['persilpasifid:ff00544a063645e2e0530c1d140a8c3b', 'nomor:10141706107313', 'geometry:ff8aac26d68c2d1f23d7f7c225a5e624']",persilpasifid:ff00544a063645e2e0530c1d140a8c3b
1981BEB2CB2C89A5E063B416140A97BE,,Hak Guna Bangunan,60,2024,,,10141706302019,,ARJASARI,107.6520777,-7.068653,320416,,3204162001,ARJASARI,3f89822313ac3c35a57ae06191d13073,"['persilpasifid:1981beb2cb2c89a5e063b416140a97be', 'nomor:10141706302019', 'geometry:3f89822313ac3c35a57ae06191d13073']",persilpasifid:1981beb2cb2c89a5e063b416140a97be
1981CAB71F9FF431E063B416140A5ACA,,Hak Milik,60,2024,,,10141706302018,,ARJASARI,107.6520777,-7.068653,320416,,3204162001,ARJASARI,5d4da0e83cf49c793cbebf3b8fa43e3e,"['persilpasifid:1981cab71f9ff431e063b416140a5aca', 'nomor:10141706302018', 'geometry:5d4da0e83cf49c793cbebf3b8fa43e3e']",persilpasifid:1981cab71f9ff431e063b416140a5aca
7532CB1EFD9092B1E053021D0B0AEA1F,,Hak Milik,605,2018,05995,Meteran,10141706105852,,ARJASARI,107.624724,-7.0511795,320416,,3204162001,ARJASARI,9b045401df86c0df53f3b78eba5e977d,"['nib:05995', 'persilpasifid:7532cb1efd9092b1e053021d0b0aea1f', 'nomor:10141706105852', 'geometry:9b045401df86c0df53f3b78eba5e977d']",nib:05995
28f9f5a15db243cbafefd233ba690299,,Hak Milik,2100,1987,01754,,10141706100004,,ARJASARI,107.624724,-7.0505555,320416,,3204162001,ARJASARI,4c942a43390547871dd20f163da9b508,"['nib:01754', 'persilpasifid:28f9f5a15db243cbafefd233ba690299', 'nomor:10141706100004', 'geometry:4c942a43390547871dd20f163da9b508']",nib:01754
7532CB1EFD9792B1E053021D0B0AEA1F,,Hak Milik,998,2018,06002,Meteran,10141706103776,,ARJASARI,107.6253528,-7.0511795,320416,,3204162001,ARJASARI,e0f0e61e8c94e7ab9923c9daac307875,"['nib:06002', 'persilpasifid:7532cb1efd9792b1e053021d0b0aea1f', 'nomor:10141706103776', 'geometry:e0f0e61e8c94e7ab9923c9daac307875']",nib:06002
6DCC49AB6595DB3CE053131D0B0AC11B,,Hak Milik,280,2018,02081,Meteran,10141703100454,,ARJASARI,107.6253528,-7.0524277,320416,,3204162001,ARJASARI,70456c89791f3d0e94b1fddaebc2e457,"['nib:02081', 'persilpasifid:6dcc49ab6595db3ce053131d0b0ac11b', 'nomor:10141703100454', 'geometry:70456c89791f3d0e94b1fddaebc2e457']",nib:02081
75331060C830907BE053021D0B0AF978,,Hak Milik,967,2018,05987,Meteran,10141706105862,,ARJASARI,107.6240952,-7.0511795,320416,,3204162001,ARJASARI,734645ae702108b9d7d2f450ab15e765,"['nib:05987', 'persilpasifid:75331060c830907be053021d0b0af978', 'nomor:10141706105862', 'geometry:734645ae702108b9d7d2f450ab15e765']",nib:05987
6DCC4D21AB0910E5E053021D0B0A4F61,,Hak Milik,296,2018,02121,Meteran,10141703100642,,ARJASARI,107.6259816,-7.0524277,320416,,3204162001,ARJASARI,598a80519a7c49a51a888f458273ae84,"['nib:02121', 'persilpasifid:6dcc4d21ab0910e5e053021d0b0a4f61', 'nomor:10141703100642', 'geometry:598a80519a7c49a51a888f458273ae84']",nib:02121
7532CB1EFD9B92B1E053021D0B0AEA1F,,Hak Milik,1388,2018,06012,Meteran,10141706103787,,ARJASARI,107.6259816,-7.0505555,320416,,3204162001,ARJASARI,cde8df995df3b181e70c7d48fa875375,"['nib:06012', 'persilpasifid:7532cb1efd9b92b1e053021d0b0aea1f', 'nomor:10141706103787', 'geometry:cde8df995df3b181e70c7d48fa875375']",nib:06012
753079889CECD961E053031D0B0AB988,,Hak Milik,171,2018,06058,Meteran,10141706103734,,ARJASARI,107.6266104,-7.0499314,320416,,3204162001,ARJASARI,597cdbbe9c364d01edbfb746947bd1e5,"['nib:06058', 'persilpasifid:753079889cecd961e053031d0b0ab988', 'nomor:10141706103734', 'geometry:597cdbbe9c364d01edbfb746947bd1e5']",nib:06058
753079889CE7D961E053031D0B0AB988,,Hak Milik,325,2018,06052,Meteran,10141706103785,,ARJASARI,107.6266104,-7.0505555,320416,,3204162001,ARJASARI,62a76abea5c684f4027c13ae5ab1914c,"['nib:06052', 'persilpasifid:753079889ce7d961e053031d0b0ab988', 'nomor:10141706103785', 'geometry:62a76abea5c684f4027c13ae5ab1914c']",nib:06052
6DEF926E41E096D3E053131D0B0A4062,,Hak Milik,865,2018,02469,Meteran,10141703100552,,ARJASARI,107.6278681,-7.0530517,320416,,3204162001,ARJASARI,973ea16592d3168867c48c327aeb6adb,"['nib:02469', 'persilpasifid:6def926e41e096d3e053131d0b0a4062', 'nomor:10141703100552', 'geometry:973ea16592d3168867c48c327aeb6adb']",nib:02469
751A3CF8DFCC9865E053021D0B0A512D,,Hak Milik,460,2018,05864,Meteran,10141706105883,,ARJASARI,107.6278681,-7.0486833,320416,,3204162001,ARJASARI,2285c24c36b02cb74299cbdcf53cc9aa,"['nib:05864', 'persilpasifid:751a3cf8dfcc9865e053021d0b0a512d', 'nomor:10141706105883', 'geometry:2285c24c36b02cb74299cbdcf53cc9aa']",nib:05864
6DEFB67253F43093E053021D0B0A7B78,,Hak Milik,256,2018,02565,Meteran,10141703101150,,ARJASARI,107.6278681,-7.0524277,320416,,3204162001,ARJASARI,9a7074c4b3dfc9b0921ed441ba709419,"['nib:02565', 'persilpasifid:6defb67253f43093e053021d0b0a7b78', 'nomor:10141703101150', 'geometry:9a7074c4b3dfc9b0921ed441ba709419']",nib:02565
75B9F269CE4DB9D1E053141D0B0A0C87,,Hak Milik,948,2018,06165,Meteran,10141706104035,,ARJASARI,107.6278681,-7.0480592,320416,,3204162001,ARJASARI,effa2d0c8915830d0115a17c205fbf1d,"['nib:06165', 'persilpasifid:75b9f269ce4db9d1e053141d0b0a0c87', 'nomor:10141706104035', 'geometry:effa2d0c8915830d0115a17c205fbf1d']",nib:06165
72492B6784D74236E053141D0B0A93EA,,Hak Milik,1075,2018,03641,Meteran,10141703101097,,ARJASARI,107.6284969,-7.0536758,320416,,3204162001,ARJASARI,94c0751b93f9beee60207af0da313c19,"['nib:03641', 'persilpasifid:72492b6784d74236e053141d0b0a93ea', 'nomor:10141703101097', 'geometry:94c0751b93f9beee60207af0da313c19']",nib:03641
751A3CF8DFBC9865E053021D0B0A512D,,Hak Milik,529,2018,05848,Meteran,10141706103611,,ARJASARI,107.6284969,-7.0486833,320416,,3204162001,ARJASARI,69e643ff99ac521def50153e31dab3c3,"['nib:05848', 'persilpasifid:751a3cf8dfbc9865e053021d0b0a512d', 'nomor:10141706103611', 'geometry:69e643ff99ac521def50153e31dab3c3']",nib:05848
751A3CF8E00B9865E053021D0B0A512D,,Hak Milik,231,2018,05958,Meteran,10141706105877,,ARJASARI,107.6284969,-7.0480592,320416,,3204162001,ARJASARI,a9bf42d799374d035229c2e2094b0202,"['nib:05958', 'persilpasifid:751a3cf8e00b9865e053021d0b0a512d', 'nomor:10141706105877', 'geometry:a9bf42d799374d035229c2e2094b0202']",nib:05958
688e9738c0d04dd8b2d06eb0949887cf,,Hak Milik,1475,1997,00070,,10141706100065,,ARJASARI,107.6284969,-7.0499314,320416,,3204162001,ARJASARI,9839daabc7fb9641e67f063dca546dcc,"['nib:00070', 'persilpasifid:688e9738c0d04dd8b2d06eb0949887cf', 'nomor:10141706100065', 'geometry:9839daabc7fb9641e67f063dca546dcc']",nib:00070
75B9F05199F51C7DE053031D0B0A9830,,Hak Milik,2314,2018,06195,Meteran,10141706104022,,ARJASARI,107.6284969,-7.0449389,320416,,3204162001,ARJASARI,b25f25232e5e43efbf6f79e860e8dfa2,"['nib:06195', 'persilpasifid:75b9f05199f51c7de053031d0b0a9830', 'nomor:10141706104022', 'geometry:b25f25232e5e43efbf6f79e860e8dfa2']",nib:06195
6DEFB67253EE3093E053021D0B0A7B78,,Hak Milik,418,2018,02559,Meteran,10141703100553,,ARJASARI,107.6291257,-7.0524277,320416,,3204162001,ARJASARI,a3a829995d049456c6a6cf7cb584bd31,"['nib:02559', 'persilpasifid:6defb67253ee3093e053021d0b0a7b78', 'nomor:10141703100553', 'geometry:a3a829995d049456c6a6cf7cb584bd31']",nib:02559
72492B6784D14236E053141D0B0A93EA,,Hak Milik,1803,2018,03635,Meteran,10141703101109,,ARJASARI,107.6291257,-7.0542999,320416,,3204162001,ARJASARI,a9817781068124c760b6bc9a683e065d,"['nib:03635', 'persilpasifid:72492b6784d14236e053141d0b0a93ea', 'nomor:10141703101109', 'geometry:a9817781068124c760b6bc9a683e065d']",nib:03635
7558BE2A860FB6B0E053141D0B0A12B4,,Hak Milik,561,2018,06111,Meteran,10141706105820,,ARJASARI,107.6291257,-7.0518036,320416,,3204162001,ARJASARI,c29f8ba406c73e80de10550fdb208d5b,"['nib:06111', 'persilpasifid:7558be2a860fb6b0e053141d0b0a12b4', 'nomor:10141706105820', 'geometry:c29f8ba406c73e80de10550fdb208d5b']",nib:06111
751A3CF8E0159865E053021D0B0A512D,,Hak Milik,397,2018,05968,Meteran,10141706105879,,ARJASARI,107.6284969,-7.0505555,320416,,3204162001,ARJASARI,f37feb240b55c59a7074215733d975dc,"['nib:05968', 'persilpasifid:751a3cf8e0159865e053021d0b0a512d', 'nomor:10141706105879', 'geometry:f37feb240b55c59a7074215733d975dc']",nib:05968
751A3CF8E01E9865E053021D0B0A512D,,Hak Milik,435,2018,05977,Meteran,10141706105849,,ARJASARI,107.6284969,-7.0493073,320416,,3204162001,ARJASARI,91f464f2842a793d6dae00dc9aa8dffa,"['nib:05977', 'persilpasifid:751a3cf8e01e9865e053021d0b0a512d', 'nomor:10141706105849', 'geometry:91f464f2842a793d6dae00dc9aa8dffa']",nib:05977
751A3CF8E01F9865E053021D0B0A512D,,Hak Milik,73,2018,05978,Meteran,10141706105850,,ARJASARI,107.6284969,-7.0493073,320416,,3204162001,ARJASARI,ffd2792564161d466ecbba15eeed78de,"['nib:05978', 'persilpasifid:751a3cf8e01f9865e053021d0b0a512d', 'nomor:10141706105850', 'geometry:ffd2792564161d466ecbba15eeed78de']",nib:05978
72492B6784CC4236E053141D0B0A93EA,,Hak Milik,304,2018,03630,Meteran,10141703102547,,ARJASARI,107.6291257,-7.0536758,320416,,3204162001,ARJASARI,9a1f7009f9bf5934389e6e87495f0eb3,"['nib:03630', 'persilpasifid:72492b6784cc4236e053141d0b0a93ea', 'nomor:10141703102547', 'geometry:9a1f7009f9bf5934389e6e87495f0eb3']",nib:03630
72492B6784C54236E053141D0B0A93EA,,Kosong,364,,03623,,,,ARJASARI,107.6278681,-7.0536758,320416,,3204162001,ARJASARI,c67a91ac87093cb236197e7ffb587ed9,"['nib:03623', 'persilpasifid:72492b6784c54236e053141d0b0a93ea', 'geometry:c67a91ac87093cb236197e7ffb587ed9']",nib:03623
06CCAA93EDC07C50E063B516140A28FD,,Hak Milik,67,2023,,,10141706107000,,ARJASARI,107.6278681,-7.0511795,320416,,3204162001,ARJASARI,94a70bbd60845a469913f6c5aafc2e02,"['persilpasifid:06ccaa93edc07c50e063b516140a28fd', 'nomor:10141706107000', 'geometry:94a70bbd60845a469913f6c5aafc2e02']",persilpasifid:06ccaa93edc07c50e063b516140a28fd
06CCB72C905F8CD5E063B416140AD1F7,,Hak Milik,89,2023,,,10141706107003,,ARJASARI,107.6278681,-7.0511795,320416,,3204162001,ARJASARI,ea5c7cc9aa996064ca1cad90ed22dc81,"['persilpasifid:06ccb72c905f8cd5e063b416140ad1f7', 'nomor:10141706107003', 'geometry:ea5c7cc9aa996064ca1cad90ed22dc81']",persilpasifid:06ccb72c905f8cd5e063b416140ad1f7
06CCB873269CF1E1E063B516140A8BE7,,Hak Milik,68,2023,,,10141706107001,,ARJASARI,107.6278681,-7.0511795,320416,,3204162001,ARJASARI,478a680544a05b70eab57f98dc7824e4,"['persilpasifid:06ccb873269cf1e1e063b516140a8be7', 'nomor:10141706107001', 'geometry:478a680544a05b70eab57f98dc7824e4']",persilpasifid:06ccb873269cf1e1e063b516140a8be7
751A3CF8DFDA9865E053021D0B0A512D,,Hak Milik,400,2018,05890,Meteran,10141706103659,,ARJASARI,107.6291257,-7.0493073,320416,,3204162001,ARJASARI,145d81eabf3eb0a214ae6c372a318a06,"['nib:05890', 'persilpasifid:751a3cf8dfda9865e053021d0b0a512d', 'nomor:10141706103659', 'geometry:145d81eabf3eb0a214ae6c372a318a06']",nib:05890
751A3CF8DFFE9865E053021D0B0A512D,,Hak Milik,146,2018,05945,Meteran,10141706105875,,ARJASARI,107.6291257,-7.0505555,320416,,3204162001,ARJASARI,1b4d4b51ecc4b60f2b3db2188417c457,"['nib:05945', 'persilpasifid:751a3cf8dffe9865e053021d0b0a512d', 'nomor:10141706105875', 'geometry:1b4d4b51ecc4b60f2b3db2188417c457']",nib:05945
75B9F82DA2CD79D1E053021D0B0ADE8B,,Hak Milik,913,2018,06159,Meteran,10141706104055,,ARJASARI,107.6291257,-7.0474351,320416,,3204162001,ARJASARI,ff136a49cd13de374820702e4cf7a08f,"['nib:06159', 'persilpasifid:75b9f82da2cd79d1e053021d0b0ade8b', 'nomor:10141706104055', 'geometry:ff136a49cd13de374820702e4cf7a08f']",nib:06159
7776803018F3E0FEE053141D0B0AA6B2,,Hak Milik,1108,2018,06738,Meteran,10141706104417,,ARJASARI,107.6291257,-7.046187,320416,,3204162001,ARJASARI,aa8f324e37fd5476263681f448c69e7c,"['nib:06738', 'persilpasifid:7776803018f3e0fee053141d0b0aa6b2', 'nomor:10141706104417', 'geometry:aa8f324e37fd5476263681f448c69e7c']",nib:06738
76D5A3AF4AF8E6BFE053141D0B0A9785,,Hak Milik,565,2018,06340,Meteran,10141706104249,,ARJASARI,107.6297545,-7.0524277,320416,,3204162001,ARJASARI,081e9f41225710ea2baa73ab0758e199,"['nib:06340', 'persilpasifid:76d5a3af4af8e6bfe053141d0b0a9785', 'nomor:10141706104249', 'geometry:081e9f41225710ea2baa73ab0758e199']",nib:06340
76D54365B7580316E053021D0B0A8D3E,,Hak Milik,300,2018,06364,Meteran,10141706106104,,ARJASARI,107.6297545,-7.0511795,320416,,3204162001,ARJASARI,de836935bbe22cc0aa45c7679b18c466,"['nib:06364', 'persilpasifid:76d54365b7580316e053021d0b0a8d3e', 'nomor:10141706106104', 'geometry:de836935bbe22cc0aa45c7679b18c466']",nib:06364
76D54365B7640316E053021D0B0A8D3E,,Hak Milik,210,2018,06387,Meteran,10141706104127,,ARJASARI,107.6297545,-7.0499314,320416,,3204162001,ARJASARI,399aa858f81215153a44ab4fe5f5a15a,"['nib:06387', 'persilpasifid:76d54365b7640316e053021d0b0a8d3e', 'nomor:10141706104127', 'geometry:399aa858f81215153a44ab4fe5f5a15a']",nib:06387
751A3CF8E0089865E053021D0B0A512D,,Hak Milik,124,2018,05955,Meteran,10141706103577,,ARJASARI,107.6297545,-7.0505555,320416,,3204162001,ARJASARI,32b6932c823b8fb5ef7c287a5dabe923,"['nib:05955', 'persilpasifid:751a3cf8e0089865e053021d0b0a512d', 'nomor:10141706103577', 'geometry:32b6932c823b8fb5ef7c287a5dabe923']",nib:05955
7776C10877B86954E053031D0B0A2199,,Hak Milik,956,2018,06744,Meteran,10141706104468,,ARJASARI,107.6297545,-7.046187,320416,,3204162001,ARJASARI,c34e6e3e3f7e7154c630bdab84a1f531,"['nib:06744', 'persilpasifid:7776c10877b86954e053031d0b0a2199', 'nomor:10141706104468', 'geometry:c34e6e3e3f7e7154c630bdab84a1f531']",nib:06744
7776C10877B96954E053031D0B0A2199,,Hak Milik,959,2018,06745,Meteran,10141706104469,,ARJASARI,107.6297545,-7.046187,320416,,3204162001,ARJASARI,5d568648ef8a7a2a745fa9d6bb77ae10,"['nib:06745', 'persilpasifid:7776c10877b96954e053031d0b0a2199', 'nomor:10141706104469', 'geometry:5d568648ef8a7a2a745fa9d6bb77ae10']",nib:06745
7106E6853FF877BAE053031D0B0AAE55,,Kosong,326,,03251,,,,ARJASARI,107.6303834,-7.0549239,320416,,3204162001,ARJASARI,d4b70dfb8bb61fa2aff7a3da738d4dda,"['nib:03251', 'persilpasifid:7106e6853ff877bae053031d0b0aae55', 'geometry:d4b70dfb8bb61fa2aff7a3da738d4dda']",nib:03251
75B9F05199F91C7DE053031D0B0A9830,,Hak Milik,1111,2018,06208,Meteran,10141706104027,,ARJASARI,107.6303834,-7.0493073,320416,,3204162001,ARJASARI,2bdb81818a254fcab99191d5194d343d,"['nib:06208', 'persilpasifid:75b9f05199f91c7de053031d0b0a9830', 'nomor:10141706104027', 'geometry:2bdb81818a254fcab99191d5194d343d']",nib:06208
76D565DF138FE7D1E053141D0B0AA6F5,,Hak Milik,104,2018,06401,Meteran,10141706104169,,ARJASARI,107.6303834,-7.0499314,320416,,3204162001,ARJASARI,807e528441c1687bc2062d9960dd0732,"['nib:06401', 'persilpasifid:76d565df138fe7d1e053141d0b0aa6f5', 'nomor:10141706104169', 'geometry:807e528441c1687bc2062d9960dd0732']",nib:06401
E72404C979CAB450E0530C1D140A2620,,Kosong,85273,,,Delineasi,,,ARJASARI,107.6291257,-7.0449389,320416,,3204162001,ARJASARI,f0ff3e256cd791140b5d95842522044c,"['persilpasifid:e72404c979cab450e0530c1d140a2620', 'geometry:f0ff3e256cd791140b5d95842522044c']",persilpasifid:e72404c979cab450e0530c1d140a2620
7776C10877B26954E053031D0B0A2199,,Hak Milik,2097,2018,06678,Meteran,10141706104395,,ARJASARI,107.6291257,-7.0449389,320416,,3204162001,ARJASARI,8b836234605d2af799fdacc5954bb4a7,"['nib:06678', 'persilpasifid:7776c10877b26954e053031d0b0a2199', 'nomor:10141706104395', 'geometry:8b836234605d2af799fdacc5954bb4a7']",nib:06678
751A3CF8DFEF9865E053021D0B0A512D,,Hak Milik,487,2018,05918,Meteran,10141706105871,,ARJASARI,107.6297545,-7.0493073,320416,,3204162001,ARJASARI,856ed6ee6c49bc1e33cdeb31119380b9,"['nib:05918', 'persilpasifid:751a3cf8dfef9865e053021d0b0a512d', 'nomor:10141706105871', 'geometry:856ed6ee6c49bc1e33cdeb31119380b9']",nib:05918
CB38290C1283CB7FE040A8C01001415A,,Hak Milik,495,2013,01785,,10141706100699,,ARJASARI,107.6303834,-7.0518036,320416,,3204162001,ARJASARI,2ba8e3b9e26f58f2de857440579efa71,"['nib:01785', 'persilpasifid:cb38290c1283cb7fe040a8c01001415a', 'nomor:10141706100699', 'geometry:2ba8e3b9e26f58f2de857440579efa71']",nib:01785
7519D7FE614BC960E053141D0B0AF6E1,,Hak Milik,1621,2018,05837,Meteran,10141706104036,,ARJASARI,107.6291257,-7.0486833,320416,,3204162001,ARJASARI,5fe5223583ff1c8ca0dadc5e108d8d29,"['nib:05837', 'persilpasifid:7519d7fe614bc960e053141d0b0af6e1', 'nomor:10141706104036', 'geometry:5fe5223583ff1c8ca0dadc5e108d8d29']",nib:05837
76D5A3AF4B07E6BFE053141D0B0A9785,,Hak Milik,305,2018,06421,Meteran,10141706104214,,ARJASARI,107.6310122,-7.0511795,320416,,3204162001,ARJASARI,c4470d3a1192f8b3a8212d2f195eb133,"['nib:06421', 'persilpasifid:76d5a3af4b07e6bfe053141d0b0a9785', 'nomor:10141706104214', 'geometry:c4470d3a1192f8b3a8212d2f195eb133']",nib:06421
76D5A0C8436EE74DE053141D0B0A6A81,,Hak Milik,1672,2018,06503,Meteran,10141706106063,,ARJASARI,107.6310122,-7.0493073,320416,,3204162001,ARJASARI,8fab52e750c9376dbe71cc12a647f0a7,"['nib:06503', 'persilpasifid:76d5a0c8436ee74de053141d0b0a6a81', 'nomor:10141706106063', 'geometry:8fab52e750c9376dbe71cc12a647f0a7']",nib:06503
9410E2F62DD6783AE0530C1D140A4814,,Hak Guna Bangunan,60,2019,07764,,10141706300362,,ARJASARI,107.6310122,-7.0518036,320416,,3204162001,ARJASARI,6d80234cc9d1ff68ce48b8e5b089fa81,"['nib:07764', 'persilpasifid:9410e2f62dd6783ae0530c1d140a4814', 'nomor:10141706300362', 'geometry:6d80234cc9d1ff68ce48b8e5b089fa81']",nib:07764
0ab1206b0c484368adb6bf4f94b6d09e,,Hak Milik,2279,2007,01675,,10141706100629,,ARJASARI,107.6310122,-7.0474351,320416,,3204162001,ARJASARI,8de2ae8d92d362df8f44426f3e250aa1,"['nib:01675', 'persilpasifid:0ab1206b0c484368adb6bf4f94b6d09e', 'nomor:10141706100629', 'geometry:8de2ae8d92d362df8f44426f3e250aa1']",nib:01675
75BA111FC067B246E053141D0B0AD234,,Hak Milik,628,2018,06188,Meteran,10141706104070,,ARJASARI,107.6310122,-7.0474351,320416,,3204162001,ARJASARI,c86918c6b5230e642ffd67a45904495e,"['nib:06188', 'persilpasifid:75ba111fc067b246e053141d0b0ad234', 'nomor:10141706104070', 'geometry:c86918c6b5230e642ffd67a45904495e']",nib:06188
78164ED4577672BFE053021D0B0A6986,,Hak Milik,1110,2018,06953,Meteran,10141706104760,,ARJASARI,107.6310122,-7.0468111,320416,,3204162001,ARJASARI,69f25cf788a53344cf4ca28ebc706432,"['nib:06953', 'persilpasifid:78164ed4577672bfe053021d0b0a6986', 'nomor:10141706104760', 'geometry:69f25cf788a53344cf4ca28ebc706432']",nib:06953
76D54386F971F0C5E053141D0B0AA6FC,,Hak Milik,2619,2018,06442,Meteran,10141706106045,,ARJASARI,107.631641,-7.0511795,320416,,3204162001,ARJASARI,faea78ed9921124616007af9c97f71ed,"['nib:06442', 'persilpasifid:76d54386f971f0c5e053141d0b0aa6fc', 'nomor:10141706106045', 'geometry:faea78ed9921124616007af9c97f71ed']",nib:06442
940D66588393423AE0530B1D140AE97D,,Hak Guna Bangunan,60,2019,07631,,10141706300604,,ARJASARI,107.631641,-7.0524277,320416,,3204162001,ARJASARI,9b750b9b30b98619fcc5e1ce09e6a7f4,"['nib:07631', 'persilpasifid:940d66588393423ae0530b1d140ae97d', 'nomor:10141706300604', 'geometry:9b750b9b30b98619fcc5e1ce09e6a7f4']",nib:07631
9410E2F62DCF783AE0530C1D140A4814,,Hak Guna Bangunan,94,2019,07755,,10141706300353,,ARJASARI,107.631641,-7.0518036,320416,,3204162001,ARJASARI,8a267d010db72dba6a5bdc9c685fec2e,"['nib:07755', 'persilpasifid:9410e2f62dcf783ae0530c1d140a4814', 'nomor:10141706300353', 'geometry:8a267d010db72dba6a5bdc9c685fec2e']",nib:07755
940D6281B76F0B8EE0530B1D140AAEF9,,Hak Guna Bangunan,78,2019,07542,,10141706300515,,ARJASARI,107.631641,-7.0530517,320416,,3204162001,ARJASARI,b3797d504ec2089c525105381598775f,"['nib:07542', 'persilpasifid:940d6281b76f0b8ee0530b1d140aaef9', 'nomor:10141706300515', 'geometry:b3797d504ec2089c525105381598775f']",nib:07542
78167E735B4DFF92E053021D0B0A54B3,,Hak Milik,672,2018,06978,Meteran,10141706104869,,ARJASARI,107.631641,-7.0474351,320416,,3204162001,ARJASARI,f21d915749cc3117af0f4bfa904bab57,"['nib:06978', 'persilpasifid:78167e735b4dff92e053021d0b0a54b3', 'nomor:10141706104869', 'geometry:f21d915749cc3117af0f4bfa904bab57']",nib:06978
7079690C16A26B02E053031D0B0AD00E,,Kosong,331,,02837,,,,ARJASARI,107.6322698,-7.0599164,320416,,3204162001,ARJASARI,6603ef0e39ce212edd18acd1b6064736,"['nib:02837', 'persilpasifid:7079690c16a26b02e053031d0b0ad00e', 'geometry:6603ef0e39ce212edd18acd1b6064736']",nib:02837
72D4F5560FAB9293E053031D0B0AA10A,,Kosong,267,,03822,,,,ARJASARI,107.6322698,-7.055548,320416,,3204162001,ARJASARI,7548778f6d51169910a84c8c5d73c01e,"['nib:03822', 'persilpasifid:72d4f5560fab9293e053031d0b0aa10a', 'geometry:7548778f6d51169910a84c8c5d73c01e']",nib:03822
78164ED4577472BFE053021D0B0A6986,,Hak Milik,958,2018,06950,Meteran,10141706104763,,ARJASARI,107.6310122,-7.046187,320416,,3204162001,ARJASARI,d9bfbab530186ac731df830f5a658773,"['nib:06950', 'persilpasifid:78164ed4577472bfe053021d0b0a6986', 'nomor:10141706104763', 'geometry:d9bfbab530186ac731df830f5a658773']",nib:06950
76D54365B7700316E053021D0B0A8D3E,,Hak Milik,187,2018,06448,Meteran,10141706104191,,ARJASARI,107.631641,-7.0505555,320416,,3204162001,ARJASARI,3e7b91489ff5e682d8b72691608cb854,"['nib:06448', 'persilpasifid:76d54365b7700316e053021d0b0a8d3e', 'nomor:10141706104191', 'geometry:3e7b91489ff5e682d8b72691608cb854']",nib:06448
940A9A5891D99CF2E0530C1D140A8E4E,,Hak Guna Bangunan,60,2019,07494,,10141706300394,,ARJASARI,107.6322698,-7.0530517,320416,,3204162001,ARJASARI,84cb172f67278e64cd56db33c79f37fb,"['nib:07494', 'persilpasifid:940a9a5891d99cf2e0530c1d140a8e4e', 'nomor:10141706300394', 'geometry:84cb172f67278e64cd56db33c79f37fb']",nib:07494
940A9A5CA7AE318FE0530C1D140A3558,,Hak Guna Bangunan,60,2019,07493,,10141706300393,,ARJASARI,107.6322698,-7.0530517,320416,,3204162001,ARJASARI,1eb00cf51de085b9c654eac2279aabef,"['nib:07493', 'persilpasifid:940a9a5ca7ae318fe0530c1d140a3558', 'nomor:10141706300393', 'geometry:1eb00cf51de085b9c654eac2279aabef']",nib:07493
76D54386F96AF0C5E053141D0B0AA6FC,,Hak Milik,358,2018,06429,Meteran,10141706104164,,ARJASARI,107.6310122,-7.0505555,320416,,3204162001,ARJASARI,7d33b617888ab82b3a11ae30ae0fb4be,"['nib:06429', 'persilpasifid:76d54386f96af0c5e053141d0b0aa6fc', 'nomor:10141706104164', 'geometry:7d33b617888ab82b3a11ae30ae0fb4be']",nib:06429
76D561ADB6B353CEE053031D0B0A4552,,Hak Milik,39,2018,06430,Meteran,10141706106113,,ARJASARI,107.6310122,-7.0505555,320416,,3204162001,ARJASARI,97bef8f84421071c9de655ad9abd78a7,"['nib:06430', 'persilpasifid:76d561adb6b353cee053031d0b0a4552', 'nomor:10141706106113', 'geometry:97bef8f84421071c9de655ad9abd78a7']",nib:06430
78164ED4577B72BFE053021D0B0A6986,,Hak Milik,1041,2018,06959,Meteran,10141706104723,,ARJASARI,107.631641,-7.0468111,320416,,3204162001,ARJASARI,317af3ec497f939feb31b1be7ebb3a1c,"['nib:06959', 'persilpasifid:78164ed4577b72bfe053021d0b0a6986', 'nomor:10141706104723', 'geometry:317af3ec497f939feb31b1be7ebb3a1c']",nib:06959
708954707C0E2544E053021D0B0A85C2,,Hak Milik,487,2018,02930,Meteran,10141703102504,,ARJASARI,107.6328987,-7.0574202,320416,,3204162001,ARJASARI,9767c81d43569baaea994b6183205c3a,"['nib:02930', 'persilpasifid:708954707c0e2544e053021d0b0a85c2', 'nomor:10141703102504', 'geometry:9767c81d43569baaea994b6183205c3a']",nib:02930
713F1A191733304CE053021D0B0A0DC4,,Hak Milik,232,2018,03421,Meteran,10141703100921,,ARJASARI,107.6328987,-7.0567961,320416,,3204162001,ARJASARI,738bb67bf8b4e48c40ab634970b42a6a,"['nib:03421', 'persilpasifid:713f1a191733304ce053021d0b0a0dc4', 'nomor:10141703100921', 'geometry:738bb67bf8b4e48c40ab634970b42a6a']",nib:03421
708954707C232544E053021D0B0A85C2,,Kosong,494,,02956,,,,ARJASARI,107.6328987,-7.0592923,320416,,3204162001,ARJASARI,f3d15fb026baad4d1cc1958cacd37985,"['nib:02956', 'persilpasifid:708954707c232544e053021d0b0a85c2', 'geometry:f3d15fb026baad4d1cc1958cacd37985']",nib:02956
71B61AB12286D789E053031D0B0AF31C,,Hak Milik,105,2018,05080,Meteran,10141706105897,,ARJASARI,107.6328987,-7.0542999,320416,,3204162001,ARJASARI,34c661b5dd4514b297ca25a35b8eee47,"['nib:05080', 'persilpasifid:71b61ab12286d789e053031d0b0af31c', 'nomor:10141706105897', 'geometry:34c661b5dd4514b297ca25a35b8eee47']",nib:05080
783DE0D3B5C38261E053131D0B0A70E1,,Hak Milik,288,2018,07053,Meteran,10141706104931,,ARJASARI,107.6328987,-7.0480592,320416,,3204162001,ARJASARI,783feb82171bea32171d7cf25fd91282,"['nib:07053', 'persilpasifid:783de0d3b5c38261e053131d0b0a70e1', 'nomor:10141706104931', 'geometry:783feb82171bea32171d7cf25fd91282']",nib:07053
7816BA89AB09AF67E053031D0B0A8805,,Hak Milik,1228,2018,06881,Meteran,10141706104748,,ARJASARI,107.6328987,-7.0455629,320416,,3204162001,ARJASARI,52c2f2c81a5d32678782b4e2be418e70,"['nib:06881', 'persilpasifid:7816ba89ab09af67e053031d0b0a8805', 'nomor:10141706104748', 'geometry:52c2f2c81a5d32678782b4e2be418e70']",nib:06881
78167E735B59FF92E053021D0B0A54B3,,Hak Milik,692,2018,06990,Meteran,10141706104913,,ARJASARI,107.6322698,-7.0474351,320416,,3204162001,ARJASARI,d062f1e3c80f6cca924b3bb344247801,"['nib:06990', 'persilpasifid:78167e735b59ff92e053021d0b0a54b3', 'nomor:10141706104913', 'geometry:d062f1e3c80f6cca924b3bb344247801']",nib:06990
783DE0D3B5DA8261E053131D0B0A70E1,,Hak Milik,758,2018,07082,Meteran,10141706104939,,ARJASARI,107.6322698,-7.0493073,320416,,3204162001,ARJASARI,49b409677e702e61fa7a0ae8c3bb004a,"['nib:07082', 'persilpasifid:783de0d3b5da8261e053131d0b0a70e1', 'nomor:10141706104939', 'geometry:49b409677e702e61fa7a0ae8c3bb004a']",nib:07082
783DE0D3B5DB8261E053131D0B0A70E1,,Hak Milik,773,2018,07083,Meteran,10141706104879,,ARJASARI,107.6322698,-7.0493073,320416,,3204162001,ARJASARI,ff1f550795aeb5e880822b8e32525c72,"['nib:07083', 'persilpasifid:783de0d3b5db8261e053131d0b0a70e1', 'nomor:10141706104879', 'geometry:ff1f550795aeb5e880822b8e32525c72']",nib:07083
70B5C13DD5572567E053021D0B0ABB81,,Hak Milik,1554,2018,04923,Meteran,10141706103316,,ARJASARI,107.6328987,-7.0486833,320416,,3204162001,ARJASARI,c9b1757065d4fab5ec878ccaccbccb17,"['nib:04923', 'persilpasifid:70b5c13dd5572567e053021d0b0abb81', 'nomor:10141706103316', 'geometry:c9b1757065d4fab5ec878ccaccbccb17']",nib:04923
940E00AAB3A4DCDEE0530C1D140A5D06,,Hak Guna Bangunan,60,2019,07744,,10141706300487,,ARJASARI,107.6328987,-7.0511795,320416,,3204162001,ARJASARI,f157b09db1a5c003733b94483511f8cf,"['nib:07744', 'persilpasifid:940e00aab3a4dcdee0530c1d140a5d06', 'nomor:10141706300487', 'geometry:f157b09db1a5c003733b94483511f8cf']",nib:07744
7079690C16CC6B02E053031D0B0AD00E,,Hak Milik,1819,2018,02879,Meteran,10141703102442,,ARJASARI,107.6335275,-7.0611645,320416,,3204162001,ARJASARI,8d6c0097b99469950283f8cfdf52c8ac,"['nib:02879', 'persilpasifid:7079690c16cc6b02e053031d0b0ad00e', 'nomor:10141703102442', 'geometry:8d6c0097b99469950283f8cfdf52c8ac']",nib:02879
7079690C16CD6B02E053031D0B0AD00E,,Hak Milik,4864,2018,02880,Meteran,10141703101356,,ARJASARI,107.6335275,-7.0611645,320416,,3204162001,ARJASARI,17d3a37280fa58eac38cdbaffbecbe8b,"['nib:02880', 'persilpasifid:7079690c16cd6b02e053031d0b0ad00e', 'nomor:10141703101356', 'geometry:17d3a37280fa58eac38cdbaffbecbe8b']",nib:02880
708953C98CF62540E053021D0B0AAA59,,Hak Milik,683,2018,02910,Meteran,10141703102493,,ARJASARI,107.6335275,-7.0574202,320416,,3204162001,ARJASARI,a96e7936e649dcb79239f3b64e74a631,"['nib:02910', 'persilpasifid:708953c98cf62540e053021d0b0aaa59', 'nomor:10141703102493', 'geometry:a96e7936e649dcb79239f3b64e74a631']",nib:02910
71B5B6235D26A937E053131D0B0AD20B,,Hak Milik,182,2018,05049,Meteran,10141706104605,,ARJASARI,107.6335275,-7.056172,320416,,3204162001,ARJASARI,e4d9fea5228523e16151813289d9483b,"['nib:05049', 'persilpasifid:71b5b6235d26a937e053131d0b0ad20b', 'nomor:10141706104605', 'geometry:e4d9fea5228523e16151813289d9483b']",nib:05049
708954707C052544E053021D0B0A85C2,,Hak Milik,110,2018,02921,Meteran,10141703101042,,ARJASARI,107.6335275,-7.0580442,320416,,3204162001,ARJASARI,b33ee1498084e7ef0ff202e830a81290,"['nib:02921', 'persilpasifid:708954707c052544e053021d0b0a85c2', 'nomor:10141703101042', 'geometry:b33ee1498084e7ef0ff202e830a81290']",nib:02921
70B5C3FBE1D3AE0AE053141D0B0AC8C5,,Hak Milik,929,2018,04971,Meteran,10141706103282,,ARJASARI,107.6328987,-7.0493073,320416,,3204162001,ARJASARI,5a2125c390db2e0e5c4af51f5a432fce,"['nib:04971', 'persilpasifid:70b5c3fbe1d3ae0ae053141d0b0ac8c5', 'nomor:10141706103282', 'geometry:5a2125c390db2e0e5c4af51f5a432fce']",nib:04971
71B59609374621C7E053131D0B0A0C4A,,Hak Milik,133,2018,05076,Meteran,10141706102111,,ARJASARI,107.6335275,-7.0549239,320416,,3204162001,ARJASARI,b4c921bb00480c72eb689fbcbcdd1a5d,"['nib:05076', 'persilpasifid:71b59609374621c7e053131d0b0a0c4a', 'nomor:10141706102111', 'geometry:b4c921bb00480c72eb689fbcbcdd1a5d']",nib:05076
0C4BD54F803B114DE063B416140AD1B3,,Kosong,307,,,,,0.5,ARJASARI,107.6335275,-7.0542999,320416,,3204162001,ARJASARI,827041c214279cbba3845d71ff37702d,"['persilpasifid:0c4bd54f803b114de063b416140ad1b3', 'geometry:827041c214279cbba3845d71ff37702d']",persilpasifid:0c4bd54f803b114de063b416140ad1b3
71B59609375421C7E053131D0B0A0C4A,,Hak Milik,183,2018,05098,Meteran,10141706102110,,ARJASARI,107.6335275,-7.0542999,320416,,3204162001,ARJASARI,18e365630ee44009484b2a109a7b5151,"['nib:05098', 'persilpasifid:71b59609375421c7e053131d0b0a0c4a', 'nomor:10141706102110', 'geometry:18e365630ee44009484b2a109a7b5151']",nib:05098
71B59609374C21C7E053131D0B0A0C4A,,Hak Milik,189,2018,05087,Meteran,10141706105164,,ARJASARI,107.6328987,-7.0549239,320416,,3204162001,ARJASARI,2d67c416ca18f2982ad32f717d4db81e,"['nib:05087', 'persilpasifid:71b59609374c21c7e053131d0b0a0c4a', 'nomor:10141706105164', 'geometry:2d67c416ca18f2982ad32f717d4db81e']",nib:05087
6D161AC789A28E0CE053021D0B0AE14A,,Hak Milik,390,2018,03815,Meteran,10141706105642,,ARJASARI,107.6335275,-7.055548,320416,,3204162001,ARJASARI,219d50e0cdb101ce54f01ebc9d982ee3,"['nib:03815', 'persilpasifid:6d161ac789a28e0ce053021d0b0ae14a', 'nomor:10141706105642', 'geometry:219d50e0cdb101ce54f01ebc9d982ee3']",nib:03815
7324E95C2FDF703CE053141D0B0A9366,,Hak Milik,86,2018,04453,Meteran,10141703103050,,ARJASARI,107.6328987,-7.0605404,320416,,3204162001,ARJASARI,96eaf86999611baaba91036ac5b4d422,"['nib:04453', 'persilpasifid:7324e95c2fdf703ce053141d0b0a9366', 'nomor:10141703103050', 'geometry:96eaf86999611baaba91036ac5b4d422']",nib:04453
71B6281104A416C4E053031D0B0A17B6,,Hak Milik,462,2018,05207,Meteran,10141706102218,,ARJASARI,107.6335275,-7.0524277,320416,,3204162001,ARJASARI,6b85054a789f0246782f0b15967cf1e6,"['nib:05207', 'persilpasifid:71b6281104a416c4e053031d0b0a17b6', 'nomor:10141706102218', 'geometry:6b85054a789f0246782f0b15967cf1e6']",nib:05207
783E1F88AE14825DE053131D0B0ABBA4,,Hak Milik,1613,2018,07035,Meteran,10141706104904,,ARJASARI,107.6335275,-7.0468111,320416,,3204162001,ARJASARI,da3d5f59b6ddf0ef65b1bf7d5d90ef75,"['nib:07035', 'persilpasifid:783e1f88ae14825de053131d0b0abba4', 'nomor:10141706104904', 'geometry:da3d5f59b6ddf0ef65b1bf7d5d90ef75']",nib:07035
7816BA89AB0EAF67E053031D0B0A8805,,Hak Milik,982,2018,06886,Meteran,10141706104754,,ARJASARI,107.6335275,-7.0455629,320416,,3204162001,ARJASARI,0544ca6383e2a0593d7b529364f9e0a9,"['nib:06886', 'persilpasifid:7816ba89ab0eaf67e053031d0b0a8805', 'nomor:10141706104754', 'geometry:0544ca6383e2a0593d7b529364f9e0a9']",nib:06886
783E079D161E940CE053141D0B0A4664,,Hak Milik,804,2018,07094,Meteran,10141706104877,,ARJASARI,107.6335275,-7.0499314,320416,,3204162001,ARJASARI,e0c544c31e30214c0f5f511287c271f3,"['nib:07094', 'persilpasifid:783e079d161e940ce053141d0b0a4664', 'nomor:10141706104877', 'geometry:e0c544c31e30214c0f5f511287c271f3']",nib:07094
783DE0D3B5CA8261E053131D0B0A70E1,,Hak Milik,465,2018,07060,Meteran,10141706104906,,ARJASARI,107.6335275,-7.0480592,320416,,3204162001,ARJASARI,f9a3f2a25200db88ff2fe34b18def1c2,"['nib:07060', 'persilpasifid:783de0d3b5ca8261e053131d0b0a70e1', 'nomor:10141706104906', 'geometry:f9a3f2a25200db88ff2fe34b18def1c2']",nib:07060
71B5B69A68E1654CE053141D0B0A10A0,,Hak Milik,386,2018,05242,Meteran,10141706103770,,ARJASARI,107.6335275,-7.0518036,320416,,3204162001,ARJASARI,6eee49b94955060c45f46f486d920c61,"['nib:05242', 'persilpasifid:71b5b69a68e1654ce053141d0b0a10a0', 'nomor:10141706103770', 'geometry:6eee49b94955060c45f46f486d920c61']",nib:05242
6DF32C33E0F95180E053031D0B0A6000,,Hak Milik,1034,2018,04041,Meteran,10141706103893,,ARJASARI,107.6341563,-7.0574202,320416,,3204162001,ARJASARI,479082aaa47867142f9adb732a733913,"['nib:04041', 'persilpasifid:6df32c33e0f95180e053031d0b0a6000', 'nomor:10141706103893', 'geometry:479082aaa47867142f9adb732a733913']",nib:04041
6DF32DEA117687E1E053021D0B0A74DD,,Hak Milik,533,2018,04018,Meteran,10141706104689,,ARJASARI,107.6341563,-7.0567961,320416,,3204162001,ARJASARI,9c06df37e719b5d97240963542e7a432,"['nib:04018', 'persilpasifid:6df32dea117687e1e053021d0b0a74dd', 'nomor:10141706104689', 'geometry:9c06df37e719b5d97240963542e7a432']",nib:04018
6DF38ABB774A4E2DE053031D0B0A28B4,,Hak Milik,188,2018,04070,Meteran,10141706104505,,ARJASARI,107.6341563,-7.0567961,320416,,3204162001,ARJASARI,98a8ced2b2637f17b778a602a3fac484,"['nib:04070', 'persilpasifid:6df38abb774a4e2de053031d0b0a28b4', 'nomor:10141706104505', 'geometry:98a8ced2b2637f17b778a602a3fac484']",nib:04070
6DF3B248C1A04E10E053031D0B0AD3EC,,Hak Milik,350,2018,04032,Meteran,10141706105707,,ARJASARI,107.6341563,-7.056172,320416,,3204162001,ARJASARI,aa82c48e33c5f6b9198d298fcb0428ac,"['nib:04032', 'persilpasifid:6df3b248c1a04e10e053031d0b0ad3ec', 'nomor:10141706105707', 'geometry:aa82c48e33c5f6b9198d298fcb0428ac']",nib:04032
70B5C3FBE1CDAE0AE053141D0B0AC8C5,,Hak Milik,752,2018,04965,Meteran,10141706105309,,ARJASARI,107.6341563,-7.0499314,320416,,3204162001,ARJASARI,c503f736d239b99b6a729ac4f266d39c,"['nib:04965', 'persilpasifid:70b5c3fbe1cdae0ae053141d0b0ac8c5', 'nomor:10141706105309', 'geometry:c503f736d239b99b6a729ac4f266d39c']",nib:04965
70B5E9332A3C1737E053131D0B0A88B1,,Hak Milik,962,2018,04928,Meteran,10141706103307,,ARJASARI,107.6341563,-7.0493073,320416,,3204162001,ARJASARI,b09f08a87c1cd5a6aa27c72a60ef3a04,"['nib:04928', 'persilpasifid:70b5e9332a3c1737e053131d0b0a88b1', 'nomor:10141706103307', 'geometry:b09f08a87c1cd5a6aa27c72a60ef3a04']",nib:04928
7777217624847DCEE053131D0B0A3FF3,,Hak Milik,771,2018,06727,Meteran,10141706104485,,ARJASARI,107.6341563,-7.0480592,320416,,3204162001,ARJASARI,58d8b007ac3a1e6bff4be8eee3f5cb99,"['nib:06727', 'persilpasifid:7777217624847dcee053131d0b0a3ff3', 'nomor:10141706104485', 'geometry:58d8b007ac3a1e6bff4be8eee3f5cb99']",nib:06727
70CA60AA8F7829C8E053131D0B0A4BEB,,Hak Milik,1373,2018,03053,Meteran,10141703100868,,ARJASARI,107.6347851,-7.0624126,320416,,3204162001,ARJASARI,f2d4bf1340a8e70b8bb6384d423e9a1c,"['nib:03053', 'persilpasifid:70ca60aa8f7829c8e053131d0b0a4beb', 'nomor:10141703100868', 'geometry:f2d4bf1340a8e70b8bb6384d423e9a1c']",nib:03053
71B511FEEAED94A3E053131D0B0A58AF,,Hak Milik,1434,2018,05294,Meteran,10141706102226,,ARJASARI,107.6341563,-7.0511795,320416,,3204162001,ARJASARI,f76f5a25d28f557ec6b5f2fb7f92a248,"['nib:05294', 'persilpasifid:71b511feeaed94a3e053131d0b0a58af', 'nomor:10141706102226', 'geometry:f76f5a25d28f557ec6b5f2fb7f92a248']",nib:05294
71B61AB1227ED789E053031D0B0AF31C,,Hak Milik,921,2018,05064,Meteran,10141706105690,,ARJASARI,107.6341563,-7.055548,320416,,3204162001,ARJASARI,a8826537ac6f0ad563e1cf5cf8acb20f,"['nib:05064', 'persilpasifid:71b61ab1227ed789e053031d0b0af31c', 'nomor:10141706105690', 'geometry:a8826537ac6f0ad563e1cf5cf8acb20f']",nib:05064
7776802A1336E18EE053141D0B0A9CED,,Hak Milik,1921,2018,06704,Meteran,10141706104486,,ARJASARI,107.6341563,-7.0436907,320416,,3204162001,ARJASARI,332280d6df3591ed83bd33fbf2dfcb78,"['nib:06704', 'persilpasifid:7776802a1336e18ee053141d0b0a9ced', 'nomor:10141706104486', 'geometry:332280d6df3591ed83bd33fbf2dfcb78']",nib:06704
6DF32C33E0E85180E053031D0B0A6000,,Hak Milik,135,2018,03944,Meteran,10141706103905,,ARJASARI,107.6347851,-7.055548,320416,,3204162001,ARJASARI,68c772bb7196241e12fd05e0aa8f81b9,"['nib:03944', 'persilpasifid:6df32c33e0e85180e053031d0b0a6000', 'nomor:10141706103905', 'geometry:68c772bb7196241e12fd05e0aa8f81b9']",nib:03944
6DF38ABB77314E2DE053031D0B0A28B4,,Hak Milik,423,2018,03965,Meteran,10141706105627,,ARJASARI,107.6347851,-7.056172,320416,,3204162001,ARJASARI,e28799b565b962e81cb622a2eb8a0d1d,"['nib:03965', 'persilpasifid:6df38abb77314e2de053031d0b0a28b4', 'nomor:10141706105627', 'geometry:e28799b565b962e81cb622a2eb8a0d1d']",nib:03965
6DF3B248C1AF4E10E053031D0B0AD3EC,,Hak Milik,423,2018,04080,Meteran,10141706104614,,ARJASARI,107.6347851,-7.056172,320416,,3204162001,ARJASARI,d857be0b34ddb9d284ffdebe62c28504,"['nib:04080', 'persilpasifid:6df3b248c1af4e10e053031d0b0ad3ec', 'nomor:10141706104614', 'geometry:d857be0b34ddb9d284ffdebe62c28504']",nib:04080
6DF3FA1FE74A410BE053141D0B0A7411,,Hak Milik,361,2018,04087,Meteran,10141706101887,,ARJASARI,107.6347851,-7.0586683,320416,,3204162001,ARJASARI,73c0c1647fe5639096b76abfdfefc61e,"['nib:04087', 'persilpasifid:6df3fa1fe74a410be053141d0b0a7411', 'nomor:10141706101887', 'geometry:73c0c1647fe5639096b76abfdfefc61e']",nib:04087
70B6651F6F55AE36E053141D0B0A8231,,Hak Milik,945,2018,04956,Meteran,10141706103304,,ARJASARI,107.6347851,-7.0486833,320416,,3204162001,ARJASARI,63abf3d0d56c5343d58c894fb3bfb6bf,"['nib:04956', 'persilpasifid:70b6651f6f55ae36e053141d0b0a8231', 'nomor:10141706103304', 'geometry:63abf3d0d56c5343d58c894fb3bfb6bf']",nib:04956
6D15D892C19F3881E053141D0B0A12EB,,Hak Milik,160,2018,03811,Meteran,10141706101986,,ARJASARI,107.6347851,-7.0549239,320416,,3204162001,ARJASARI,bd2fcf99375517ac23dfb7b28eedbfb5,"['nib:03811', 'persilpasifid:6d15d892c19f3881e053141d0b0a12eb', 'nomor:10141706101986', 'geometry:bd2fcf99375517ac23dfb7b28eedbfb5']",nib:03811
6D15D892C1AD3881E053141D0B0A12EB,,Hak Milik,196,2018,03828,Meteran,10141706101985,,ARJASARI,107.6347851,-7.0549239,320416,,3204162001,ARJASARI,94acb56f7487769b543df34bac9c8863,"['nib:03828', 'persilpasifid:6d15d892c1ad3881e053141d0b0a12eb', 'nomor:10141706101985', 'geometry:94acb56f7487769b543df34bac9c8863']",nib:03828
71B47D609818598AE053131D0B0AB50E,,Hak Milik,947,2018,05260,Meteran,10141706105934,,ARJASARI,107.6347851,-7.0511795,320416,,3204162001,ARJASARI,f7ab37b53f3987e0a6ab965e609bbb4d,"['nib:05260', 'persilpasifid:71b47d609818598ae053131d0b0ab50e', 'nomor:10141706105934', 'geometry:f7ab37b53f3987e0a6ab965e609bbb4d']",nib:05260
772A7F0649F0BD91E053021D0B0A6F0D,,Hak Milik,1159,2018,06628,Meteran,10141706105982,,ARJASARI,107.6347851,-7.0505555,320416,,3204162001,ARJASARI,169b0c950447e3e0ad59c806d5292b98,"['nib:06628', 'persilpasifid:772a7f0649f0bd91e053021d0b0a6f0d', 'nomor:10141706105982', 'geometry:169b0c950447e3e0ad59c806d5292b98']",nib:06628
708953C98D082540E053021D0B0AAA59,,Kosong,1218,,03012,,,,ARJASARI,107.6354139,-7.0611645,320416,,3204162001,ARJASARI,6cfeaa11fbace339839d9785fa701e19,"['nib:03012', 'persilpasifid:708953c98d082540e053021d0b0aaa59', 'geometry:6cfeaa11fbace339839d9785fa701e19']",nib:03012
6DF32C33E0F85180E053031D0B0A6000,,Hak Milik,954,2018,04040,Meteran,10141706105729,,ARJASARI,107.6347851,-7.0574202,320416,,3204162001,ARJASARI,297c3c90dc7e8836078d617d186dccb3,"['nib:04040', 'persilpasifid:6df32c33e0f85180e053031d0b0a6000', 'nomor:10141706105729', 'geometry:297c3c90dc7e8836078d617d186dccb3']",nib:04040
6D15D892C18B3881E053141D0B0A12EB,,Hak Milik,740,2018,03784,Meteran,10141706101953,,ARJASARI,107.6347851,-7.0542999,320416,,3204162001,ARJASARI,6fbd0bbb297ac24c430efc1e6b863f7f,"['nib:03784', 'persilpasifid:6d15d892c18b3881e053141d0b0a12eb', 'nomor:10141706101953', 'geometry:6fbd0bbb297ac24c430efc1e6b863f7f']",nib:03784
6DF38ABB773B4E2DE053031D0B0A28B4,,Hak Milik,595,2018,04005,Meteran,10141706105195,,ARJASARI,107.6354139,-7.0580442,320416,,3204162001,ARJASARI,a2e4eaa76ea0597d51380d94ef984af9,"['nib:04005', 'persilpasifid:6df38abb773b4e2de053031d0b0a28b4', 'nomor:10141706105195', 'geometry:a2e4eaa76ea0597d51380d94ef984af9']",nib:04005
6DF32DEA116787E1E053021D0B0A74DD,,Hak Milik,1054,2018,03962,Meteran,10141706102289,,ARJASARI,107.6354139,-7.0567961,320416,,3204162001,ARJASARI,b41ab7b65b0a2384c0b86bd74e23e9a2,"['nib:03962', 'persilpasifid:6df32dea116787e1e053021d0b0a74dd', 'nomor:10141706102289', 'geometry:b41ab7b65b0a2384c0b86bd74e23e9a2']",nib:03962
6D15D892C1823881E053141D0B0A12EB,,Hak Milik,372,2018,03775,Meteran,10141706104542,,ARJASARI,107.6354139,-7.0542999,320416,,3204162001,ARJASARI,7448e8e98b9bc308e1f287583ee4d499,"['nib:03775', 'persilpasifid:6d15d892c1823881e053141d0b0a12eb', 'nomor:10141706104542', 'geometry:7448e8e98b9bc308e1f287583ee4d499']",nib:03775
70CA8343EF63BF7FE053141D0B0A9195,,Hak Milik,1557,2018,03049,Meteran,10141703100865,,ARJASARI,107.6354139,-7.0630366,320416,,3204162001,ARJASARI,0afa31ea03ce8a4ee9424582e7fbb24c,"['nib:03049', 'persilpasifid:70ca8343ef63bf7fe053141d0b0a9195', 'nomor:10141703100865', 'geometry:0afa31ea03ce8a4ee9424582e7fbb24c']",nib:03049
6DCA1221BD20BA69E053021D0B0A169A,,Hak Milik,707,2018,03878,Meteran,10141706105184,,ARJASARI,107.6354139,-7.0549239,320416,,3204162001,ARJASARI,5721a196435b08aac1dab8f877de118f,"['nib:03878', 'persilpasifid:6dca1221bd20ba69e053021d0b0a169a', 'nomor:10141706105184', 'geometry:5721a196435b08aac1dab8f877de118f']",nib:03878
6DF3F9B82CB879E7E053031D0B0A703F,,Hak Milik,1202,2018,04144,Meteran,10141706101893,,ARJASARI,107.6354139,-7.0599164,320416,,3204162001,ARJASARI,13a19605197ba9b23e2715f44fb87305,"['nib:04144', 'persilpasifid:6df3f9b82cb879e7e053031d0b0a703f', 'nomor:10141706101893', 'geometry:13a19605197ba9b23e2715f44fb87305']",nib:04144
6DF32E40F6490A85E053141D0B0A03E6,,Hak Milik,551,2018,03976,Meteran,10141706104349,,ARJASARI,107.6360428,-7.0580442,320416,,3204162001,ARJASARI,6c08a799cc3b6f9f95b96987c29d8d74,"['nib:03976', 'persilpasifid:6df32e40f6490a85e053141d0b0a03e6', 'nomor:10141706104349', 'geometry:6c08a799cc3b6f9f95b96987c29d8d74']",nib:03976
6DCA1221BD11BA69E053021D0B0A169A,,Hak Milik,376,2018,03859,Meteran,10141706105696,,ARJASARI,107.6360428,-7.055548,320416,,3204162001,ARJASARI,372f852e36d3f15c109b0af9c78d350d,"['nib:03859', 'persilpasifid:6dca1221bd11ba69e053021d0b0a169a', 'nomor:10141706105696', 'geometry:372f852e36d3f15c109b0af9c78d350d']",nib:03859
772A7F0649CDBD91E053021D0B0A6F0D,,Hak Milik,836,2018,06560,Meteran,10141706105995,,ARJASARI,107.6360428,-7.0480592,320416,,3204162001,ARJASARI,6f12874081485e3775e58afd1edfb01b,"['nib:06560', 'persilpasifid:772a7f0649cdbd91e053021d0b0a6f0d', 'nomor:10141706105995', 'geometry:6f12874081485e3775e58afd1edfb01b']",nib:06560
70CA8343EF6ABF7FE053141D0B0A9195,,Hak Milik,2702,2018,03074,Meteran,10141703100877,,ARJASARI,107.6366716,-7.0661569,320416,,3204162001,ARJASARI,9577121251f485f0b7926e80dfaedb95,"['nib:03074', 'persilpasifid:70ca8343ef6abf7fe053141d0b0a9195', 'nomor:10141703100877', 'geometry:9577121251f485f0b7926e80dfaedb95']",nib:03074
130B3E4144AB5B1DE063B516140AA4FF,,Hak Pakai,421,2025,,,10141703400006,,ARJASARI,107.6366716,-7.0655328,320416,,3204162001,ARJASARI,e17725b301ad7aac8121598565438d60,"['persilpasifid:130b3e4144ab5b1de063b516140aa4ff', 'nomor:10141703400006', 'geometry:e17725b301ad7aac8121598565438d60']",persilpasifid:130b3e4144ab5b1de063b516140aa4ff
6DCA0FD5310CE235E053131D0B0A8B9D,,Hak Milik,717,2018,03891,Meteran,10141706103731,,ARJASARI,107.6366716,-7.0549239,320416,,3204162001,ARJASARI,7a667d1b0747e47329da9c0ce5dd705e,"['nib:03891', 'persilpasifid:6dca0fd5310ce235e053131d0b0a8b9d', 'nomor:10141706103731', 'geometry:7a667d1b0747e47329da9c0ce5dd705e']",nib:03891
784728ABDD6F24DEE053131D0B0AA8C3,,Hak Milik,4405,2018,07337,Meteran,10141706106196,,ARJASARI,107.6366716,-7.0592923,320416,,3204162001,ARJASARI,b1404aab989f1832cd4e621f0bd813e4,"['nib:07337', 'persilpasifid:784728abdd6f24dee053131d0b0aa8c3', 'nomor:10141706106196', 'geometry:b1404aab989f1832cd4e621f0bd813e4']",nib:07337
7729DF7CAC05BD06E053021D0B0A2FBA,,Hak Milik,1334,2018,06617,Meteran,10141706104291,,ARJASARI,107.6366716,-7.0505555,320416,,3204162001,ARJASARI,2ad30ec15eed082fb9fe686925929751,"['nib:06617', 'persilpasifid:7729df7cac05bd06e053021d0b0a2fba', 'nomor:10141706104291', 'geometry:2ad30ec15eed082fb9fe686925929751']",nib:06617
772A7F0649DABD91E053021D0B0A6F0D,,Hak Milik,429,2018,06573,Meteran,10141706104297,,ARJASARI,107.6366716,-7.0493073,320416,,3204162001,ARJASARI,8380bfb40684a1e8306ecd440d1352c1,"['nib:06573', 'persilpasifid:772a7f0649dabd91e053021d0b0a6f0d', 'nomor:10141706104297', 'geometry:8380bfb40684a1e8306ecd440d1352c1']",nib:06573
772A7F0649DCBD91E053021D0B0A6F0D,,Hak Milik,631,2018,06575,Meteran,10141706104262,,ARJASARI,107.6366716,-7.0493073,320416,,3204162001,ARJASARI,2fb88aafc14c68f98ec7e6abada15a05,"['nib:06575', 'persilpasifid:772a7f0649dcbd91e053021d0b0a6f0d', 'nomor:10141706104262', 'geometry:2fb88aafc14c68f98ec7e6abada15a05']",nib:06575
7106E6853FD377BAE053031D0B0AAE55,,Kosong,553,,03214,,,,ARJASARI,107.6373004,-7.0692771,320416,,3204162001,ARJASARI,59bc5923e2f49db589a52defc78c89dd,"['nib:03214', 'persilpasifid:7106e6853fd377bae053031d0b0aae55', 'geometry:59bc5923e2f49db589a52defc78c89dd']",nib:03214
710749C0D91EE943E053031D0B0A96CE,,Kosong,355,,03212,Meteran,,,ARJASARI,107.6373004,-7.0692771,320416,,3204162001,ARJASARI,de067f2c6153ab6aaae72683c9a89392,"['nib:03212', 'persilpasifid:710749c0d91ee943e053031d0b0a96ce', 'geometry:de067f2c6153ab6aaae72683c9a89392']",nib:03212
7106E6853F8F77BAE053031D0B0AAE55,,Hak Milik,589,2018,03141,Meteran,10141703103155,,ARJASARI,107.6373004,-7.0661569,320416,,3204162001,ARJASARI,e929f0f1a12182e8b97863947c52f761,"['nib:03141', 'persilpasifid:7106e6853f8f77bae053031d0b0aae55', 'nomor:10141703103155', 'geometry:e929f0f1a12182e8b97863947c52f761']",nib:03141
772A7F0649B5BD91E053021D0B0A6F0D,,Hak Milik,920,2018,06532,Meteran,10141706105986,,ARJASARI,107.6366716,-7.0480592,320416,,3204162001,ARJASARI,8ddf2accd7aa61d513035c345960a295,"['nib:06532', 'persilpasifid:772a7f0649b5bd91e053021d0b0a6f0d', 'nomor:10141706105986', 'geometry:8ddf2accd7aa61d513035c345960a295']",nib:06532
6A1BE8A5DA3CD487E053021D0B0AF838,,Hak Milik,1686,2018,03028,Meteran,10141706104671,,ARJASARI,107.6373004,-7.0617885,320416,,3204162001,ARJASARI,59398f934130a3ea0007a40938ba049b,"['nib:03028', 'persilpasifid:6a1be8a5da3cd487e053021d0b0af838', 'nomor:10141706104671', 'geometry:59398f934130a3ea0007a40938ba049b']",nib:03028
772A7F0649D1BD91E053021D0B0A6F0D,,Hak Milik,276,2018,06564,Meteran,10141706104279,,ARJASARI,107.6366716,-7.0486833,320416,,3204162001,ARJASARI,9fe350069990edf5c3202f4a2082efc8,"['nib:06564', 'persilpasifid:772a7f0649d1bd91e053021d0b0a6f0d', 'nomor:10141706104279', 'geometry:9fe350069990edf5c3202f4a2082efc8']",nib:06564
7106E6853F9F77BAE053031D0B0AAE55,,Hak Milik,218,2018,03157,Meteran,10141703101009,,ARJASARI,107.6373004,-7.0667809,320416,,3204162001,ARJASARI,8a3222ca4c68b1114c4488aada8c240d,"['nib:03157', 'persilpasifid:7106e6853f9f77bae053031d0b0aae55', 'nomor:10141703101009', 'geometry:8a3222ca4c68b1114c4488aada8c240d']",nib:03157
7106E6853FA877BAE053031D0B0AAE55,,Hak Milik,397,2018,03169,Meteran,10141703100972,,ARJASARI,107.6373004,-7.0667809,320416,,3204162001,ARJASARI,ee5064d45f773ccdc6390b60f14f3455,"['nib:03169', 'persilpasifid:7106e6853fa877bae053031d0b0aae55', 'nomor:10141703100972', 'geometry:ee5064d45f773ccdc6390b60f14f3455']",nib:03169
7106E6853FFF77BAE053031D0B0AAE55,,Hak Milik,187,2018,03258,Meteran,10141703101147,,ARJASARI,107.6373004,-7.068029,320416,,3204162001,ARJASARI,6f9dc9c9ca341902696d3d212549b810,"['nib:03258', 'persilpasifid:7106e6853fff77bae053031d0b0aae55', 'nomor:10141703101147', 'geometry:6f9dc9c9ca341902696d3d212549b810']",nib:03258
717B90CC040A8939E053031D0B0A67C1,,Hak Milik,3172,2018,05011,Meteran,10141706104224,,ARJASARI,107.6373004,-7.0592923,320416,,3204162001,ARJASARI,5fa5dcc24c6541876f50113b20bee3fc,"['nib:05011', 'persilpasifid:717b90cc040a8939e053031d0b0a67c1', 'nomor:10141706104224', 'geometry:5fa5dcc24c6541876f50113b20bee3fc']",nib:05011
F51D8E2AE131F9E2E0530B1D140AC87B,,Hak Milik,75,2023,,GPS Geodetic,10141706106768,,ARJASARI,107.6373004,-7.0567961,320416,,3204162001,ARJASARI,f6590520d9a491ca2c40db9923d8f160,"['persilpasifid:f51d8e2ae131f9e2e0530b1d140ac87b', 'nomor:10141706106768', 'geometry:f6590520d9a491ca2c40db9923d8f160']",persilpasifid:f51d8e2ae131f9e2e0530b1d140ac87b
0C4BC32BB835708CE063B416140A8393,,Kosong,1371,,,,,0.5,ARJASARI,107.6373004,-7.056172,320416,,3204162001,ARJASARI,d0abd8c32b85a919f6bdbd21d14c9574,"['persilpasifid:0c4bc32bb835708ce063b416140a8393', 'geometry:d0abd8c32b85a919f6bdbd21d14c9574']",persilpasifid:0c4bc32bb835708ce063b416140a8393
69012697ED83CB9DE053141D0B0A5A34,,Hak Milik,397,2018,02673,Meteran,10141706105260,,ARJASARI,107.6373004,-7.0599164,320416,,3204162001,ARJASARI,3b1e64ffb966ad390022b81379d10643,"['nib:02673', 'persilpasifid:69012697ed83cb9de053141d0b0a5a34', 'nomor:10141706105260', 'geometry:3b1e64ffb966ad390022b81379d10643']",nib:02673
717B90CC04188939E053031D0B0A67C1,,Hak Milik,264,2018,05028,Meteran,10141706103799,,ARJASARI,107.6373004,-7.0599164,320416,,3204162001,ARJASARI,1590a66a52d8e36e1f426bb60ca1967f,"['nib:05028', 'persilpasifid:717b90cc04188939e053031d0b0a67c1', 'nomor:10141706103799', 'geometry:1590a66a52d8e36e1f426bb60ca1967f']",nib:05028
7644966BB55A2B8CE053021D0B0ABB4B,,Hak Milik,249,2018,06236,Meteran,10141706106285,,ARJASARI,107.6373004,-7.0574202,320416,,3204162001,ARJASARI,3a0783a527519276735ac0744ba13541,"['nib:06236', 'persilpasifid:7644966bb55a2b8ce053021d0b0abb4b', 'nomor:10141706106285', 'geometry:3a0783a527519276735ac0744ba13541']",nib:06236
772A7D56F36AF218E053141D0B0A11EA,,Hak Milik,1022,2018,06537,Meteran,10141706104324,,ARJASARI,107.6373004,-7.0480592,320416,,3204162001,ARJASARI,929d440783edc793aeb20303c7a076fc,"['nib:06537', 'persilpasifid:772a7d56f36af218e053141d0b0a11ea', 'nomor:10141706104324', 'geometry:929d440783edc793aeb20303c7a076fc']",nib:06537
772A7F0649BFBD91E053021D0B0A6F0D,,Hak Milik,1257,2018,06544,Meteran,10141706105991,,ARJASARI,107.6373004,-7.0486833,320416,,3204162001,ARJASARI,04d154cb43c995c47c7030a409781b2d,"['nib:06544', 'persilpasifid:772a7f0649bfbd91e053021d0b0a6f0d', 'nomor:10141706105991', 'geometry:04d154cb43c995c47c7030a409781b2d']",nib:06544
772A7F0649C0BD91E053021D0B0A6F0D,,Hak Milik,831,2018,06545,Meteran,10141706105992,,ARJASARI,107.6373004,-7.0486833,320416,,3204162001,ARJASARI,30a6e1873c65f7bf7155283b979204d9,"['nib:06545', 'persilpasifid:772a7f0649c0bd91e053021d0b0a6f0d', 'nomor:10141706105992', 'geometry:30a6e1873c65f7bf7155283b979204d9']",nib:06545
7119203E8AB9D024E053141D0B0AF986,,Hak Milik,186,2018,03309,Meteran,10141703100820,,ARJASARI,107.6379292,-7.0699011,320416,,3204162001,ARJASARI,d6209dfc82f5857d2aa614f5e0cd978b,"['nib:03309', 'persilpasifid:7119203e8ab9d024e053141d0b0af986', 'nomor:10141703100820', 'geometry:d6209dfc82f5857d2aa614f5e0cd978b']",nib:03309
7106E6853F9D77BAE053031D0B0AAE55,,Hak Milik,1748,2018,03155,Meteran,10141703101015,,ARJASARI,107.6379292,-7.0661569,320416,,3204162001,ARJASARI,611830e3c7ead614f79c073721cb5667,"['nib:03155', 'persilpasifid:7106e6853f9d77bae053031d0b0aae55', 'nomor:10141703101015', 'geometry:611830e3c7ead614f79c073721cb5667']",nib:03155
7644372EB8AFD42BE053021D0B0AB577,,Hak Milik,116,2018,06308,Meteran,10141706103981,,ARJASARI,107.6379292,-7.0599164,320416,,3204162001,ARJASARI,876d348a5151a452a26499cb000a7e69,"['nib:06308', 'persilpasifid:7644372eb8afd42be053021d0b0ab577', 'nomor:10141706103981', 'geometry:876d348a5151a452a26499cb000a7e69']",nib:06308
7644A129E34FB409E053141D0B0AC7CA,,Hak Milik,173,2018,06277,Meteran,10141706103976,,ARJASARI,107.6379292,-7.0599164,320416,,3204162001,ARJASARI,ff22042766a2cced1d28cde54c8ff9b2,"['nib:06277', 'persilpasifid:7644a129e34fb409e053141d0b0ac7ca', 'nomor:10141706103976', 'geometry:ff22042766a2cced1d28cde54c8ff9b2']",nib:06277
772A7F0649EEBD91E053021D0B0A6F0D,,Hak Milik,333,2018,06594,Meteran,10141706104329,,ARJASARI,107.6373004,-7.0493073,320416,,3204162001,ARJASARI,541bbfb32d786e2e5d3614c457dec32e,"['nib:06594', 'persilpasifid:772a7f0649eebd91e053021d0b0a6f0d', 'nomor:10141706104329', 'geometry:541bbfb32d786e2e5d3614c457dec32e']",nib:06594
7644966BB5612B8CE053021D0B0ABB4B,,Hak Milik,398,2018,06242,Meteran,10141706103956,,ARJASARI,107.6379292,-7.0574202,320416,,3204162001,ARJASARI,846d0b1f582a4fc1f65e7d72be8a73a4,"['nib:06242', 'persilpasifid:7644966bb5612b8ce053021d0b0abb4b', 'nomor:10141706103956', 'geometry:846d0b1f582a4fc1f65e7d72be8a73a4']",nib:06242
784728ABDD6424DEE053131D0B0AA8C3,,Hak Milik,272,2018,07302,Meteran,10141706106181,,ARJASARI,107.6379292,-7.0511795,320416,,3204162001,ARJASARI,a9a4d4fa66dcf7a361168e138737f95e,"['nib:07302', 'persilpasifid:784728abdd6424dee053131d0b0aa8c3', 'nomor:10141706106181', 'geometry:a9a4d4fa66dcf7a361168e138737f95e']",nib:07302
7644372EB8A9D42BE053021D0B0AB577,,Hak Milik,387,2018,06266,Meteran,10141706104001,,ARJASARI,107.6379292,-7.0580442,320416,,3204162001,ARJASARI,20c56c04fb05f28ee369db131ed7f1e2,"['nib:06266', 'persilpasifid:7644372eb8a9d42be053021d0b0ab577', 'nomor:10141706104001', 'geometry:20c56c04fb05f28ee369db131ed7f1e2']",nib:06266
77EC679607F3B2C0E053141D0B0ACE69,,Hak Milik,904,2018,06810,Meteran,10141706104677,,ARJASARI,107.6379292,-7.0486833,320416,,3204162001,ARJASARI,49ee2a778cd2dc83eb229c8297b770ee,"['nib:06810', 'persilpasifid:77ec679607f3b2c0e053141d0b0ace69', 'nomor:10141706104677', 'geometry:49ee2a778cd2dc83eb229c8297b770ee']",nib:06810
77EC8B22899C5AF7E053141D0B0A9D68,,Hak Milik,851,2018,06819,Meteran,10141706104636,,ARJASARI,107.6379292,-7.0493073,320416,,3204162001,ARJASARI,14c22c4eb234940f5b456331d7a87ead,"['nib:06819', 'persilpasifid:77ec8b22899c5af7e053141d0b0a9d68', 'nomor:10141706104636', 'geometry:14c22c4eb234940f5b456331d7a87ead']",nib:06819
77EC6450068DA94AE053031D0B0A08E9,,Hak Milik,1088,2018,06770,Meteran,10141706104694,,ARJASARI,107.6379292,-7.0468111,320416,,3204162001,ARJASARI,45f7243faa93011422bf766a9f2a5377,"['nib:06770', 'persilpasifid:77ec6450068da94ae053031d0b0a08e9', 'nomor:10141706104694', 'geometry:45f7243faa93011422bf766a9f2a5377']",nib:06770
7118CF45F1028A87E053031D0B0AC6F1,,Hak Milik,1763,2018,03358,Meteran,10141703101149,,ARJASARI,107.638558,-7.0717732,320416,,3204162001,ARJASARI,2dc8cd2b6d8480efb83f318b88f9838c,"['nib:03358', 'persilpasifid:7118cf45f1028a87e053031d0b0ac6f1', 'nomor:10141703101149', 'geometry:2dc8cd2b6d8480efb83f318b88f9838c']",nib:03358
7118A68503F8397CE053021D0B0A6860,,Hak Milik,323,2018,03344,Meteran,10141703102986,,ARJASARI,107.638558,-7.0711492,320416,,3204162001,ARJASARI,51cb29722bc7db4a819171b186b2b3e9,"['nib:03344', 'persilpasifid:7118a68503f8397ce053021d0b0a6860', 'nomor:10141703102986', 'geometry:51cb29722bc7db4a819171b186b2b3e9']",nib:03344
7118D0ACFB715375E053141D0B0A151A,,Hak Milik,596,2018,03403,Meteran,10141703103098,,ARJASARI,107.638558,-7.0736453,320416,,3204162001,ARJASARI,16bc9033552beb606a5088558f6ff601,"['nib:03403', 'persilpasifid:7118d0acfb715375e053141d0b0a151a', 'nomor:10141703103098', 'geometry:16bc9033552beb606a5088558f6ff601']",nib:03403
7106E6853FAB77BAE053031D0B0AAE55,,Kosong,289,,03172,,,,ARJASARI,107.638558,-7.0674049,320416,,3204162001,ARJASARI,7edf050ea5f587d18f0576ba76a74a76,"['nib:03172', 'persilpasifid:7106e6853fab77bae053031d0b0aae55', 'geometry:7edf050ea5f587d18f0576ba76a74a76']",nib:03172
7845A740A384BBBBE053021D0B0AE2EC,,Hak Milik,684,2018,07381,Meteran,10141706106231,,ARJASARI,107.6379292,-7.0524277,320416,,3204162001,ARJASARI,634faf0d98a0e67d645dea1275940e1a,"['nib:07381', 'persilpasifid:7845a740a384bbbbe053021d0b0ae2ec', 'nomor:10141706106231', 'geometry:634faf0d98a0e67d645dea1275940e1a']",nib:07381
6A1D09E2778131BBE053141D0B0A3356,,Hak Milik,196,2018,03042,Meteran,10141706101840,,ARJASARI,107.638558,-7.0642847,320416,,3204162001,ARJASARI,2da3633afa83fe0a0447a9bc95dac9d5,"['nib:03042', 'persilpasifid:6a1d09e2778131bbe053141d0b0a3356', 'nomor:10141706101840', 'geometry:2da3633afa83fe0a0447a9bc95dac9d5']",nib:03042
6A1CE1061A60F10BE053141D0B0ACBEF,,Hak Milik,452,2018,03080,Meteran,10141706101571,,ARJASARI,107.638558,-7.0630366,320416,,3204162001,ARJASARI,b760257da11744a5bf7f899f5c42b6b6,"['nib:03080', 'persilpasifid:6a1ce1061a60f10be053141d0b0acbef', 'nomor:10141706101571', 'geometry:b760257da11744a5bf7f899f5c42b6b6']",nib:03080
cfaac88e1d1a4ebe8da78a867669c87b,,Hak Milik,430,2002,01561,,10141706100553,,ARJASARI,107.638558,-7.0630366,320416,,3204162001,ARJASARI,14bd7a533d558806a4faec8579ab2444,"['nib:01561', 'persilpasifid:cfaac88e1d1a4ebe8da78a867669c87b', 'nomor:10141706100553', 'geometry:14bd7a533d558806a4faec8579ab2444']",nib:01561
77EC6450068EA94AE053031D0B0A08E9,,Hak Milik,1906,2018,06773,Meteran,10141706104679,,ARJASARI,107.6379292,-7.0474351,320416,,3204162001,ARJASARI,19ad9104b15c1b130aba3e9f98e89ad8,"['nib:06773', 'persilpasifid:77ec6450068ea94ae053031d0b0a08e9', 'nomor:10141706104679', 'geometry:19ad9104b15c1b130aba3e9f98e89ad8']",nib:06773
764478A750972936E053021D0B0AB689,,Hak Milik,948,2018,06252,Meteran,10141706104527,,ARJASARI,107.638558,-7.0574202,320416,,3204162001,ARJASARI,128a5d464a80f86bc7f0c81a531aadf3,"['nib:06252', 'persilpasifid:764478a750972936e053021d0b0ab689', 'nomor:10141706104527', 'geometry:128a5d464a80f86bc7f0c81a531aadf3']",nib:06252
764478A2AA0927F4E053021D0B0A01B6,,Hak Milik,876,2018,06288,Meteran,10141706104537,,ARJASARI,107.638558,-7.0605404,320416,,3204162001,ARJASARI,8a726b6e9f4d109a5df059fad1bc188a,"['nib:06288', 'persilpasifid:764478a2aa0927f4e053021d0b0a01b6', 'nomor:10141706104537', 'geometry:8a726b6e9f4d109a5df059fad1bc188a']",nib:06288
7844193853829F2FE053021D0B0ACA2E,,Hak Milik,320,2018,07214,Meteran,10141706105038,,ARJASARI,107.638558,-7.0505555,320416,,3204162001,ARJASARI,eb1aa73e7972c0645927abd9d6350d72,"['nib:07214', 'persilpasifid:7844193853829f2fe053021d0b0aca2e', 'nomor:10141706105038', 'geometry:eb1aa73e7972c0645927abd9d6350d72']",nib:07214
77EC6B2997A2AB49E053131D0B0A2B41,,Hak Milik,493,2018,06799,Meteran,10141706106029,,ARJASARI,107.638558,-7.0480592,320416,,3204162001,ARJASARI,a30ad264ce5dd272e99dc9472fd6bc1f,"['nib:06799', 'persilpasifid:77ec6b2997a2ab49e053131d0b0a2b41', 'nomor:10141706106029', 'geometry:a30ad264ce5dd272e99dc9472fd6bc1f']",nib:06799
7118D0ACFB6E5375E053141D0B0A151A,,Hak Milik,331,2018,03393,Meteran,10141703101068,,ARJASARI,107.6391869,-7.0742694,320416,,3204162001,ARJASARI,dbff232ab958583eec3cff463b2a9074,"['nib:03393', 'persilpasifid:7118d0acfb6e5375e053141d0b0a151a', 'nomor:10141703101068', 'geometry:dbff232ab958583eec3cff463b2a9074']",nib:03393
6A1CE1061A59F10BE053141D0B0ACBEF,,Hak Milik,205,2016,03068,Meteran,10141706100848,,ARJASARI,107.638558,-7.0617885,320416,,3204162001,ARJASARI,d13a7479a5ab0985fb3122b44644daeb,"['nib:03068', 'persilpasifid:6a1ce1061a59f10be053141d0b0acbef', 'nomor:10141706100848', 'geometry:d13a7479a5ab0985fb3122b44644daeb']",nib:03068
7025955B4005FB7EE053141D0B0ADED8,,Hak Milik,1204,2018,02610,,10141703102910,,ARJASARI,107.6391869,-7.0761415,320416,,3204162001,ARJASARI,efbd3800ccdb17bff4b24d21ef2cb1f5,"['nib:02610', 'persilpasifid:7025955b4005fb7ee053141d0b0aded8', 'nomor:10141703102910', 'geometry:efbd3800ccdb17bff4b24d21ef2cb1f5']",nib:02610
77EC8E67ADEBFF87E053131D0B0A5690,,Hak Milik,1029,2018,06815,Meteran,10141706105964,,ARJASARI,107.638558,-7.0486833,320416,,3204162001,ARJASARI,a278c0ac012008899ac12d5a02f12937,"['nib:06815', 'persilpasifid:77ec8e67adebff87e053131d0b0a5690', 'nomor:10141706105964', 'geometry:a278c0ac012008899ac12d5a02f12937']",nib:06815
7119203E8B0BD024E053141D0B0AF986,,Kosong,1016,,03380,,,,ARJASARI,107.6391869,-7.0736453,320416,,3204162001,ARJASARI,9d763b9ef2f253e674e8b1fde7c414f4,"['nib:03380', 'persilpasifid:7119203e8b0bd024e053141d0b0af986', 'geometry:9d763b9ef2f253e674e8b1fde7c414f4']",nib:03380
6B4D791CDF43FE76E053031D0B0A0242,,Hak Milik,466,2018,03260,Meteran,10141706101638,,ARJASARI,107.6391869,-7.0692771,320416,,3204162001,ARJASARI,343dcd11e4bb60213bb3584257abc9ae,"['nib:03260', 'persilpasifid:6b4d791cdf43fe76e053031d0b0a0242', 'nomor:10141706101638', 'geometry:343dcd11e4bb60213bb3584257abc9ae']",nib:03260
74B3410AC6CF8F0AE053141D0B0A8521,,Hak Milik,223,2018,05797,Meteran,10141706106151,,ARJASARI,107.6391869,-7.068653,320416,,3204162001,ARJASARI,2fe2de81f6b31a8955f126177f1e4cc8,"['nib:05797', 'persilpasifid:74b3410ac6cf8f0ae053141d0b0a8521', 'nomor:10141706106151', 'geometry:2fe2de81f6b31a8955f126177f1e4cc8']",nib:05797
6A1CE1061A78F10BE053141D0B0ACBEF,,Hak Milik,586,2018,03111,Meteran,10141706101563,,ARJASARI,107.6391869,-7.0642847,320416,,3204162001,ARJASARI,b31b8f7d2f96b61dcada98dcf8710e1b,"['nib:03111', 'persilpasifid:6a1ce1061a78f10be053141d0b0acbef', 'nomor:10141706101563', 'geometry:b31b8f7d2f96b61dcada98dcf8710e1b']",nib:03111
6A1CE1061A62F10BE053141D0B0ACBEF,,Hak Milik,1175,2018,03084,Meteran,10141706101847,,ARJASARI,107.6391869,-7.0617885,320416,,3204162001,ARJASARI,428ead634572905c392a6c62d55a165a,"['nib:03084', 'persilpasifid:6a1ce1061a62f10be053141d0b0acbef', 'nomor:10141706101847', 'geometry:428ead634572905c392a6c62d55a165a']",nib:03084
7845A740A36EBBBBE053021D0B0AE2EC,,Hak Milik,360,2018,07321,Meteran,10141706104842,,ARJASARI,107.6391869,-7.0530517,320416,,3204162001,ARJASARI,41e8f35beddea7b384a30bb7045d0fd0,"['nib:07321', 'persilpasifid:7845a740a36ebbbbe053021d0b0ae2ec', 'nomor:10141706104842', 'geometry:41e8f35beddea7b384a30bb7045d0fd0']",nib:07321
3fc40da6715c48e6b85376e80ee1f097,,Hak Milik,297,2018,01299,,10141706100401,,ARJASARI,107.6391869,-7.0524277,320416,,3204162001,ARJASARI,77dac2f37e84817ccac2d1549e18444a,"['nib:01299', 'persilpasifid:3fc40da6715c48e6b85376e80ee1f097', 'nomor:10141706100401', 'geometry:77dac2f37e84817ccac2d1549e18444a']",nib:01299
78441938538B9F2FE053021D0B0ACA2E,,Hak Milik,227,2018,07223,Meteran,10141706104977,,ARJASARI,107.6391869,-7.0518036,320416,,3204162001,ARJASARI,f7dba31ad83a9c1ef1d0e2223fc23e50,"['nib:07223', 'persilpasifid:78441938538b9f2fe053021d0b0aca2e', 'nomor:10141706104977', 'geometry:f7dba31ad83a9c1ef1d0e2223fc23e50']",nib:07223
77EC8E67ADECFF87E053131D0B0A5690,,Hak Milik,231,2018,06816,Meteran,10141706104695,,ARJASARI,107.6391869,-7.0468111,320416,,3204162001,ARJASARI,d43e75e91761062b1a7145b46007f288,"['nib:06816', 'persilpasifid:77ec8e67adecff87e053131d0b0a5690', 'nomor:10141706104695', 'geometry:d43e75e91761062b1a7145b46007f288']",nib:06816
EECCA7DED0D777C8E040A8C010012EC9,,Hak Milik,1872,2016,01816,,10141706100768,,ARJASARI,107.6391869,-7.0505555,320416,,3204162001,ARJASARI,d57575760d578159dc2ac0b78179ee93,"['nib:01816', 'persilpasifid:eecca7ded0d777c8e040a8c010012ec9', 'nomor:10141706100768', 'geometry:d57575760d578159dc2ac0b78179ee93']",nib:01816
6B4D791CDF33FE76E053031D0B0A0242,,Hak Milik,449,2018,03244,Meteran,10141706106314,,ARJASARI,107.6391869,-7.068029,320416,,3204162001,ARJASARI,d26451a7f5ae9b4754db95e49a401b64,"['nib:03244', 'persilpasifid:6b4d791cdf33fe76e053031d0b0a0242', 'nomor:10141706106314', 'geometry:d26451a7f5ae9b4754db95e49a401b64']",nib:03244
737714DDF59F9BF2E053141D0B0AC45E,,Kosong,743,,05170,,,,ARJASARI,107.6398157,-7.0786376,320416,,3204162001,ARJASARI,308c9f2702579e21a5cca6e6e5d08960,"['nib:05170', 'persilpasifid:737714ddf59f9bf2e053141d0b0ac45e', 'geometry:308c9f2702579e21a5cca6e6e5d08960']",nib:05170
7845A740A378BBBBE053021D0B0AE2EC,,Hak Milik,623,2018,07331,Meteran,10141706104993,,ARJASARI,107.6391869,-7.0536758,320416,,3204162001,ARJASARI,e32c9eb0b5dd15a86032d05f32455cec,"['nib:07331', 'persilpasifid:7845a740a378bbbbe053021d0b0ae2ec', 'nomor:10141706104993', 'geometry:e32c9eb0b5dd15a86032d05f32455cec']",nib:07331
6B4D28B285A0B157E053031D0B0A70F4,,Hak Milik,320,2018,03199,Meteran,10141706101628,,ARJASARI,107.6391869,-7.0655328,320416,,3204162001,ARJASARI,662e19310fc07a135dd34cbc2dc72949,"['nib:03199', 'persilpasifid:6b4d28b285a0b157e053031d0b0a70f4', 'nomor:10141706101628', 'geometry:662e19310fc07a135dd34cbc2dc72949']",nib:03199
6A1CE1061A70F10BE053141D0B0ACBEF,,Hak Milik,996,2018,03098,Meteran,10141706101588,,ARJASARI,107.6391869,-7.0624126,320416,,3204162001,ARJASARI,085547000140f3749dd19ca75c91905e,"['nib:03098', 'persilpasifid:6a1ce1061a70f10be053141d0b0acbef', 'nomor:10141706101588', 'geometry:085547000140f3749dd19ca75c91905e']",nib:03098
6B4D71323F1C2D0DE053021D0B0A0A0A,,Hak Milik,325,2018,03299,Meteran,10141706101653,,ARJASARI,107.6398157,-7.0705252,320416,,3204162001,ARJASARI,919bcef3b76f681a502a45858a7c5d1f,"['nib:03299', 'persilpasifid:6b4d71323f1c2d0de053021d0b0a0a0a', 'nomor:10141706101653', 'geometry:919bcef3b76f681a502a45858a7c5d1f']",nib:03299
6CC200F38F9F8C06E053141D0B0AA149,,Hak Milik,145,2018,03572,Meteran,10141706102270,,ARJASARI,107.6398157,-7.0674049,320416,,3204162001,ARJASARI,9f87e090ea0c6d579814e657596f86a5,"['nib:03572', 'persilpasifid:6cc200f38f9f8c06e053141d0b0aa149', 'nomor:10141706102270', 'geometry:9f87e090ea0c6d579814e657596f86a5']",nib:03572
E7D2EF3E3D873562E040A8C0100170AD,,Hak Milik,1253,2014,01808,,10141706100710,,ARJASARI,107.6398157,-7.0630366,320416,,3204162001,ARJASARI,db13a4a40daa0a2d7a3438697a8dbc1a,"['nib:01808', 'persilpasifid:e7d2ef3e3d873562e040a8c0100170ad', 'nomor:10141706100710', 'geometry:db13a4a40daa0a2d7a3438697a8dbc1a']",nib:01808
6CC200F38FA08C06E053141D0B0AA149,,Hak Milik,737,2018,03573,Meteran,10141706105761,,ARJASARI,107.6398157,-7.0692771,320416,,3204162001,ARJASARI,3e0356cd737da128cbd44daf07f11482,"['nib:03573', 'persilpasifid:6cc200f38fa08c06e053141d0b0aa149', 'nomor:10141706105761', 'geometry:3e0356cd737da128cbd44daf07f11482']",nib:03573
737714DDF5AA9BF2E053141D0B0AC45E,,Kosong,2173,,05222,,,,ARJASARI,107.6398157,-7.0767655,320416,,3204162001,ARJASARI,66f7a07a928611741bafbe804b838154,"['nib:05222', 'persilpasifid:737714ddf5aa9bf2e053141d0b0ac45e', 'geometry:66f7a07a928611741bafbe804b838154']",nib:05222
784728ABDD8924DEE053131D0B0AA8C3,,Hak Milik,1051,2018,07364,Meteran,10141706106199,,ARJASARI,107.6398157,-7.056172,320416,,3204162001,ARJASARI,8c2ba08c8b8b737e643b719ec57e270d,"['nib:07364', 'persilpasifid:784728abdd8924dee053131d0b0aa8c3', 'nomor:10141706106199', 'geometry:8c2ba08c8b8b737e643b719ec57e270d']",nib:07364
784728ABDD8A24DEE053131D0B0AA8C3,,Hak Milik,1046,2018,07365,Meteran,10141706106213,,ARJASARI,107.6398157,-7.056172,320416,,3204162001,ARJASARI,88a3321deb4de01c19152e5cbe169db2,"['nib:07365', 'persilpasifid:784728abdd8a24dee053131d0b0aa8c3', 'nomor:10141706106213', 'geometry:88a3321deb4de01c19152e5cbe169db2']",nib:07365
2306548ad9ab4d65924eac69de83490c,,Hak Milik,1410,2018,01770,,10141706100067,,ARJASARI,107.6398157,-7.0524277,320416,,3204162001,ARJASARI,899d461d38831bd1e0eea91c71dd6275,"['nib:01770', 'persilpasifid:2306548ad9ab4d65924eac69de83490c', 'nomor:10141706100067', 'geometry:899d461d38831bd1e0eea91c71dd6275']",nib:01770
7844193853919F2FE053021D0B0ACA2E,,Hak Milik,2070,2018,07230,Meteran,10141706105048,,ARJASARI,107.6398157,-7.0511795,320416,,3204162001,ARJASARI,1f5b6e44d61ec217018f620ebf0c9dde,"['nib:07230', 'persilpasifid:7844193853919f2fe053021d0b0aca2e', 'nomor:10141706105048', 'geometry:1f5b6e44d61ec217018f620ebf0c9dde']",nib:07230
E794F1FBED1A4EBEE040A8C010014778,,Hak Milik,836,2014,01804,,10141706100712,,ARJASARI,107.6398157,-7.0661569,320416,,3204162001,ARJASARI,69fb2c37edbfaeea0fee96ebed2c3fc7,"['nib:01804', 'persilpasifid:e794f1fbed1a4ebee040a8c010014778', 'nomor:10141706100712', 'geometry:69fb2c37edbfaeea0fee96ebed2c3fc7']",nib:01804
6B4D791CDF03FE76E053031D0B0A0242,,Hak Milik,844,2018,03204,Meteran,10141706104114,,ARJASARI,107.6398157,-7.0661569,320416,,3204162001,ARJASARI,d0b4e86680f976c692f093e4133817db,"['nib:03204', 'persilpasifid:6b4d791cdf03fe76e053031d0b0a0242', 'nomor:10141706104114', 'geometry:d0b4e86680f976c692f093e4133817db']",nib:03204
6B4D71323F2C2D0DE053021D0B0A0A0A,,Hak Milik,380,2018,03315,Meteran,10141706104534,,ARJASARI,107.6398157,-7.0699011,320416,,3204162001,ARJASARI,385ec223bd32df02124e282b1490d387,"['nib:03315', 'persilpasifid:6b4d71323f2c2d0de053021d0b0a0a0a', 'nomor:10141706104534', 'geometry:385ec223bd32df02124e282b1490d387']",nib:03315
7469EBC4039AACC7E053131D0B0ACB86,,Hak Milik,801,2018,05474,Meteran,10141703103013,,ARJASARI,107.6404445,-7.0798856,320416,,3204162001,ARJASARI,1e5cae7f16394a6f7cd50ea2dfbc70b8,"['nib:05474', 'persilpasifid:7469ebc4039aacc7e053131d0b0acb86', 'nomor:10141703103013', 'geometry:1e5cae7f16394a6f7cd50ea2dfbc70b8']",nib:05474
6B4D71323F152D0DE053021D0B0A0A0A,,Hak Milik,2124,2018,03221,Meteran,10141706102125,,ARJASARI,107.6404445,-7.0661569,320416,,3204162001,ARJASARI,0adb558fc6f8caa2109a0ae728ce2094,"['nib:03221', 'persilpasifid:6b4d71323f152d0de053021d0b0a0a0a', 'nomor:10141706102125', 'geometry:0adb558fc6f8caa2109a0ae728ce2094']",nib:03221
6D0456B3A8676F59E053131D0B0A7D49,,Hak Milik,522,2018,03763,Meteran,10141706104667,,ARJASARI,107.6404445,-7.0761415,320416,,3204162001,ARJASARI,9ab3a87794bb6362d3c08da6acb800f9,"['nib:03763', 'persilpasifid:6d0456b3a8676f59e053131d0b0a7d49', 'nomor:10141706104667', 'geometry:9ab3a87794bb6362d3c08da6acb800f9']",nib:03763
6A1CE1061A81F10BE053141D0B0ACBEF,,Hak Milik,2183,2018,03120,Meteran,10141706102350,,ARJASARI,107.6404445,-7.0636607,320416,,3204162001,ARJASARI,0e9305edbf3d5a2ede38751aa6fa8b64,"['nib:03120', 'persilpasifid:6a1ce1061a81f10be053141d0b0acbef', 'nomor:10141706102350', 'geometry:0e9305edbf3d5a2ede38751aa6fa8b64']",nib:03120
78F2DA699F107649E053031D0B0AABF3,,Hak Milik,591,2018,07451,Meteran,10141706106224,,ARJASARI,107.6404445,-7.0511795,320416,,3204162001,ARJASARI,292bd59d4001b87c646ed324f8c357a7,"['nib:07451', 'persilpasifid:78f2da699f107649e053031d0b0aabf3', 'nomor:10141706106224', 'geometry:292bd59d4001b87c646ed324f8c357a7']",nib:07451
786B1D647D4150F5E053031D0B0A4901,,Hak Milik,901,2018,07427,Meteran,10141706106237,,ARJASARI,107.6404445,-7.0499314,320416,,3204162001,ARJASARI,4a814cd1aa319def69c7375630868469,"['nib:07427', 'persilpasifid:786b1d647d4150f5e053031d0b0a4901', 'nomor:10141706106237', 'geometry:4a814cd1aa319def69c7375630868469']",nib:07427
6CC200F38FA48C06E053141D0B0AA149,,Hak Milik,479,2018,03577,Meteran,10141706101791,,ARJASARI,107.6410733,-7.068653,320416,,3204162001,ARJASARI,8689112c6d6af55a2ce81f61b6c227ad,"['nib:03577', 'persilpasifid:6cc200f38fa48c06e053141d0b0aa149', 'nomor:10141706101791', 'geometry:8689112c6d6af55a2ce81f61b6c227ad']",nib:03577
6CC200F38F668C06E053141D0B0AA149,,Hak Milik,1180,2018,03515,Meteran,10141706105706,,ARJASARI,107.6410733,-7.0661569,320416,,3204162001,ARJASARI,f3e87d8a94aacc4dcecb90b38b47e430,"['nib:03515', 'persilpasifid:6cc200f38f668c06e053141d0b0aa149', 'nomor:10141706105706', 'geometry:f3e87d8a94aacc4dcecb90b38b47e430']",nib:03515
6CC200F38F598C06E053141D0B0AA149,,Hak Milik,550,2018,03502,Meteran,10141706101853,,ARJASARI,107.6410733,-7.0667809,320416,,3204162001,ARJASARI,7351de97ec9c4c03fa27ad3a47049e90,"['nib:03502', 'persilpasifid:6cc200f38f598c06e053141d0b0aa149', 'nomor:10141706101853', 'geometry:7351de97ec9c4c03fa27ad3a47049e90']",nib:03502
746764726C4AE01BE053031D0B0AF189,,Hak Milik,163,2018,05443,Meteran,10141706105954,,ARJASARI,107.6410733,-7.0542999,320416,,3204162001,ARJASARI,f13404b09d26c4bacfae4ce5334bac4c,"['nib:05443', 'persilpasifid:746764726c4ae01be053031d0b0af189', 'nomor:10141706105954', 'geometry:f13404b09d26c4bacfae4ce5334bac4c']",nib:05443
70B62F0A8EC06B6BE053031D0B0A7903,,Hak Milik,903,2018,04986,Meteran,10141706103414,,ARJASARI,107.6417021,-7.0805097,320416,,3204162001,ARJASARI,9575ee1bcfe834c76b87099c231349ba,"['nib:04986', 'persilpasifid:70b62f0a8ec06b6be053031d0b0a7903', 'nomor:10141706103414', 'geometry:9575ee1bcfe834c76b87099c231349ba']",nib:04986
da640a6a4eba4e19b3aa0288c0ff4530,,Hak Milik,1980,1979,,,10141703100022,,ARJASARI,107.6417021,-7.0823817,320416,,3204162001,ARJASARI,f9e7b42fc2b0d90ffce9f5bef227608f,"['persilpasifid:da640a6a4eba4e19b3aa0288c0ff4530', 'nomor:10141703100022', 'geometry:f9e7b42fc2b0d90ffce9f5bef227608f']",persilpasifid:da640a6a4eba4e19b3aa0288c0ff4530
7a06c6f84d3244949f03537eb7e45775,,Hak Milik,1310,1980,,,10141703100029,,ARJASARI,107.6417021,-7.0798856,320416,,3204162001,ARJASARI,420730e546b3ff0fd3f26cdcab73e2e8,"['persilpasifid:7a06c6f84d3244949f03537eb7e45775', 'nomor:10141703100029', 'geometry:420730e546b3ff0fd3f26cdcab73e2e8']",persilpasifid:7a06c6f84d3244949f03537eb7e45775
70B5614CCB6013A5E053131D0B0AFDC2,,Hak Milik,1009,2018,04695,Meteran,10141706103135,,ARJASARI,107.6417021,-7.0717732,320416,,3204162001,ARJASARI,5c7fcad8c4de3d35ac61c7ef5c8a2dd4,"['nib:04695', 'persilpasifid:70b5614ccb6013a5e053131d0b0afdc2', 'nomor:10141706103135', 'geometry:5c7fcad8c4de3d35ac61c7ef5c8a2dd4']",nib:04695
70B638A0B43D170BE053131D0B0A926A,,Hak Milik,645,2018,04839,Meteran,10141706105320,,ARJASARI,107.6417021,-7.0711492,320416,,3204162001,ARJASARI,1eab6445db81ae870683a881121d8b99,"['nib:04839', 'persilpasifid:70b638a0b43d170be053131d0b0a926a', 'nomor:10141706105320', 'geometry:1eab6445db81ae870683a881121d8b99']",nib:04839
70B571DAFE118998E053031D0B0A342A,,Hak Milik,1013,2018,04607,Meteran,10141706103067,,ARJASARI,107.6417021,-7.0773895,320416,,3204162001,ARJASARI,5d4e66da6fb5cd1cd9e76f12c4780389,"['nib:04607', 'persilpasifid:70b571dafe118998e053031d0b0a342a', 'nomor:10141706103067', 'geometry:5d4e66da6fb5cd1cd9e76f12c4780389']",nib:04607
746764726C32E01BE053031D0B0AF189,,Hak Milik,439,2018,05419,Meteran,10141706105950,,ARJASARI,107.6417021,-7.0549239,320416,,3204162001,ARJASARI,f0315847770ca0ffad4dafc907ea6658,"['nib:05419', 'persilpasifid:746764726c32e01be053031d0b0af189', 'nomor:10141706105950', 'geometry:f0315847770ca0ffad4dafc907ea6658']",nib:05419
7845A740A372BBBBE053021D0B0AE2EC,,Hak Milik,560,2018,07325,,10141706106193,,ARJASARI,107.6417021,-7.0505555,320416,,3204162001,ARJASARI,dcdf286c8d19b3acaa829e0a9195150c,"['nib:07325', 'persilpasifid:7845a740a372bbbbe053021d0b0ae2ec', 'nomor:10141706106193', 'geometry:dcdf286c8d19b3acaa829e0a9195150c']",nib:07325
692BC177F3AA4739E053031D0B0AB5B4,,Hak Milik,915,2018,02753,Meteran,10141706105500,,ARJASARI,107.6417021,-7.0499314,320416,,3204162001,ARJASARI,eceb0e3b6202242f2ee43171d1019790,"['nib:02753', 'persilpasifid:692bc177f3aa4739e053031d0b0ab5b4', 'nomor:10141706105500', 'geometry:eceb0e3b6202242f2ee43171d1019790']",nib:02753
27DF3D37D3DAE095E053141D0B0AF9A9,,Kosong,7386,,02139,,,,ARJASARI,107.6417021,-7.0399462,320416,,3204162001,ARJASARI,8d7798e316880b394d1e10113ac75057,"['nib:02139', 'persilpasifid:27df3d37d3dae095e053141d0b0af9a9', 'geometry:8d7798e316880b394d1e10113ac75057']",nib:02139
70B68B0DEFD91711E053131D0B0A0A4B,,Hak Milik,924,2018,04991,Meteran,10141706103416,,ARJASARI,107.642331,-7.0811337,320416,,3204162001,ARJASARI,6c267ca4bb6ab4b619665dd769e82062,"['nib:04991', 'persilpasifid:70b68b0defd91711e053131d0b0a0a4b', 'nomor:10141706103416', 'geometry:6c267ca4bb6ab4b619665dd769e82062']",nib:04991
702746CB3806A780E053131D0B0AB811,,Hak Milik,1002,2018,04349,Meteran,10141706102892,,ARJASARI,107.642331,-7.0836298,320416,,3204162001,ARJASARI,a9bfe2f9b5dd2c64748c93fa28bf2a94,"['nib:04349', 'persilpasifid:702746cb3806a780e053131d0b0ab811', 'nomor:10141706102892', 'geometry:a9bfe2f9b5dd2c64748c93fa28bf2a94']",nib:04349
70B62F0A8EC46B6BE053031D0B0A7903,,Hak Milik,1003,2018,04992,Meteran,10141706103236,,ARJASARI,107.642331,-7.0805097,320416,,3204162001,ARJASARI,eb4e0419ebe04981662589dd1759371f,"['nib:04992', 'persilpasifid:70b62f0a8ec46b6be053031d0b0a7903', 'nomor:10141706103236', 'geometry:eb4e0419ebe04981662589dd1759371f']",nib:04992
9dddfb6b46534ba6917cc78259f30f72,,Hak Milik,2570,1979,,,10141703100013,,ARJASARI,107.642331,-7.0805097,320416,,3204162001,ARJASARI,2789eda666eb7370e14ebf61020fbf77,"['persilpasifid:9dddfb6b46534ba6917cc78259f30f72', 'nomor:10141703100013', 'geometry:2789eda666eb7370e14ebf61020fbf77']",persilpasifid:9dddfb6b46534ba6917cc78259f30f72
f37ca0b2a41346ceb5616a9d457a3f37,,Hak Milik,2125,1980,,,10141703100027,,ARJASARI,107.642331,-7.0798856,320416,,3204162001,ARJASARI,18923b94b84903659886f269462189fc,"['persilpasifid:f37ca0b2a41346ceb5616a9d457a3f37', 'nomor:10141703100027', 'geometry:18923b94b84903659886f269462189fc']",persilpasifid:f37ca0b2a41346ceb5616a9d457a3f37
75040CF0A6A8568BE053131D0B0AE95A,,Hak Milik,719,2018,05822,Meteran,10141706103243,,ARJASARI,107.642331,-7.0817577,320416,,3204162001,ARJASARI,e2876e42018a55c154d5aacdb0adefff,"['nib:05822', 'persilpasifid:75040cf0a6a8568be053131d0b0ae95a', 'nomor:10141706103243', 'geometry:e2876e42018a55c154d5aacdb0adefff']",nib:05822
75040DD8748F5B07E053021D0B0A00CB,,Hak Milik,654,2018,05821,Meteran,10141706103248,,ARJASARI,107.642331,-7.0817577,320416,,3204162001,ARJASARI,4436e99a811400f745215f81dcb1a4da,"['nib:05821', 'persilpasifid:75040dd8748f5b07e053021d0b0a00cb', 'nomor:10141706103248', 'geometry:4436e99a811400f745215f81dcb1a4da']",nib:05821
18DB4B96C155116CE063B416140AB958,,Hak Milik,656,2024,,,10141706107287,,ARJASARI,107.642331,-7.0717732,320416,,3204162001,ARJASARI,133dd650c66090674a1d6a07843b5af4,"['persilpasifid:18db4b96c155116ce063b416140ab958', 'nomor:10141706107287', 'geometry:133dd650c66090674a1d6a07843b5af4']",persilpasifid:18db4b96c155116ce063b416140ab958
18DB4B96C156116CE063B416140AB958,,Hak Milik,360,2024,,,10141706107288,,ARJASARI,107.642331,-7.0717732,320416,,3204162001,ARJASARI,1f3771bd134c2a8287655af7b5453bcd,"['persilpasifid:18db4b96c156116ce063b416140ab958', 'nomor:10141706107288', 'geometry:1f3771bd134c2a8287655af7b5453bcd']",persilpasifid:18db4b96c156116ce063b416140ab958
10C7E9E22E4F4A4FE063B416140AAE80,,Hak Milik,819,2024,,,10141706107256,,ARJASARI,107.642331,-7.0723973,320416,,3204162001,ARJASARI,ac484cde35896bdf81bd761512be6a33,"['persilpasifid:10c7e9e22e4f4a4fe063b416140aae80', 'nomor:10141706107256', 'geometry:ac484cde35896bdf81bd761512be6a33']",persilpasifid:10c7e9e22e4f4a4fe063b416140aae80
70B638A0B460170BE053131D0B0A926A,,Hak Milik,855,2018,04913,Meteran,10141706103299,,ARJASARI,107.642331,-7.0711492,320416,,3204162001,ARJASARI,627c135100ec6f3707283e25f558d2d6,"['nib:04913', 'persilpasifid:70b638a0b460170be053131d0b0a926a', 'nomor:10141706103299', 'geometry:627c135100ec6f3707283e25f558d2d6']",nib:04913
6A1CE1061A8CF10BE053141D0B0ACBEF,,Hak Milik,935,2018,03131,Meteran,10141706105578,,ARJASARI,107.642331,-7.0642847,320416,,3204162001,ARJASARI,3bd8d238b9b45a056c41bbf828644054,"['nib:03131', 'persilpasifid:6a1ce1061a8cf10be053141d0b0acbef', 'nomor:10141706105578', 'geometry:3bd8d238b9b45a056c41bbf828644054']",nib:03131
70B56FCEE94643DEE053021D0B0AF211,,Hak Milik,599,2018,04633,Meteran,10141706103096,,ARJASARI,107.642331,-7.0792616,320416,,3204162001,ARJASARI,0d394394400fb48fda3b0ef49ce88e87,"['nib:04633', 'persilpasifid:70b56fcee94643dee053021d0b0af211', 'nomor:10141706103096', 'geometry:0d394394400fb48fda3b0ef49ce88e87']",nib:04633
70B56FCEE94943DEE053021D0B0AF211,,Hak Milik,704,2018,04636,Meteran,10141706103062,,ARJASARI,107.642331,-7.0786376,320416,,3204162001,ARJASARI,a6b1c19955fc0881a7403c4ad038e51f,"['nib:04636', 'persilpasifid:70b56fcee94943dee053021d0b0af211', 'nomor:10141706103062', 'geometry:a6b1c19955fc0881a7403c4ad038e51f']",nib:04636
16F7B97F67F2AB49E063B416140AFD6F,,Hak Milik,152,2025,,,10141706107370,,ARJASARI,107.642331,-7.0511795,320416,,3204162001,ARJASARI,c1b4dbbafef70b42bdcd87d0c15b1558,"['persilpasifid:16f7b97f67f2ab49e063b416140afd6f', 'nomor:10141706107370', 'geometry:c1b4dbbafef70b42bdcd87d0c15b1558']",persilpasifid:16f7b97f67f2ab49e063b416140afd6f
692C434604693F4EE053141D0B0A2F8F,,Hak Milik,211,2018,02777,Meteran,10141706101325,,ARJASARI,107.642331,-7.0505555,320416,,3204162001,ARJASARI,83b2e692cfe4b37ad38487f739e15b09,"['nib:02777', 'persilpasifid:692c434604693f4ee053141d0b0a2f8f', 'nomor:10141706101325', 'geometry:83b2e692cfe4b37ad38487f739e15b09']",nib:02777
692BC177F3A04739E053031D0B0AB5B4,,Hak Milik,586,2018,02743,Meteran,10141706101420,,ARJASARI,107.642331,-7.0499314,320416,,3204162001,ARJASARI,dcd19a3ff821b7b31259ced3f65d82d9,"['nib:02743', 'persilpasifid:692bc177f3a04739e053031d0b0ab5b4', 'nomor:10141706101420', 'geometry:dcd19a3ff821b7b31259ced3f65d82d9']",nib:02743
7467671145181AF1E053031D0B0A9139,,Hak Milik,721,2018,05453,Meteran,10141706102403,,ARJASARI,107.642331,-7.0542999,320416,,3204162001,ARJASARI,6b5fa0bffa513ef7acaa43d5d37b7e52,"['nib:05453', 'persilpasifid:7467671145181af1e053031d0b0a9139', 'nomor:10141706102403', 'geometry:6b5fa0bffa513ef7acaa43d5d37b7e52']",nib:05453
7467671145621AF1E053031D0B0A9139,,Hak Milik,109,2018,05554,Meteran,10141706105263,,ARJASARI,107.642331,-7.0542999,320416,,3204162001,ARJASARI,90db7ff4c84364909ee9dc1657165eef,"['nib:05554', 'persilpasifid:7467671145621af1e053031d0b0a9139', 'nomor:10141706105263', 'geometry:90db7ff4c84364909ee9dc1657165eef']",nib:05554
7841F2361A09C413E053021D0B0AB4D1,,Hak Milik,855,2018,07192,Meteran,10141706105194,,ARJASARI,107.642331,-7.0486833,320416,,3204162001,ARJASARI,5732c7c46026393bd38134615fc4af96,"['nib:07192', 'persilpasifid:7841f2361a09c413e053021d0b0ab4d1', 'nomor:10141706105194', 'geometry:5732c7c46026393bd38134615fc4af96']",nib:07192
70252CD914C30ED4E053141D0B0AB938,,Hak Milik,1003,2018,04165,Meteran,10141706102617,,ARJASARI,107.6429598,-7.0879979,320416,,3204162001,ARJASARI,9a5be0828c8d99fe1737b38e4b35ea31,"['nib:04165', 'persilpasifid:70252cd914c30ed4e053141d0b0ab938', 'nomor:10141706102617', 'geometry:9a5be0828c8d99fe1737b38e4b35ea31']",nib:04165
70252C2A7E70D343E053031D0B0AF69B,,Hak Milik,1077,2018,04223,Meteran,10141706102752,,ARJASARI,107.6429598,-7.0855018,320416,,3204162001,ARJASARI,727ff909a2e4d913080f94e22967a2ec,"['nib:04223', 'persilpasifid:70252c2a7e70d343e053031d0b0af69b', 'nomor:10141706102752', 'geometry:727ff909a2e4d913080f94e22967a2ec']",nib:04223
6B616A1601582B77E053031D0B0A17D5,,Hak Milik,1056,2018,03475,Meteran,10141706102603,,ARJASARI,107.6429598,-7.0886219,320416,,3204162001,ARJASARI,d77aa981505b3585e9dd2bec3ea3e9a0,"['nib:03475', 'persilpasifid:6b616a1601582b77e053031d0b0a17d5', 'nomor:10141706102603', 'geometry:d77aa981505b3585e9dd2bec3ea3e9a0']",nib:03475
70282C80294F4FFFE053131D0B0AB356,,Hak Milik,711,2018,04410,Meteran,10141706102991,,ARJASARI,107.6429598,-7.0798856,320416,,3204162001,ARJASARI,ae5fcc5159f4dd11d0073f6905caeea2,"['nib:04410', 'persilpasifid:70282c80294f4fffe053131d0b0ab356', 'nomor:10141706102991', 'geometry:ae5fcc5159f4dd11d0073f6905caeea2']",nib:04410
70B571DAFE2E8998E053031D0B0A342A,,Hak Milik,1013,2018,04665,Meteran,10141706105307,,ARJASARI,107.6429598,-7.0736453,320416,,3204162001,ARJASARI,d817620efa4d3567bd6dd06b532cd605,"['nib:04665', 'persilpasifid:70b571dafe2e8998e053031d0b0a342a', 'nomor:10141706105307', 'geometry:d817620efa4d3567bd6dd06b532cd605']",nib:04665
70B483D8B0B307D1E053031D0B0AA589,,Hak Milik,1037,2018,04746,Meteran,10141706105342,,ARJASARI,107.6429598,-7.0717732,320416,,3204162001,ARJASARI,f8bb788140f1a7f40c0e0f86c1711e70,"['nib:04746', 'persilpasifid:70b483d8b0b307d1e053031d0b0aa589', 'nomor:10141706105342', 'geometry:f8bb788140f1a7f40c0e0f86c1711e70']",nib:04746
70B638A0B431170BE053131D0B0A926A,,Hak Milik,862,2018,04823,Meteran,10141706103336,,ARJASARI,107.6429598,-7.0674049,320416,,3204162001,ARJASARI,b2789eebbc178f2c1f29912a5153d6f5,"['nib:04823', 'persilpasifid:70b638a0b431170be053131d0b0a926a', 'nomor:10141706103336', 'geometry:b2789eebbc178f2c1f29912a5153d6f5']",nib:04823
74676711452E1AF1E053031D0B0A9139,,Hak Milik,1002,2018,05479,Meteran,10141706102399,,ARJASARI,107.6429598,-7.0549239,320416,,3204162001,ARJASARI,1955c2a2eb230b80a01c08da2ea378b9,"['nib:05479', 'persilpasifid:74676711452e1af1e053031d0b0a9139', 'nomor:10141706102399', 'geometry:1955c2a2eb230b80a01c08da2ea378b9']",nib:05479
746764726C53E01BE053031D0B0AF189,,Hak Milik,1455,2018,05478,Meteran,10141706102356,,ARJASARI,107.6429598,-7.055548,320416,,3204162001,ARJASARI,741a1f54b0848e19a6c3c58c152f37fc,"['nib:05478', 'persilpasifid:746764726c53e01be053031d0b0af189', 'nomor:10141706102356', 'geometry:741a1f54b0848e19a6c3c58c152f37fc']",nib:05478
70B561BAE3311F0AE053141D0B0AB34E,,Hak Milik,767,2018,04751,Meteran,10141706103187,,ARJASARI,107.6429598,-7.0723973,320416,,3204162001,ARJASARI,153ab953356f03ad9fb6a3abfe968b18,"['nib:04751', 'persilpasifid:70b561bae3311f0ae053141d0b0ab34e', 'nomor:10141706103187', 'geometry:153ab953356f03ad9fb6a3abfe968b18']",nib:04751
7841F2361A07C413E053021D0B0AB4D1,,Hak Milik,855,2018,07190,Meteran,10141706105119,,ARJASARI,107.6429598,-7.0486833,320416,,3204162001,ARJASARI,062742b488ce21c8038961cefccb3355,"['nib:07190', 'persilpasifid:7841f2361a07c413e053021d0b0ab4d1', 'nomor:10141706105119', 'geometry:062742b488ce21c8038961cefccb3355']",nib:07190
702833FD168A412AE053031D0B0A01A7,,Hak Milik,1009,2018,04294,Meteran,10141706102845,,ARJASARI,107.6435886,-7.0836298,320416,,3204162001,ARJASARI,1334541992af9e83479e6acfb951730e,"['nib:04294', 'persilpasifid:702833fd168a412ae053031d0b0a01a7', 'nomor:10141706102845', 'geometry:1334541992af9e83479e6acfb951730e']",nib:04294
70282EE08055884FE053021D0B0A790A,,Hak Milik,951,2018,04314,Meteran,10141706102865,,ARJASARI,107.6435886,-7.0823817,320416,,3204162001,ARJASARI,a2c4bc30ba7e36cdcfc8a444f1fa1e95,"['nib:04314', 'persilpasifid:70282ee08055884fe053021d0b0a790a', 'nomor:10141706102865', 'geometry:a2c4bc30ba7e36cdcfc8a444f1fa1e95']",nib:04314
702855DE4165F13BE053021D0B0A8174,,Hak Milik,1034,2018,04302,Meteran,10141706102853,,ARJASARI,107.6435886,-7.0830058,320416,,3204162001,ARJASARI,2c0e20daf0e8ca6e8068dcfe5299808f,"['nib:04302', 'persilpasifid:702855de4165f13be053021d0b0a8174', 'nomor:10141706102853', 'geometry:2c0e20daf0e8ca6e8068dcfe5299808f']",nib:04302
7029D4E92DD7C10CE053141D0B0A4F42,,Hak Milik,589,2018,04544,Meteran,10141706102926,,ARJASARI,107.6435886,-7.0761415,320416,,3204162001,ARJASARI,8ef942bd4a1d0dfc9348d78e2bd11142,"['nib:04544', 'persilpasifid:7029d4e92dd7c10ce053141d0b0a4f42', 'nomor:10141706102926', 'geometry:8ef942bd4a1d0dfc9348d78e2bd11142']",nib:04544
70B56FCEE95343DEE053021D0B0AF211,,Hak Milik,841,2018,04659,Meteran,10141706103111,,ARJASARI,107.6435886,-7.0742694,320416,,3204162001,ARJASARI,98c5398b0b918e53e3510e465a83e7da,"['nib:04659', 'persilpasifid:70b56fcee95343dee053021d0b0af211', 'nomor:10141706103111', 'geometry:98c5398b0b918e53e3510e465a83e7da']",nib:04659
70B561BAE3301F0AE053141D0B0AB34E,,Hak Milik,881,2018,04749,Meteran,10141706103191,,ARJASARI,107.6435886,-7.0723973,320416,,3204162001,ARJASARI,a302e9f390139e76b20196a7f35b2cee,"['nib:04749', 'persilpasifid:70b561bae3301f0ae053141d0b0ab34e', 'nomor:10141706103191', 'geometry:a302e9f390139e76b20196a7f35b2cee']",nib:04749
70B4EC2BB7CF7B2FE053131D0B0A1D09,,Hak Milik,704,2018,04765,Meteran,10141706103164,,ARJASARI,107.6435886,-7.0705252,320416,,3204162001,ARJASARI,5d785dd385a744737443400e24ce7440,"['nib:04765', 'persilpasifid:70b4ec2bb7cf7b2fe053131d0b0a1d09', 'nomor:10141706103164', 'geometry:5d785dd385a744737443400e24ce7440']",nib:04765
70B5AE7C1A05DFF6E053021D0B0A7DF1,,Hak Milik,661,2018,04740,Meteran,10141706103180,,ARJASARI,107.6435886,-7.0717732,320416,,3204162001,ARJASARI,382b8464f43890ef7d38966b60786255,"['nib:04740', 'persilpasifid:70b5ae7c1a05dff6e053021d0b0a7df1', 'nomor:10141706103180', 'geometry:382b8464f43890ef7d38966b60786255']",nib:04740
7024BFE52C2B9E11E053021D0B0A2F0E,,Hak Milik,1007,2018,04186,Meteran,10141706102638,,ARJASARI,107.6435886,-7.0867499,320416,,3204162001,ARJASARI,467212cf4995dedad547abc908beb47a,"['nib:04186', 'persilpasifid:7024bfe52c2b9e11e053021d0b0a2f0e', 'nomor:10141706102638', 'geometry:467212cf4995dedad547abc908beb47a']",nib:04186
74676711451F1AF1E053031D0B0A9139,,Hak Milik,425,2018,05461,Meteran,10141706102377,,ARJASARI,107.6435886,-7.055548,320416,,3204162001,ARJASARI,d3286af55480f18e11a3b6e7c3c8fffd,"['nib:05461', 'persilpasifid:74676711451f1af1e053031d0b0a9139', 'nomor:10141706102377', 'geometry:d3286af55480f18e11a3b6e7c3c8fffd']",nib:05461
70B62F0A89786B6BE053031D0B0A7903,,Hak Wakaf,1002,2023,04870,,10141706800114,,ARJASARI,107.6435886,-7.0692771,320416,,3204162001,ARJASARI,9ce9115f125b2d3eecad71c04eee62ce,"['nib:04870', 'persilpasifid:70b62f0a89786b6be053031d0b0a7903', 'nomor:10141706800114', 'geometry:9ce9115f125b2d3eecad71c04eee62ce']",nib:04870
692BCEBDE7A5E399E053021D0B0A6E7B,,Hak Milik,151,2018,02869,Meteran,10141706101372,,ARJASARI,107.6435886,-7.0511795,320416,,3204162001,ARJASARI,fc5a501df2944030d89866ffbf696cf7,"['nib:02869', 'persilpasifid:692bcebde7a5e399e053021d0b0a6e7b', 'nomor:10141706101372', 'geometry:fc5a501df2944030d89866ffbf696cf7']",nib:02869
749F7E4DC78D514BE053131D0B0AE33E,,Hak Milik,140,2018,05572,Meteran,10141706103029,,ARJASARI,107.6435886,-7.0542999,320416,,3204162001,ARJASARI,6c96101637b752efdb11c0e3c7eac2f1,"['nib:05572', 'persilpasifid:749f7e4dc78d514be053131d0b0ae33e', 'nomor:10141706103029', 'geometry:6c96101637b752efdb11c0e3c7eac2f1']",nib:05572
70252C2A7E59D343E053031D0B0AF69B,,Hak Milik,987,2018,04149,Meteran,10141706102609,,ARJASARI,107.6442174,-7.0879979,320416,,3204162001,ARJASARI,29dfef92dce9a63ae5ecec793a262a8f,"['nib:04149', 'persilpasifid:70252c2a7e59d343e053031d0b0af69b', 'nomor:10141706102609', 'geometry:29dfef92dce9a63ae5ecec793a262a8f']",nib:04149
16E5B40831D9ACE4E053141D0B0A3537,,Hak Milik,2000,2015,02095,,10141708100970,,ARJASARI,107.6442174,-7.0886219,320416,,3204162001,ARJASARI,8822489ae25cbc3bb0e2eeb50f9fc5a1,"['nib:02095', 'persilpasifid:16e5b40831d9ace4e053141d0b0a3537', 'nomor:10141708100970', 'geometry:8822489ae25cbc3bb0e2eeb50f9fc5a1']",nib:02095
702529CB4F490EC8E053141D0B0A6A2C,,Hak Milik,1018,2018,04197,Meteran,10141706102647,,ARJASARI,107.6442174,-7.0873739,320416,,3204162001,ARJASARI,136ae60f2ddafb283b75724a1917d29e,"['nib:04197', 'persilpasifid:702529cb4f490ec8e053141d0b0a6a2c', 'nomor:10141706102647', 'geometry:136ae60f2ddafb283b75724a1917d29e']",nib:04197
692BCEBDE77DE399E053021D0B0A6E7B,,Hak Milik,322,2018,02829,Meteran,10141706105485,,ARJASARI,107.6435886,-7.0505555,320416,,3204162001,ARJASARI,dc30c5bd17f6986c1357bbca5cb4afe8,"['nib:02829', 'persilpasifid:692bcebde77de399e053021d0b0a6e7b', 'nomor:10141706105485', 'geometry:dc30c5bd17f6986c1357bbca5cb4afe8']",nib:02829
692BCEBDE77EE399E053021D0B0A6E7B,,Hak Milik,94,2018,02830,Meteran,10141706101355,,ARJASARI,107.6435886,-7.0505555,320416,,3204162001,ARJASARI,acfbbbd3917159338b950155ee41beca,"['nib:02830', 'persilpasifid:692bcebde77ee399e053021d0b0a6e7b', 'nomor:10141706101355', 'geometry:acfbbbd3917159338b950155ee41beca']",nib:02830
7467671145431AF1E053031D0B0A9139,,Hak Milik,118,2018,05502,Meteran,10141706103515,,ARJASARI,107.6435886,-7.0549239,320416,,3204162001,ARJASARI,7718af32eb03aa209ea45b82383f50b1,"['nib:05502', 'persilpasifid:7467671145431af1e053031d0b0a9139', 'nomor:10141706103515', 'geometry:7718af32eb03aa209ea45b82383f50b1']",nib:05502
7467671145581AF1E053031D0B0A9139,,Hak Milik,98,2018,05544,Meteran,10141706102434,,ARJASARI,107.6435886,-7.0549239,320416,,3204162001,ARJASARI,200e2d52063448904c2932f18d9a5c1a,"['nib:05544', 'persilpasifid:7467671145581af1e053031d0b0a9139', 'nomor:10141706102434', 'geometry:200e2d52063448904c2932f18d9a5c1a']",nib:05544
7027566C3F721BB3E053021D0B0A5E8B,,Hak Milik,1090,2018,04327,Meteran,10141706102874,,ARJASARI,107.6442174,-7.0817577,320416,,3204162001,ARJASARI,770797b306973c478d055d80f1c59cd5,"['nib:04327', 'persilpasifid:7027566c3f721bb3e053021d0b0a5e8b', 'nomor:10141706102874', 'geometry:770797b306973c478d055d80f1c59cd5']",nib:04327
7029D4E92DEAC10CE053141D0B0A4F42,,Hak Milik,501,2018,04573,Meteran,10141706102953,,ARJASARI,107.6442174,-7.0780136,320416,,3204162001,ARJASARI,3147c5da78d911395f21a7f210142434,"['nib:04573', 'persilpasifid:7029d4e92deac10ce053141d0b0a4f42', 'nomor:10141706102953', 'geometry:3147c5da78d911395f21a7f210142434']",nib:04573
70282EE080B1884FE053021D0B0A790A,,Hak Milik,660,2018,04387,Meteran,10141706102976,,ARJASARI,107.6442174,-7.0798856,320416,,3204162001,ARJASARI,772d4fbd1d092c5b0155be785461e73a,"['nib:04387', 'persilpasifid:70282ee080b1884fe053021d0b0a790a', 'nomor:10141706102976', 'geometry:772d4fbd1d092c5b0155be785461e73a']",nib:04387
70282E0A91657788E053031D0B0AD750,,Hak Milik,1024,2018,04370,Meteran,10141706102910,,ARJASARI,107.6442174,-7.0805097,320416,,3204162001,ARJASARI,08af439bcd243ddec3be027461d00803,"['nib:04370', 'persilpasifid:70282e0a91657788e053031d0b0ad750', 'nomor:10141706102910', 'geometry:08af439bcd243ddec3be027461d00803']",nib:04370
7029879C5F18DED6E053031D0B0A1F59,,Hak Milik,904,2018,04431,Meteran,10141706102665,,ARJASARI,107.6442174,-7.0792616,320416,,3204162001,ARJASARI,0d8474eff1a00fad039bc465454c20d9,"['nib:04431', 'persilpasifid:7029879c5f18ded6e053031d0b0a1f59', 'nomor:10141706102665', 'geometry:0d8474eff1a00fad039bc465454c20d9']",nib:04431
70252B014E52049DE053131D0B0AF4FA,,Hak Milik,982,2018,04278,Meteran,10141706102829,,ARJASARI,107.6442174,-7.0842538,320416,,3204162001,ARJASARI,2603c2a5c19915bffdb2de9dcc2f40a4,"['nib:04278', 'persilpasifid:70252b014e52049de053131d0b0af4fa', 'nomor:10141706102829', 'geometry:2603c2a5c19915bffdb2de9dcc2f40a4']",nib:04278
70B561BAE32E1F0AE053141D0B0AB34E,,Hak Wakaf,815,2023,04731,,10141706800139,,ARJASARI,107.6442174,-7.0711492,320416,,3204162001,ARJASARI,007ecf96087eccf45d47f47e37babd1a,"['nib:04731', 'persilpasifid:70b561bae32e1f0ae053141d0b0ab34e', 'nomor:10141706800139', 'geometry:007ecf96087eccf45d47f47e37babd1a']",nib:04731
70B5C76C357BAE19E053141D0B0A6356,,Hak Milik,791,2018,04860,Meteran,10141706103376,,ARJASARI,107.6442174,-7.068653,320416,,3204162001,ARJASARI,468e99713bca23ba72a496a71990bb0e,"['nib:04860', 'persilpasifid:70b5c76c357bae19e053141d0b0a6356', 'nomor:10141706103376', 'geometry:468e99713bca23ba72a496a71990bb0e']",nib:04860
70252C2A7E8BD343E053031D0B0AF69B,,Hak Milik,964,2018,04242,Meteran,10141706102793,,ARJASARI,107.6442174,-7.0855018,320416,,3204162001,ARJASARI,656f74dac838961ae6ca378727b00371,"['nib:04242', 'persilpasifid:70252c2a7e8bd343e053031d0b0af69b', 'nomor:10141706102793', 'geometry:656f74dac838961ae6ca378727b00371']",nib:04242
749F7E814CA457C4E053131D0B0A3B8F,,Hak Milik,141,2018,05582,Meteran,10141706103015,,ARJASARI,107.6442174,-7.0542999,320416,,3204162001,ARJASARI,a76454495e06689dd6925fde0fe43a3f,"['nib:05582', 'persilpasifid:749f7e814ca457c4e053131d0b0a3b8f', 'nomor:10141706103015', 'geometry:a76454495e06689dd6925fde0fe43a3f']",nib:05582
692C6C870806F578E053031D0B0A1289,,Hak Milik,492,2018,02913,Meteran,10141706102136,,ARJASARI,107.6442174,-7.0524277,320416,,3204162001,ARJASARI,ba9e53ca8d0dda3de54d1552715b20d6,"['nib:02913', 'persilpasifid:692c6c870806f578e053031d0b0a1289', 'nomor:10141706102136', 'geometry:ba9e53ca8d0dda3de54d1552715b20d6']",nib:02913
746764726C62E01BE053031D0B0AF189,,Hak Milik,730,2018,05538,Meteran,10141706102369,,ARJASARI,107.6442174,-7.0549239,320416,,3204162001,ARJASARI,5a1b6c46ed95dec0f4f834ed07d8628e,"['nib:05538', 'persilpasifid:746764726c62e01be053031d0b0af189', 'nomor:10141706102369', 'geometry:5a1b6c46ed95dec0f4f834ed07d8628e']",nib:05538
692BCEBDE770E399E053021D0B0A6E7B,,Hak Milik,155,2018,02812,Meteran,10141706103757,,ARJASARI,107.6442174,-7.0499314,320416,,3204162001,ARJASARI,fa06b90e6a47cfe59c68d00253c335b8,"['nib:02812', 'persilpasifid:692bcebde770e399e053021d0b0a6e7b', 'nomor:10141706103757', 'geometry:fa06b90e6a47cfe59c68d00253c335b8']",nib:02812
70282E0A91457788E053031D0B0AD750,,Hak Milik,991,2018,04283,Meteran,10141706102834,,ARJASARI,107.6448462,-7.0836298,320416,,3204162001,ARJASARI,1bfeeedd6b731d3112afe3f22d8ec4b6,"['nib:04283', 'persilpasifid:70282e0a91457788e053031d0b0ad750', 'nomor:10141706102834', 'geometry:1bfeeedd6b731d3112afe3f22d8ec4b6']",nib:04283
7024BFE52C349E11E053021D0B0A2F0E,,Hak Milik,975,2018,04206,Meteran,10141706102656,,ARJASARI,107.6448462,-7.0861259,320416,,3204162001,ARJASARI,29f58aafd7b4f2db2375d2a373756993,"['nib:04206', 'persilpasifid:7024bfe52c349e11e053021d0b0a2f0e', 'nomor:10141706102656', 'geometry:29f58aafd7b4f2db2375d2a373756993']",nib:04206
7028348CD6B60EFAE053131D0B0AB6F0,,Hak Milik,1082,2018,04340,Meteran,10141706102884,,ARJASARI,107.6448462,-7.0805097,320416,,3204162001,ARJASARI,6cbdee7545ae979604f9dc22037a9a03,"['nib:04340', 'persilpasifid:7028348cd6b60efae053131d0b0ab6f0', 'nomor:10141706102884', 'geometry:6cbdee7545ae979604f9dc22037a9a03']",nib:04340
70252C2A7E5DD343E053031D0B0AF69B,,Hak Milik,1000,2018,04201,Meteran,10141706102651,,ARJASARI,107.6448462,-7.0867499,320416,,3204162001,ARJASARI,898e7af6c783b6df687f02529173db9f,"['nib:04201', 'persilpasifid:70252c2a7e5dd343e053031d0b0af69b', 'nomor:10141706102651', 'geometry:898e7af6c783b6df687f02529173db9f']",nib:04201
7841DE9A8B9EC258E053021D0B0AC6DD,,Hak Milik,742,2018,07125,Meteran,10141706106128,,ARJASARI,107.6442174,-7.0436907,320416,,3204162001,ARJASARI,4dbd2ae0e5a50bd0ab083f98f639e9bc,"['nib:07125', 'persilpasifid:7841de9a8b9ec258e053021d0b0ac6dd', 'nomor:10141706106128', 'geometry:4dbd2ae0e5a50bd0ab083f98f639e9bc']",nib:07125
702855DE416FF13BE053021D0B0A8174,,Hak Milik,1073,2018,04318,Meteran,10141706102869,,ARJASARI,107.6448462,-7.0823817,320416,,3204162001,ARJASARI,bfd9563dea98bde365bec260303d02f3,"['nib:04318', 'persilpasifid:702855de416ff13be053021d0b0a8174', 'nomor:10141706102869', 'geometry:bfd9563dea98bde365bec260303d02f3']",nib:04318
7029879C5F22DED6E053031D0B0A1F59,,Hak Milik,799,2018,04458,Meteran,10141706102690,,ARJASARI,107.6448462,-7.0780136,320416,,3204162001,ARJASARI,ab10ebaeca3f48e21a7e37a5e947d729,"['nib:04458', 'persilpasifid:7029879c5f22ded6e053031d0b0a1f59', 'nomor:10141706102690', 'geometry:ab10ebaeca3f48e21a7e37a5e947d729']",nib:04458
70B5AE7C1A02DFF6E053021D0B0A7DF1,,Hak Milik,1105,2018,04714,Meteran,10141706105353,,ARJASARI,107.6448462,-7.0730213,320416,,3204162001,ARJASARI,7ce26aacfcab0ee55ed6ccb98e195ca9,"['nib:04714', 'persilpasifid:70b5ae7c1a02dff6e053021d0b0a7df1', 'nomor:10141706105353', 'geometry:7ce26aacfcab0ee55ed6ccb98e195ca9']",nib:04714
70B561BAE3261F0AE053141D0B0AB34E,,Hak Milik,805,2018,04679,Meteran,10141706103146,,ARJASARI,107.6448462,-7.0717732,320416,,3204162001,ARJASARI,cb4f16d002b0f9c34868ca690c99f24d,"['nib:04679', 'persilpasifid:70b561bae3261f0ae053141d0b0ab34e', 'nomor:10141706103146', 'geometry:cb4f16d002b0f9c34868ca690c99f24d']",nib:04679
70B561BAE3271F0AE053141D0B0AB34E,,Hak Milik,471,2018,04680,Meteran,10141706103145,,ARJASARI,107.6448462,-7.0717732,320416,,3204162001,ARJASARI,17088bb2feacc4430fd0024c986d84fa,"['nib:04680', 'persilpasifid:70b561bae3271f0ae053141d0b0ab34e', 'nomor:10141706103145', 'geometry:17088bb2feacc4430fd0024c986d84fa']",nib:04680
70B561BAE33E1F0AE053141D0B0AB34E,,Hak Wakaf,802,2023,04791,,10141706800112,,ARJASARI,107.6448462,-7.0711492,320416,,3204162001,ARJASARI,8f87381698dc8947014e9baef7131289,"['nib:04791', 'persilpasifid:70b561bae33e1f0ae053141d0b0ab34e', 'nomor:10141706800112', 'geometry:8f87381698dc8947014e9baef7131289']",nib:04791
692C6C87083BF578E053031D0B0A1289,,Hak Milik,333,2018,02993,Meteran,10141706101427,,ARJASARI,107.6448462,-7.0511795,320416,,3204162001,ARJASARI,430487d2c4e14b6904dbb2dca8e299bf,"['nib:02993', 'persilpasifid:692c6c87083bf578e053031d0b0a1289', 'nomor:10141706101427', 'geometry:430487d2c4e14b6904dbb2dca8e299bf']",nib:02993
692BCEBDE7C5E399E053021D0B0A6E7B,,Hak Milik,2306,2018,02901,Meteran,10141706101358,,ARJASARI,107.6448462,-7.0505555,320416,,3204162001,ARJASARI,259a54b6818e51c24329b6342c44eb33,"['nib:02901', 'persilpasifid:692bcebde7c5e399e053021d0b0a6e7b', 'nomor:10141706101358', 'geometry:259a54b6818e51c24329b6342c44eb33']",nib:02901
68D535ECB490961EE053031D0B0A0958,,Hak Milik,223,2018,02316,Meteran,10141706105252,,ARJASARI,107.6448462,-7.0493073,320416,,3204162001,ARJASARI,19caf58cecef4b68a69945fb4cc58e46,"['nib:02316', 'persilpasifid:68d535ecb490961ee053031d0b0a0958', 'nomor:10141706105252', 'geometry:19caf58cecef4b68a69945fb4cc58e46']",nib:02316
749F7E4DC7B1514BE053131D0B0AE33E,,Hak Milik,84,2018,05630,Meteran,10141706103056,,ARJASARI,107.6448462,-7.0542999,320416,,3204162001,ARJASARI,f37443a04f5066219d57cdb764f3f41b,"['nib:05630', 'persilpasifid:749f7e4dc7b1514be053131d0b0ae33e', 'nomor:10141706103056', 'geometry:f37443a04f5066219d57cdb764f3f41b']",nib:05630
749F869466B0CDB0E053031D0B0ACB32,,Hak Milik,312,2018,05607,Meteran,10141706103001,,ARJASARI,107.6448462,-7.0542999,320416,,3204162001,ARJASARI,fdf83c37389d1a27a907967402eeba22,"['nib:05607', 'persilpasifid:749f869466b0cdb0e053031d0b0acb32', 'nomor:10141706103001', 'geometry:fdf83c37389d1a27a907967402eeba22']",nib:05607
70252CD914C40ED4E053141D0B0AB938,,Hak Milik,1030,2018,04247,Meteran,10141706102798,,ARJASARI,107.6454751,-7.0855018,320416,,3204162001,ARJASARI,9bf3480ce7d4684ebfb4738394d1e4dd,"['nib:04247', 'persilpasifid:70252cd914c40ed4e053141d0b0ab938', 'nomor:10141706102798', 'geometry:9bf3480ce7d4684ebfb4738394d1e4dd']",nib:04247
749F7E4DC7AA514BE053131D0B0AE33E,,Hak Milik,279,2018,05604,Meteran,10141706103008,,ARJASARI,107.6448462,-7.0549239,320416,,3204162001,ARJASARI,fb93a0d985297a8bbe50d13b69f3e8f7,"['nib:05604', 'persilpasifid:749f7e4dc7aa514be053131d0b0ae33e', 'nomor:10141706103008', 'geometry:fb93a0d985297a8bbe50d13b69f3e8f7']",nib:05604
68D5118050AFE585E053141D0B0A28E1,,Hak Milik,1323,2018,02260,Meteran,10141706102040,,ARJASARI,107.6448462,-7.0499314,320416,,3204162001,ARJASARI,0d751c06b330cbe401e39c27aa2b9c57,"['nib:02260', 'persilpasifid:68d5118050afe585e053141d0b0a28e1', 'nomor:10141706102040', 'geometry:0d751c06b330cbe401e39c27aa2b9c57']",nib:02260
70252B049CDAD345E053031D0B0A818C,,Hak Milik,1009,2018,04260,Meteran,10141706102811,,ARJASARI,107.6454751,-7.0848778,320416,,3204162001,ARJASARI,c1a89618175acdd3123c437dfbffd78c,"['nib:04260', 'persilpasifid:70252b049cdad345e053031d0b0a818c', 'nomor:10141706102811', 'geometry:c1a89618175acdd3123c437dfbffd78c']",nib:04260
fec3ce9d34c345e39dbbaabb8895e128,,Hak Milik,27668,2009,01726,,10141706100656,,ARJASARI,107.6454751,-7.0817577,320416,,3204162001,ARJASARI,4d946f941fd8c98b10ed3ff6b76a8352,"['nib:01726', 'persilpasifid:fec3ce9d34c345e39dbbaabb8895e128', 'nomor:10141706100656', 'geometry:4d946f941fd8c98b10ed3ff6b76a8352']",nib:01726
7029085EFD8F7DE7E053031D0B0A9F2B,,Hak Milik,930,2018,04474,Meteran,10141706105561,,ARJASARI,107.6454751,-7.0773895,320416,,3204162001,ARJASARI,408d242a0f871e42760bebd764cdd297,"['nib:04474', 'persilpasifid:7029085efd8f7de7e053031d0b0a9f2b', 'nomor:10141706105561', 'geometry:408d242a0f871e42760bebd764cdd297']",nib:04474
7029D4E92D71C10CE053141D0B0A4F42,,Hak Milik,500,2018,04465,Meteran,10141706102697,,ARJASARI,107.6454751,-7.0780136,320416,,3204162001,ARJASARI,8a442e715273dbe6293f730e7df7289a,"['nib:04465', 'persilpasifid:7029d4e92d71c10ce053141d0b0a4f42', 'nomor:10141706102697', 'geometry:8a442e715273dbe6293f730e7df7289a']",nib:04465
7029085EFD8B7DE7E053031D0B0A9F2B,,Hak Milik,993,2018,04450,Meteran,10141706102682,,ARJASARI,107.6454751,-7.0792616,320416,,3204162001,ARJASARI,620eb7979bbc92eef22642198cc796b6,"['nib:04450', 'persilpasifid:7029085efd8b7de7e053031d0b0a9f2b', 'nomor:10141706102682', 'geometry:620eb7979bbc92eef22642198cc796b6']",nib:04450
7029085EFDA07DE7E053031D0B0A9F2B,,Hak Wakaf,935,2025,04567,,10141706800147,,ARJASARI,107.6454751,-7.0748934,320416,,3204162001,ARJASARI,19df288d192e834efe54ff7c1ec68fa2,"['nib:04567', 'persilpasifid:7029085efda07de7e053031d0b0a9f2b', 'nomor:10141706800147', 'geometry:19df288d192e834efe54ff7c1ec68fa2']",nib:04567
70B5CD905250259CE053021D0B0A69AF,,Hak Wakaf,1070,2023,04910,,10141706800089,,ARJASARI,107.6454751,-7.0692771,320416,,3204162001,ARJASARI,9ea9fbdd63580015e01df6280ea05f8d,"['nib:04910', 'persilpasifid:70b5cd905250259ce053021d0b0a69af', 'nomor:10141706800089', 'geometry:9ea9fbdd63580015e01df6280ea05f8d']",nib:04910
70B4EC2BB7D27B2FE053131D0B0A1D09,,Hak Wakaf,721,2023,04787,,10141706800118,,ARJASARI,107.6454751,-7.0705252,320416,,3204162001,ARJASARI,85d094eb1471643f0d4269f13a7693de,"['nib:04787', 'persilpasifid:70b4ec2bb7d27b2fe053131d0b0a1d09', 'nomor:10141706800118', 'geometry:85d094eb1471643f0d4269f13a7693de']",nib:04787
70B5C76C3576AE19E053141D0B0A6356,,Hak Milik,931,2018,04855,Meteran,10141706103393,,ARJASARI,107.6454751,-7.0699011,320416,,3204162001,ARJASARI,b441a4a215252e49d9c34d1931c50b9a,"['nib:04855', 'persilpasifid:70b5c76c3576ae19e053141d0b0a6356', 'nomor:10141706103393', 'geometry:b441a4a215252e49d9c34d1931c50b9a']",nib:04855
70B483D8B0AF07D1E053031D0B0AA589,,Hak Milik,745,2018,04725,Meteran,10141706103220,,ARJASARI,107.6454751,-7.0723973,320416,,3204162001,ARJASARI,aba8bfd5b47bc0886ab4ccd1adc0dc9a,"['nib:04725', 'persilpasifid:70b483d8b0af07d1e053031d0b0aa589', 'nomor:10141706103220', 'geometry:aba8bfd5b47bc0886ab4ccd1adc0dc9a']",nib:04725
70B561BAE32B1F0AE053141D0B0AB34E,,Hak Milik,778,2018,04726,Meteran,10141706103224,,ARJASARI,107.6454751,-7.0723973,320416,,3204162001,ARJASARI,de5b2d490c5972466d084227580bc490,"['nib:04726', 'persilpasifid:70b561bae32b1f0ae053141d0b0ab34e', 'nomor:10141706103224', 'geometry:de5b2d490c5972466d084227580bc490']",nib:04726
702528DD4E60D349E053031D0B0A8302,,Hak Milik,990,2018,04269,Meteran,10141706102820,,ARJASARI,107.6454751,-7.0842538,320416,,3204162001,ARJASARI,c0e3fc124bc50eb3e0189310fcd05df7,"['nib:04269', 'persilpasifid:702528dd4e60d349e053031d0b0a8302', 'nomor:10141706102820', 'geometry:c0e3fc124bc50eb3e0189310fcd05df7']",nib:04269
734EBA16FFEB17A7E053031D0B0A84F3,,Hak Milik,140,2018,05398,Meteran,10141706102299,,ARJASARI,107.6454751,-7.0536758,320416,,3204162001,ARJASARI,5fd6b36332f176b68b1eea82418763b8,"['nib:05398', 'persilpasifid:734eba16ffeb17a7e053031d0b0a84f3', 'nomor:10141706102299', 'geometry:5fd6b36332f176b68b1eea82418763b8']",nib:05398
734EBDDD262017ACE053031D0B0A61B7,,Hak Milik,270,2018,05359,Meteran,10141706102306,,ARJASARI,107.6454751,-7.0536758,320416,,3204162001,ARJASARI,aee15dde8a2fe4a035a4bdb5c8570ecc,"['nib:05359', 'persilpasifid:734ebddd262017ace053031d0b0a61b7', 'nomor:10141706102306', 'geometry:aee15dde8a2fe4a035a4bdb5c8570ecc']",nib:05359
692BEA7825FD4654E053031D0B0A91E1,,Hak Milik,876,2018,02967,Meteran,10141706101348,,ARJASARI,107.6454751,-7.0511795,320416,,3204162001,ARJASARI,504eff6849bbf9cbc33860b648f7a00c,"['nib:02967', 'persilpasifid:692bea7825fd4654e053031d0b0a91e1', 'nomor:10141706101348', 'geometry:504eff6849bbf9cbc33860b648f7a00c']",nib:02967
692C6C870846F578E053031D0B0A1289,,Hak Milik,281,2018,03004,Meteran,10141706101424,,ARJASARI,107.6454751,-7.0518036,320416,,3204162001,ARJASARI,bfbf376d3215163ff369656bd581e723,"['nib:03004', 'persilpasifid:692c6c870846f578e053031d0b0a1289', 'nomor:10141706101424', 'geometry:bfbf376d3215163ff369656bd581e723']",nib:03004
68D501C249EE2ABFE053131D0B0A846C,,Hak Milik,1587,2018,02263,Meteran,10141706102130,,ARJASARI,107.6454751,-7.0493073,320416,,3204162001,ARJASARI,9a15e6d7bc810731c2ed960234dd0fe4,"['nib:02263', 'persilpasifid:68d501c249ee2abfe053131d0b0a846c', 'nomor:10141706102130', 'geometry:9a15e6d7bc810731c2ed960234dd0fe4']",nib:02263
734EBDDD261A17ACE053031D0B0A61B7,,Hak Milik,504,2018,05336,Meteran,10141706102340,,ARJASARI,107.6454751,-7.0524277,320416,,3204162001,ARJASARI,8fac3336ee659f7acab93ef51e0e8d6c,"['nib:05336', 'persilpasifid:734ebddd261a17ace053031d0b0a61b7', 'nomor:10141706102340', 'geometry:8fac3336ee659f7acab93ef51e0e8d6c']",nib:05336
702528DD4E5CD349E053031D0B0A8302,,Hak Milik,1015,2018,04262,Meteran,10141706102813,,ARJASARI,107.6461039,-7.0848778,320416,,3204162001,ARJASARI,c832393a8c2850471eef6ac9b2273f08,"['nib:04262', 'persilpasifid:702528dd4e5cd349e053031d0b0a8302', 'nomor:10141706102813', 'geometry:c832393a8c2850471eef6ac9b2273f08']",nib:04262
702528DD4E5DD349E053031D0B0A8302,,Hak Milik,1011,2018,04263,Meteran,10141706102814,,ARJASARI,107.6461039,-7.0842538,320416,,3204162001,ARJASARI,daacf8b304b6950433e2e7c4bfdc977c,"['nib:04263', 'persilpasifid:702528dd4e5dd349e053031d0b0a8302', 'nomor:10141706102814', 'geometry:daacf8b304b6950433e2e7c4bfdc977c']",nib:04263
7029D4E92D7FC10CE053141D0B0A4F42,,Hak Milik,988,2018,04484,Meteran,10141706102714,,ARJASARI,107.6461039,-7.0792616,320416,,3204162001,ARJASARI,7ceaef537b956336ff045bdd4be4f9e7,"['nib:04484', 'persilpasifid:7029d4e92d7fc10ce053141d0b0a4f42', 'nomor:10141706102714', 'geometry:7ceaef537b956336ff045bdd4be4f9e7']",nib:04484
7029D4E92D79C10CE053141D0B0A4F42,,Hak Milik,867,2018,04478,Meteran,10141706102708,,ARJASARI,107.6461039,-7.0798856,320416,,3204162001,ARJASARI,a7ed224893c161c388a6343d7e77f2a2,"['nib:04478', 'persilpasifid:7029d4e92d79c10ce053141d0b0a4f42', 'nomor:10141706102708', 'geometry:a7ed224893c161c388a6343d7e77f2a2']",nib:04478
7028EDD5B0C13DA1E053031D0B0AEB16,,Hak Milik,881,2018,04523,Meteran,10141706102760,,ARJASARI,107.6461039,-7.0767655,320416,,3204162001,ARJASARI,65b10b07cdba9ba72d5500469a6fe210,"['nib:04523', 'persilpasifid:7028edd5b0c13da1e053031d0b0aeb16', 'nomor:10141706102760', 'geometry:65b10b07cdba9ba72d5500469a6fe210']",nib:04523
68D535ECB482961EE053031D0B0A0958,,Hak Milik,594,2018,02285,Meteran,10141706105363,,ARJASARI,107.6454751,-7.0499314,320416,,3204162001,ARJASARI,f69a91925f78599d2f8984336eeba8dd,"['nib:02285', 'persilpasifid:68d535ecb482961ee053031d0b0a0958', 'nomor:10141706105363', 'geometry:f69a91925f78599d2f8984336eeba8dd']",nib:02285
7587fd95759743c0a068bb58471e541a,,Hak Milik,400,2006,01667,,10141706100622,,ARJASARI,107.6454751,-7.0542999,320416,,3204162001,ARJASARI,2a67d57d1117cfcf9491cf205c5733b8,"['nib:01667', 'persilpasifid:7587fd95759743c0a068bb58471e541a', 'nomor:10141706100622', 'geometry:2a67d57d1117cfcf9491cf205c5733b8']",nib:01667
7029085EFD9B7DE7E053031D0B0A9F2B,,Hak Milik,1045,2018,04535,Meteran,10141706105568,,ARJASARI,107.6461039,-7.0755174,320416,,3204162001,ARJASARI,04fab922a595bdf1f3943727225ad885,"['nib:04535', 'persilpasifid:7029085efd9b7de7e053031d0b0a9f2b', 'nomor:10141706105568', 'geometry:04fab922a595bdf1f3943727225ad885']",nib:04535
734E08CCAC1AF361E053131D0B0AFCD1,,Hak Milik,272,2018,05400,Meteran,10141706102330,,ARJASARI,107.6454751,-7.0530517,320416,,3204162001,ARJASARI,a69c1898aca149eec9ab9399e4f011c6,"['nib:05400', 'persilpasifid:734e08ccac1af361e053131d0b0afcd1', 'nomor:10141706102330', 'geometry:a69c1898aca149eec9ab9399e4f011c6']",nib:05400
7029D4E92DD2C10CE053141D0B0A4F42,,Hak Milik,574,2018,04530,Meteran,10141706102767,,ARJASARI,107.6461039,-7.0761415,320416,,3204162001,ARJASARI,e7be5f760e2b1cdd4821a3f95520ed9c,"['nib:04530', 'persilpasifid:7029d4e92dd2c10ce053141d0b0a4f42', 'nomor:10141706102767', 'geometry:e7be5f760e2b1cdd4821a3f95520ed9c']",nib:04530
7028EDD5B0A43DA1E053031D0B0AEB16,,Hak Milik,744,2018,04518,Meteran,10141706102755,,ARJASARI,107.6461039,-7.0773895,320416,,3204162001,ARJASARI,43cac5dfbc177c187fa8f25376000218,"['nib:04518', 'persilpasifid:7028edd5b0a43da1e053031d0b0aeb16', 'nomor:10141706102755', 'geometry:43cac5dfbc177c187fa8f25376000218']",nib:04518
7029D52EE1EEB05DE053031D0B0AC256,,Hak Milik,968,2018,04489,Meteran,10141706102719,,ARJASARI,107.6461039,-7.0786376,320416,,3204162001,ARJASARI,d8b44efeaa05813e2e9f64b7ef68e001,"['nib:04489', 'persilpasifid:7029d52ee1eeb05de053031d0b0ac256', 'nomor:10141706102719', 'geometry:d8b44efeaa05813e2e9f64b7ef68e001']",nib:04489
74B3410AC6C48F0AE053141D0B0A8521,,Hak Milik,224,2018,05759,Meteran,10141706103512,,ARJASARI,107.6461039,-7.0549239,320416,,3204162001,ARJASARI,0c22a7b77ffab82579c32e51dff5f60b,"['nib:05759', 'persilpasifid:74b3410ac6c48f0ae053141d0b0a8521', 'nomor:10141706103512', 'geometry:0c22a7b77ffab82579c32e51dff5f60b']",nib:05759
74B3410AC6C28F0AE053141D0B0A8521,,Hak Milik,1215,2018,05732,Meteran,10141706103549,,ARJASARI,107.6461039,-7.0542999,320416,,3204162001,ARJASARI,aed15cff1c3ee61762e03abf97e075c1,"['nib:05732', 'persilpasifid:74b3410ac6c28f0ae053141d0b0a8521', 'nomor:10141706103549', 'geometry:aed15cff1c3ee61762e03abf97e075c1']",nib:05732
734EBADE9A8817AEE053031D0B0AC640,,Hak Milik,366,2018,05393,Meteran,10141706102318,,ARJASARI,107.6461039,-7.0536758,320416,,3204162001,ARJASARI,9022e5aacb7ec31d3531680daeaa08db,"['nib:05393', 'persilpasifid:734ebade9a8817aee053031d0b0ac640', 'nomor:10141706102318', 'geometry:9022e5aacb7ec31d3531680daeaa08db']",nib:05393
734E08CCAC08F361E053131D0B0AFCD1,,Hak Milik,139,2018,05344,Meteran,10141706102308,,ARJASARI,107.6461039,-7.0530517,320416,,3204162001,ARJASARI,4f9ae6e9a59f415052c8f138f104d646,"['nib:05344', 'persilpasifid:734e08ccac08f361e053131d0b0afcd1', 'nomor:10141706102308', 'geometry:4f9ae6e9a59f415052c8f138f104d646']",nib:05344
0C4BDE62CD4E08C0E063B516140AC1C5,,Kosong,754,,,,,0.5,ARJASARI,107.6461039,-7.0505555,320416,,3204162001,ARJASARI,2ebdad1f737fd54bc8dd3e40971143ab,"['persilpasifid:0c4bde62cd4e08c0e063b516140ac1c5', 'geometry:2ebdad1f737fd54bc8dd3e40971143ab']",persilpasifid:0c4bde62cd4e08c0e063b516140ac1c5
6900B47760DAA2FAE053031D0B0AF2A5,,Hak Milik,338,2018,02661,Meteran,10141706105518,,ARJASARI,107.6461039,-7.0505555,320416,,3204162001,ARJASARI,4d231429fed79cf3579bc693e67caf29,"['nib:02661', 'persilpasifid:6900b47760daa2fae053031d0b0af2a5', 'nomor:10141706105518', 'geometry:4d231429fed79cf3579bc693e67caf29']",nib:02661
68D535ECB47C961EE053031D0B0A0958,,Hak Milik,509,2018,02278,Meteran,10141706106273,,ARJASARI,107.6461039,-7.0493073,320416,,3204162001,ARJASARI,b0b19ced88e47bad6cecd2561e0a499b,"['nib:02278', 'persilpasifid:68d535ecb47c961ee053031d0b0a0958', 'nomor:10141706106273', 'geometry:b0b19ced88e47bad6cecd2561e0a499b']",nib:02278
4E1FAAB5F16392D4E053031D0B0A456E,,Hak Milik,529,2017,02681,,10141708101233,,ARJASARI,107.6461039,-7.0443148,320416,,3204162001,ARJASARI,f8ec07099bd720b7f5ecfa727139dea8,"['nib:02681', 'persilpasifid:4e1faab5f16392d4e053031d0b0a456e', 'nomor:10141708101233', 'geometry:f8ec07099bd720b7f5ecfa727139dea8']",nib:02681
69016C416118A2EDE053131D0B0A0B98,,Hak Milik,3155,2018,02685,Meteran,10141706105527,,ARJASARI,107.6461039,-7.0524277,320416,,3204162001,ARJASARI,acc35347f18c00eada7a0e1bd0510080,"['nib:02685', 'persilpasifid:69016c416118a2ede053131d0b0a0b98', 'nomor:10141706105527', 'geometry:acc35347f18c00eada7a0e1bd0510080']",nib:02685
4E1F6E20F33A5CBCE053021D0B0A9694,,Hak Milik,318,2017,02627,,10141708102488,,ARJASARI,107.6461039,-7.0430666,320416,,3204162001,ARJASARI,44ce251501563d2ab84948450a4d0077,"['nib:02627', 'persilpasifid:4e1f6e20f33a5cbce053021d0b0a9694', 'nomor:10141708102488', 'geometry:44ce251501563d2ab84948450a4d0077']",nib:02627
0C4BD5AF448D1155E063B416140A9E22,,Kosong,760,,,,,0.5,ARJASARI,107.6461039,-7.0474351,320416,,3204162001,ARJASARI,688fbe46315f8e72e8889433c267af5e,"['persilpasifid:0c4bd5af448d1155e063b416140a9e22', 'geometry:688fbe46315f8e72e8889433c267af5e']",persilpasifid:0c4bd5af448d1155e063b416140a9e22
68D535ECB486961EE053031D0B0A0958,,Hak Milik,204,2018,02289,Meteran,10141706105364,,ARJASARI,107.6461039,-7.0499314,320416,,3204162001,ARJASARI,620f22463cee177b719f8eeaf34b14c6,"['nib:02289', 'persilpasifid:68d535ecb486961ee053031d0b0a0958', 'nomor:10141706105364', 'geometry:620f22463cee177b719f8eeaf34b14c6']",nib:02289
7029D4E92D9BC10CE053141D0B0A4F42,,Hak Milik,794,2018,04504,Meteran,10141706102734,,ARJASARI,107.6467327,-7.0773895,320416,,3204162001,ARJASARI,7748738e27e821b5fcfb16237939387b,"['nib:04504', 'persilpasifid:7029d4e92d9bc10ce053141d0b0a4f42', 'nomor:10141706102734', 'geometry:7748738e27e821b5fcfb16237939387b']",nib:04504
7029D4E92DADC10CE053141D0B0A4F42,,Hak Milik,643,2018,04510,Meteran,10141706102740,,ARJASARI,107.6467327,-7.0767655,320416,,3204162001,ARJASARI,515647f97e6fc9c6a18cc9a354446579,"['nib:04510', 'persilpasifid:7029d4e92dadc10ce053141d0b0a4f42', 'nomor:10141706102740', 'geometry:515647f97e6fc9c6a18cc9a354446579']",nib:04510
74B33A73F0FF9065E053141D0B0AFC66,,Hak Milik,1538,2018,05740,Meteran,10141706103546,,ARJASARI,107.6467327,-7.0549239,320416,,3204162001,ARJASARI,e40dea74a519fe5909e3324a184ac081,"['nib:05740', 'persilpasifid:74b33a73f0ff9065e053141d0b0afc66', 'nomor:10141706103546', 'geometry:e40dea74a519fe5909e3324a184ac081']",nib:05740
734EBADE9A7E17AEE053031D0B0AC640,,Hak Milik,254,2018,05365,Meteran,10141706102328,,ARJASARI,107.6467327,-7.0536758,320416,,3204162001,ARJASARI,f48df1875bc44b4e766b3b65491cb29f,"['nib:05365', 'persilpasifid:734ebade9a7e17aee053031d0b0ac640', 'nomor:10141706102328', 'geometry:f48df1875bc44b4e766b3b65491cb29f']",nib:05365
6900B47760D0A2FAE053031D0B0AF2A5,,Hak Milik,1081,2018,02651,Meteran,10141706104607,,ARJASARI,107.6467327,-7.0505555,320416,,3204162001,ARJASARI,37a09c45f08fff250a014998dfb008c6,"['nib:02651', 'persilpasifid:6900b47760d0a2fae053031d0b0af2a5', 'nomor:10141706104607', 'geometry:37a09c45f08fff250a014998dfb008c6']",nib:02651
74B33A73F0FB9065E053141D0B0AFC66,,Hak Milik,222,2018,05736,Meteran,10141706103502,,ARJASARI,107.6467327,-7.0542999,320416,,3204162001,ARJASARI,a686274c52dda33ac24169c7cad03062,"['nib:05736', 'persilpasifid:74b33a73f0fb9065e053141d0b0afc66', 'nomor:10141706103502', 'geometry:a686274c52dda33ac24169c7cad03062']",nib:05736
9486C288581352D1E0530C1D140A1E69,,Hak Guna Bangunan,60,2020,07908,,10141706300251,,ARJASARI,107.6473615,-7.0580442,320416,,3204162001,ARJASARI,572e5d65545abfc0f4041c63185f7860,"['nib:07908', 'persilpasifid:9486c288581352d1e0530c1d140a1e69', 'nomor:10141706300251', 'geometry:572e5d65545abfc0f4041c63185f7860']",nib:07908
74B3410AC6D28F0AE053141D0B0A8521,,Hak Milik,1159,2018,05800,Meteran,10141706103532,,ARJASARI,107.6473615,-7.0542999,320416,,3204162001,ARJASARI,563290ba138a16421199a01a7eb79593,"['nib:05800', 'persilpasifid:74b3410ac6d28f0ae053141d0b0a8521', 'nomor:10141706103532', 'geometry:563290ba138a16421199a01a7eb79593']",nib:05800
68FD03DB279B2339E053131D0B0ACF46,,Hak Milik,1147,2018,02583,Meteran,10141706105430,,ARJASARI,107.6473615,-7.0486833,320416,,3204162001,ARJASARI,19a5cd6146203ae4515ca2d5cd5061f8,"['nib:02583', 'persilpasifid:68fd03db279b2339e053131d0b0acf46', 'nomor:10141706105430', 'geometry:19a5cd6146203ae4515ca2d5cd5061f8']",nib:02583
5289CD77B91E92F1E053131D0B0ACF32,,Hak Milik,190,2017,03919,,10141708102941,,ARJASARI,107.6473615,-7.0474351,320416,,3204162001,ARJASARI,5036c44b3f95d6af9e93888335b164d8,"['nib:03919', 'persilpasifid:5289cd77b91e92f1e053131d0b0acf32', 'nomor:10141708102941', 'geometry:5036c44b3f95d6af9e93888335b164d8']",nib:03919
4E22DF8A0FDD7453E053141D0B0ACED1,,Kosong,508,,02738,,,,ARJASARI,107.6473615,-7.0449389,320416,,3204162001,ARJASARI,1673b0e146bac7e90e56e120dbc7f1b5,"['nib:02738', 'persilpasifid:4e22df8a0fdd7453e053141d0b0aced1', 'geometry:1673b0e146bac7e90e56e120dbc7f1b5']",nib:02738
4E22DF8A0FDE7453E053141D0B0ACED1,,Kosong,236,,02739,,,,ARJASARI,107.6473615,-7.0449389,320416,,3204162001,ARJASARI,8fc86157edfda14e62a0d271461c4836,"['nib:02739', 'persilpasifid:4e22df8a0fde7453e053141d0b0aced1', 'geometry:8fc86157edfda14e62a0d271461c4836']",nib:02739
4E2065370DD8724BE053021D0B0AFCA1,,Kosong,2253,,02692,,,,ARJASARI,107.6473615,-7.0468111,320416,,3204162001,ARJASARI,bdfc47d6b987fb536430c25ef2d8ea08,"['nib:02692', 'persilpasifid:4e2065370dd8724be053021d0b0afca1', 'geometry:bdfc47d6b987fb536430c25ef2d8ea08']",nib:02692
74B34AF8DBA712A2E053021D0B0A2F76,,Hak Milik,812,2018,05702,Meteran,10141706103557,,ARJASARI,107.6473615,-7.0549239,320416,,3204162001,ARJASARI,595207bd867e3eeaa275054065d03538,"['nib:05702', 'persilpasifid:74b34af8dba712a2e053021d0b0a2f76', 'nomor:10141706103557', 'geometry:595207bd867e3eeaa275054065d03538']",nib:05702
46CF73FE7F43AE3EE053021D0B0ABA44,,Hak Milik,713,2017,02072,,10141706100957,,ARJASARI,107.6473615,-7.0605404,320416,,3204162001,ARJASARI,521dd77986e37e94f271691581c8e156,"['nib:02072', 'persilpasifid:46cf73fe7f43ae3ee053021d0b0aba44', 'nomor:10141706100957', 'geometry:521dd77986e37e94f271691581c8e156']",nib:02072
69016C416111A2EDE053131D0B0A0B98,,Hak Milik,1333,2018,02675,Meteran,10141706105052,,ARJASARI,107.6473615,-7.0511795,320416,,3204162001,ARJASARI,6bf9f53ab6b0bd882c444ed0f2136468,"['nib:02675', 'persilpasifid:69016c416111a2ede053131d0b0a0b98', 'nomor:10141706105052', 'geometry:6bf9f53ab6b0bd882c444ed0f2136468']",nib:02675
6900B47760CAA2FAE053031D0B0AF2A5,,Hak Milik,162,2018,02644,Meteran,10141706102038,,ARJASARI,107.6473615,-7.0499314,320416,,3204162001,ARJASARI,c123ac4f428d4aad554064457cbc87ab,"['nib:02644', 'persilpasifid:6900b47760caa2fae053031d0b0af2a5', 'nomor:10141706102038', 'geometry:c123ac4f428d4aad554064457cbc87ab']",nib:02644
3307d467a1de4332a23b70eeb88c3bcf,,Hak Milik,60,1998,,,10141706100135,,ARJASARI,107.6479903,-7.0630366,320416,,3204162001,ARJASARI,2dab76a6ac4f8a73adb5ab07f29bd548,"['persilpasifid:3307d467a1de4332a23b70eeb88c3bcf', 'nomor:10141706100135', 'geometry:2dab76a6ac4f8a73adb5ab07f29bd548']",persilpasifid:3307d467a1de4332a23b70eeb88c3bcf
46CFB2AC9A42C795E053031D0B0A020F,,Hak Milik,341,2017,02068,,10141706100953,,ARJASARI,107.6479903,-7.0605404,320416,,3204162001,ARJASARI,8adf4ccbb832ae0af1be00fb34b29770,"['nib:02068', 'persilpasifid:46cfb2ac9a42c795e053031d0b0a020f', 'nomor:10141706100953', 'geometry:8adf4ccbb832ae0af1be00fb34b29770']",nib:02068
786B1D647D4450F5E053031D0B0A4901,,Hak Milik,638,2018,07436,,10141706105196,,ARJASARI,107.6479903,-7.0524277,320416,,3204162001,ARJASARI,d4d2b092be2081df35584f0f5b4f28f1,"['nib:07436', 'persilpasifid:786b1d647d4450f5e053031d0b0a4901', 'nomor:10141706105196', 'geometry:d4d2b092be2081df35584f0f5b4f28f1']",nib:07436
74B3410AC6C98F0AE053141D0B0A8521,,Hak Milik,324,2018,05779,Meteran,10141706103466,,ARJASARI,107.6479903,-7.0549239,320416,,3204162001,ARJASARI,83b1ee56c2a21d37e14cfb943c9c18be,"['nib:05779', 'persilpasifid:74b3410ac6c98f0ae053141d0b0a8521', 'nomor:10141706103466', 'geometry:83b1ee56c2a21d37e14cfb943c9c18be']",nib:05779
7869EF61589D796AE053131D0B0A9966,,Hak Milik,145,2018,07414,Meteran,10141706105200,,ARJASARI,107.6479903,-7.055548,320416,,3204162001,ARJASARI,5e12d7b2b76ff131f9678a78fea618a1,"['nib:07414', 'persilpasifid:7869ef61589d796ae053131d0b0a9966', 'nomor:10141706105200', 'geometry:5e12d7b2b76ff131f9678a78fea618a1']",nib:07414
786B1D647A5050F5E053031D0B0A4901,,Hak Milik,228,2018,07413,Meteran,10141706105232,,ARJASARI,107.6479903,-7.055548,320416,,3204162001,ARJASARI,bd3e262664f2071b1a01b38ae3e3d880,"['nib:07413', 'persilpasifid:786b1d647a5050f5e053031d0b0a4901', 'nomor:10141706105232', 'geometry:bd3e262664f2071b1a01b38ae3e3d880']",nib:07413
6903156BA3C3DD99E053131D0B0AED4A,,Hak Milik,1063,2018,02720,Meteran,10141706101523,,ARJASARI,107.6479903,-7.0480592,320416,,3204162001,ARJASARI,1f2f399f703e07f62ad722d02f5d1de0,"['nib:02720', 'persilpasifid:6903156ba3c3dd99e053131d0b0aed4a', 'nomor:10141706101523', 'geometry:1f2f399f703e07f62ad722d02f5d1de0']",nib:02720
9486B7FE31D8D549E0530B1D140A3925,,Hak Guna Bangunan,60,2020,07921,,10141706300264,,ARJASARI,107.6479903,-7.0586683,320416,,3204162001,ARJASARI,e3ec76b846b24d50a891665272035f75,"['nib:07921', 'persilpasifid:9486b7fe31d8d549e0530b1d140a3925', 'nomor:10141706300264', 'geometry:e3ec76b846b24d50a891665272035f75']",nib:07921
6904422AAF2A0297E053031D0B0AFB23,,Hak Milik,916,2018,02736,Meteran,10141706101509,,ARJASARI,107.6479903,-7.0511795,320416,,3204162001,ARJASARI,0d0c4f29e5b6847d46dee9f9587c0e4f,"['nib:02736', 'persilpasifid:6904422aaf2a0297e053031d0b0afb23', 'nomor:10141706101509', 'geometry:0d0c4f29e5b6847d46dee9f9587c0e4f']",nib:02736
84debaa0b6a847d38d6f6307e82c8f0c,,Hak Milik,60,1998,,,10141706100277,,ARJASARI,107.6486192,-7.0617885,320416,,3204162001,ARJASARI,fdeba16f47321c5ba82e885805ad9020,"['persilpasifid:84debaa0b6a847d38d6f6307e82c8f0c', 'nomor:10141706100277', 'geometry:fdeba16f47321c5ba82e885805ad9020']",persilpasifid:84debaa0b6a847d38d6f6307e82c8f0c
32a6cba588e64f77a752462e51bfacdb,,Kosong,60,,,,,,ARJASARI,107.6486192,-7.0624126,320416,,3204162001,ARJASARI,ba20c53ab1a5fe69ea64c5c681625e9e,"['persilpasifid:32a6cba588e64f77a752462e51bfacdb', 'geometry:ba20c53ab1a5fe69ea64c5c681625e9e']",persilpasifid:32a6cba588e64f77a752462e51bfacdb
d3280cdac2ec4bca8104f3243914c77b,,Hak Milik,60,1998,,,10141706100204,,ARJASARI,107.6486192,-7.0630366,320416,,3204162001,ARJASARI,aabb51d4b34f5e6ec37d65cff87722c8,"['persilpasifid:d3280cdac2ec4bca8104f3243914c77b', 'nomor:10141706100204', 'geometry:aabb51d4b34f5e6ec37d65cff87722c8']",persilpasifid:d3280cdac2ec4bca8104f3243914c77b
46D419A15835D377E053031D0B0ABDD6,,Hak Milik,165,2017,02100,,10141706100985,,ARJASARI,107.6486192,-7.0592923,320416,,3204162001,ARJASARI,f24534b6ea1704934d21d5b43ee03511,"['nib:02100', 'persilpasifid:46d419a15835d377e053031d0b0abdd6', 'nomor:10141706100985', 'geometry:f24534b6ea1704934d21d5b43ee03511']",nib:02100
6CD7E4B14011C989E053031D0B0AEC24,,Hak Milik,808,2018,03656,Meteran,10141706101676,,ARJASARI,107.6486192,-7.0549239,320416,,3204162001,ARJASARI,2819fb817e61e867316f5633dc73ad05,"['nib:03656', 'persilpasifid:6cd7e4b14011c989e053031d0b0aec24', 'nomor:10141706101676', 'geometry:2819fb817e61e867316f5633dc73ad05']",nib:03656
6904422AAF270297E053031D0B0AFB23,,Hak Milik,989,2018,02733,Meteran,10141706101522,,ARJASARI,107.6486192,-7.0511795,320416,,3204162001,ARJASARI,b30defbe618db96fa437d86d61753dc3,"['nib:02733', 'persilpasifid:6904422aaf270297e053031d0b0afb23', 'nomor:10141706101522', 'geometry:b30defbe618db96fa437d86d61753dc3']",nib:02733
5DDA9BF1CBE2C4A2E053131D0B0AB2FA,,Hak Milik,843,2018,02236,,10141706101120,,ARJASARI,107.6486192,-7.0499314,320416,,3204162001,ARJASARI,922d420136820af4f449b77969294566,"['nib:02236', 'persilpasifid:5dda9bf1cbe2c4a2e053131d0b0ab2fa', 'nomor:10141706101120', 'geometry:922d420136820af4f449b77969294566']",nib:02236
E21B6E81D24C166DE0530B1D140AB1FA,,Hak Milik,78,2023,,,10141706106807,,ARJASARI,107.649248,-7.0692771,320416,,3204162001,ARJASARI,e2326dae3e40bcb1805996fbcd308c03,"['persilpasifid:e21b6e81d24c166de0530b1d140ab1fa', 'nomor:10141706106807', 'geometry:e2326dae3e40bcb1805996fbcd308c03']",persilpasifid:e21b6e81d24c166de0530b1d140ab1fa
9463D02069F74689E0530C1D140AFA61,,Hak Guna Bangunan,60,2020,07786,,10141706300652,,ARJASARI,107.649248,-7.0667809,320416,,3204162001,ARJASARI,731326edb7586524edc62d299cf9ee43,"['nib:07786', 'persilpasifid:9463d02069f74689e0530c1d140afa61', 'nomor:10141706300652', 'geometry:731326edb7586524edc62d299cf9ee43']",nib:07786
EAAA0825624332F8E0530B1D140A88EF,,Hak Milik,60,2023,,GPS Geodetic,10141706106815,,ARJASARI,107.649248,-7.0661569,320416,,3204162001,ARJASARI,5ba218697a18fa5dba2bc6be7fa2d159,"['persilpasifid:eaaa0825624332f8e0530b1d140a88ef', 'nomor:10141706106815', 'geometry:5ba218697a18fa5dba2bc6be7fa2d159']",persilpasifid:eaaa0825624332f8e0530b1d140a88ef
EAA9EFE457B3A41AE0530C1D140A4F6D,,Hak Milik,60,2024,,GPS Geodetic,10141706107131,,ARJASARI,107.649248,-7.0655328,320416,,3204162001,ARJASARI,351d514800c37862b33c0aee78ad4508,"['persilpasifid:eaa9efe457b3a41ae0530c1d140a4f6d', 'nomor:10141706107131', 'geometry:351d514800c37862b33c0aee78ad4508']",persilpasifid:eaa9efe457b3a41ae0530c1d140a4f6d
77df77212fba4f7f80ecd9aeed3e659e,,Hak Milik,60,2001,01349,,10141706100477,,ARJASARI,107.649248,-7.0617885,320416,,3204162001,ARJASARI,c6084224bcf88e9f9c35540f7141cc03,"['nib:01349', 'persilpasifid:77df77212fba4f7f80ecd9aeed3e659e', 'nomor:10141706100477', 'geometry:c6084224bcf88e9f9c35540f7141cc03']",nib:01349
3E5595E56EFA1373E063B516140A7416,,Hak Milik,133,2025,,,10141706107380,,ARJASARI,107.649248,-7.0599164,320416,,3204162001,ARJASARI,7f4546ec616ac2ca848d3b0fd5bacc36,"['persilpasifid:3e5595e56efa1373e063b516140a7416', 'nomor:10141706107380', 'geometry:7f4546ec616ac2ca848d3b0fd5bacc36']",persilpasifid:3e5595e56efa1373e063b516140a7416
9463D56A7BE49C84E0530B1D140A73FC,,Hak Milik,60,2021,07800,,10141706106388,,ARJASARI,107.649248,-7.0674049,320416,,3204162001,ARJASARI,37e5ee81b5cca6f62e12f4683d611870,"['nib:07800', 'persilpasifid:9463d56a7be49c84e0530b1d140a73fc', 'nomor:10141706106388', 'geometry:37e5ee81b5cca6f62e12f4683d611870']",nib:07800
111326e725164960be6477aad50959b3,,Hak Milik,84,2001,01414,,10141706100541,,ARJASARI,107.649248,-7.0611645,320416,,3204162001,ARJASARI,548b1ab72ee3a150a12e85cd0f09bb7b,"['nib:01414', 'persilpasifid:111326e725164960be6477aad50959b3', 'nomor:10141706100541', 'geometry:548b1ab72ee3a150a12e85cd0f09bb7b']",nib:01414
42f015a5f8a046a7a7ca3674470cb0fa,,Hak Milik,624,2009,01687,,10141706100649,,ARJASARI,107.649248,-7.0586683,320416,,3204162001,ARJASARI,80176014b66557d9e2824624c9c4401a,"['nib:01687', 'persilpasifid:42f015a5f8a046a7a7ca3674470cb0fa', 'nomor:10141706100649', 'geometry:80176014b66557d9e2824624c9c4401a']",nib:01687
E21B6E81D1A7166DE0530B1D140AB1FA,,Hak Guna Bangunan,78,2022,,,10141706301054,,ARJASARI,107.649248,-7.068653,320416,,3204162001,ARJASARI,96fb85c0927c95393b14b878e41fa3d3,"['persilpasifid:e21b6e81d1a7166de0530b1d140ab1fa', 'nomor:10141706301054', 'geometry:96fb85c0927c95393b14b878e41fa3d3']",persilpasifid:e21b6e81d1a7166de0530b1d140ab1fa
6D000D7D08E48148E053031D0B0A18B9,,Hak Milik,159,2018,03687,Meteran,10141706101767,,ARJASARI,107.649248,-7.0524277,320416,,3204162001,ARJASARI,4fe695ef7890d9f21ead7d5514244a52,"['nib:03687', 'persilpasifid:6d000d7d08e48148e053031d0b0a18b9', 'nomor:10141706101767', 'geometry:4fe695ef7890d9f21ead7d5514244a52']",nib:03687
6D000DABE58EC23FE053141D0B0A2E93,,Hak Milik,112,2018,03692,Meteran,10141706101766,,ARJASARI,107.649248,-7.0524277,320416,,3204162001,ARJASARI,ec79099438dc1a1527949b819d30f12d,"['nib:03692', 'persilpasifid:6d000dabe58ec23fe053141d0b0a2e93', 'nomor:10141706101766', 'geometry:ec79099438dc1a1527949b819d30f12d']",nib:03692
6CD7F82950DECC40E053141D0B0A0A1F,,Hak Milik,239,2018,03604,Meteran,10141706101698,,ARJASARI,107.649248,-7.0542999,320416,,3204162001,ARJASARI,4357972acba92288c1b39c279b8d857c,"['nib:03604', 'persilpasifid:6cd7f82950decc40e053141d0b0a0a1f', 'nomor:10141706101698', 'geometry:4357972acba92288c1b39c279b8d857c']",nib:03604
6CD7E4B1400BC989E053031D0B0AEC24,,Hak Milik,299,2018,03640,Meteran,10141706101716,,ARJASARI,107.649248,-7.0549239,320416,,3204162001,ARJASARI,75291e22949ec78e96bebe4154c663db,"['nib:03640', 'persilpasifid:6cd7e4b1400bc989e053031d0b0aec24', 'nomor:10141706101716', 'geometry:75291e22949ec78e96bebe4154c663db']",nib:03640
6D000D7D08F18148E053031D0B0A18B9,,Hak Milik,329,2018,03713,Meteran,10141706101760,,ARJASARI,107.649248,-7.0530517,320416,,3204162001,ARJASARI,82e7866ff53c1cd5cf7e72329312bb16,"['nib:03713', 'persilpasifid:6d000d7d08f18148e053031d0b0a18b9', 'nomor:10141706101760', 'geometry:82e7866ff53c1cd5cf7e72329312bb16']",nib:03713
6CD7F82950EBCC40E053141D0B0A0A1F,,Hak Milik,209,2018,03644,Meteran,10141706101933,,ARJASARI,107.649248,-7.055548,320416,,3204162001,ARJASARI,74d995f26279ec1ef894c57e3f86aa4b,"['nib:03644', 'persilpasifid:6cd7f82950ebcc40e053141d0b0a0a1f', 'nomor:10141706101933', 'geometry:74d995f26279ec1ef894c57e3f86aa4b']",nib:03644
E21B6EC2B5381671E0530B1D140AEF20,,Hak Milik,60,2023,,,10141706106788,,ARJASARI,107.6498768,-7.068653,320416,,3204162001,ARJASARI,388c0b4df44c4507e14d0228d96d002b,"['persilpasifid:e21b6ec2b5381671e0530b1d140aef20', 'nomor:10141706106788', 'geometry:388c0b4df44c4507e14d0228d96d002b']",persilpasifid:e21b6ec2b5381671e0530b1d140aef20
E21B61BB7347CBE3E0530B1D140A642D,,Hak Milik,60,2023,,,10141706106729,,ARJASARI,107.6498768,-7.0692771,320416,,3204162001,ARJASARI,bebed816b05895bdc31b9bc6d595c5c3,"['persilpasifid:e21b61bb7347cbe3e0530b1d140a642d', 'nomor:10141706106729', 'geometry:bebed816b05895bdc31b9bc6d595c5c3']",persilpasifid:e21b61bb7347cbe3e0530b1d140a642d
A2C2E28EA5E89082E0530B1D140AFA5D,,Hak Milik,60,2022,,,10141706106526,,ARJASARI,107.6498768,-7.068029,320416,,3204162001,ARJASARI,08f5eb3116584f2f2ee91b82d7ccb953,"['persilpasifid:a2c2e28ea5e89082e0530b1d140afa5d', 'nomor:10141706106526', 'geometry:08f5eb3116584f2f2ee91b82d7ccb953']",persilpasifid:a2c2e28ea5e89082e0530b1d140afa5d
EAAA081F463032C4E0530B1D140A7434,,Hak Milik,60,2023,,GPS Geodetic,10141706107010,,ARJASARI,107.6498768,-7.0661569,320416,,3204162001,ARJASARI,2d381619a6d1bbb5d84c6f96b13529b9,"['persilpasifid:eaaa081f463032c4e0530b1d140a7434', 'nomor:10141706107010', 'geometry:2d381619a6d1bbb5d84c6f96b13529b9']",persilpasifid:eaaa081f463032c4e0530b1d140a7434
EAAA0825612432F8E0530B1D140A88EF,,Hak Milik,60,2024,,GPS Geodetic,10141706107127,,ARJASARI,107.6498768,-7.0655328,320416,,3204162001,ARJASARI,21463673461b8f62bdd40206ae4c50c1,"['persilpasifid:eaaa0825612432f8e0530b1d140a88ef', 'nomor:10141706107127', 'geometry:21463673461b8f62bdd40206ae4c50c1']",persilpasifid:eaaa0825612432f8e0530b1d140a88ef
EAAA081F45D332C4E0530B1D140A7434,,Hak Milik,60,2023,,GPS Geodetic,10141706106971,,ARJASARI,107.6498768,-7.0649088,320416,,3204162001,ARJASARI,caaf2508b1ecf93fb8e87169c6200ec8,"['persilpasifid:eaaa081f45d332c4e0530b1d140a7434', 'nomor:10141706106971', 'geometry:caaf2508b1ecf93fb8e87169c6200ec8']",persilpasifid:eaaa081f45d332c4e0530b1d140a7434
EAAA082560D932F8E0530B1D140A88EF,,Hak Milik,60,2023,,GPS Geodetic,10141706106977,,ARJASARI,107.6498768,-7.0649088,320416,,3204162001,ARJASARI,e40a84535cba85cfc648b7e445dde4dd,"['persilpasifid:eaaa082560d932f8e0530b1d140a88ef', 'nomor:10141706106977', 'geometry:e40a84535cba85cfc648b7e445dde4dd']",persilpasifid:eaaa082560d932f8e0530b1d140a88ef
A2C2F084FC14F717E0530C1D140A19A5,,Hak Milik,60,2022,,,10141706106568,,ARJASARI,107.6498768,-7.0674049,320416,,3204162001,ARJASARI,fd3d871463de74ab1c3726d36f5a08dd,"['persilpasifid:a2c2f084fc14f717e0530c1d140a19a5', 'nomor:10141706106568', 'geometry:fd3d871463de74ab1c3726d36f5a08dd']",persilpasifid:a2c2f084fc14f717e0530c1d140a19a5
2D82CAF616583B43E053031D0B0AE7AC,,Hak Milik,227,2016,01962,,10141706100851,,ARJASARI,107.6498768,-7.0599164,320416,,3204162001,ARJASARI,d18cbbae0f0c607d0dfa095325dd7541,"['nib:01962', 'persilpasifid:2d82caf616583b43e053031d0b0ae7ac', 'nomor:10141706100851', 'geometry:d18cbbae0f0c607d0dfa095325dd7541']",nib:01962
E9197EBD8F3ED801E0530B1D140AD186,,Hak Milik,58,2022,,,10141706106606,,ARJASARI,107.6498768,-7.0567961,320416,,3204162001,ARJASARI,75a7f525aa2fcbe2eafaa062d52a9a57,"['persilpasifid:e9197ebd8f3ed801e0530b1d140ad186', 'nomor:10141706106606', 'geometry:75a7f525aa2fcbe2eafaa062d52a9a57']",persilpasifid:e9197ebd8f3ed801e0530b1d140ad186
2D82C760C2BA3B37E053031D0B0A3314,,Hak Milik,168,2016,01988,,10141706100877,,ARJASARI,107.6498768,-7.0592923,320416,,3204162001,ARJASARI,249d06e3e6b1e83c03e17d1f2e579210,"['nib:01988', 'persilpasifid:2d82c760c2ba3b37e053031d0b0a3314', 'nomor:10141706100877', 'geometry:249d06e3e6b1e83c03e17d1f2e579210']",nib:01988
68DE3FB2FB22BA27E053141D0B0A6508,,Hak Milik,454,2018,02489,Meteran,10141706101164,,ARJASARI,107.6498768,-7.0518036,320416,,3204162001,ARJASARI,c498ec49eed3589b0a31a83490f2d0f7,"['nib:02489', 'persilpasifid:68de3fb2fb22ba27e053141d0b0a6508', 'nomor:10141706101164', 'geometry:c498ec49eed3589b0a31a83490f2d0f7']",nib:02489
68D4BB0C177B67EFE053141D0B0AB81B,,Hak Milik,858,2018,02319,Meteran,10141706105368,,ARJASARI,107.6498768,-7.0505555,320416,,3204162001,ARJASARI,8516ce9dd6d7a0e0941e5d9b624e6334,"['nib:02319', 'persilpasifid:68d4bb0c177b67efe053141d0b0ab81b', 'nomor:10141706105368', 'geometry:8516ce9dd6d7a0e0941e5d9b624e6334']",nib:02319
68DDD7B986AFC974E053021D0B0A6138,,Hak Milik,618,2018,02452,CORS,10141706101260,,ARJASARI,107.6498768,-7.0511795,320416,,3204162001,ARJASARI,ab4a5676616e30adfe5a99bb2bc52296,"['nib:02452', 'persilpasifid:68ddd7b986afc974e053021d0b0a6138', 'nomor:10141706101260', 'geometry:ab4a5676616e30adfe5a99bb2bc52296']",nib:02452
68D501F53E6AD8C5E053131D0B0A9C49,,Hak Milik,239,2018,02362,Meteran,10141706101130,,ARJASARI,107.6498768,-7.0493073,320416,,3204162001,ARJASARI,a3c24bfa4b1873ae1daf6d336759514a,"['nib:02362', 'persilpasifid:68d501f53e6ad8c5e053131d0b0a9c49', 'nomor:10141706101130', 'geometry:a3c24bfa4b1873ae1daf6d336759514a']",nib:02362
499782e22fd040be95e2a67adef19a3b,,Hak Milik,60,2015,01600,,10141706100746,,ARJASARI,107.6505056,-7.068029,320416,,3204162001,ARJASARI,cb74fba86c562653ac16da58e3ec8617,"['nib:01600', 'persilpasifid:499782e22fd040be95e2a67adef19a3b', 'nomor:10141706100746', 'geometry:cb74fba86c562653ac16da58e3ec8617']",nib:01600
FF0051CA529C398EE0530C1D140AC7DF,,Hak Milik,60,2023,,,10141706301498,,ARJASARI,107.6505056,-7.0692771,320416,,3204162001,ARJASARI,fad999fd69e2ffd7ee107bbe4d18de69,"['persilpasifid:ff0051ca529c398ee0530c1d140ac7df', 'nomor:10141706301498', 'geometry:fad999fd69e2ffd7ee107bbe4d18de69']",persilpasifid:ff0051ca529c398ee0530c1d140ac7df
75BA111FC05BB246E053141D0B0AD234,,Hak Milik,724,2018,06132,Meteran,10141706104018,,ARJASARI,107.6498768,-7.0549239,320416,,3204162001,ARJASARI,6de0555964f2d23cc572a89977abbccc,"['nib:06132', 'persilpasifid:75ba111fc05bb246e053141d0b0ad234', 'nomor:10141706104018', 'geometry:6de0555964f2d23cc572a89977abbccc']",nib:06132
68EC80A4E1752754E053131D0B0ACC7F,,Hak Milik,771,2018,02501,Meteran,10141706101994,,ARJASARI,107.6505056,-7.0536758,320416,,3204162001,ARJASARI,8de65264d95957cf632659c79eda8e41,"['nib:02501', 'persilpasifid:68ec80a4e1752754e053131d0b0acc7f', 'nomor:10141706101994', 'geometry:8de65264d95957cf632659c79eda8e41']",nib:02501
4A9C5D07B00A9CA2E063B416140ABE6A,,Hak Milik,490,2026,,,10141706107388,,ARJASARI,107.6505056,-7.056172,320416,,3204162001,ARJASARI,c7beadc0c9375fe65d8aa180e36d4a60,"['persilpasifid:4a9c5d07b00a9ca2e063b416140abe6a', 'nomor:10141706107388', 'geometry:c7beadc0c9375fe65d8aa180e36d4a60']",persilpasifid:4a9c5d07b00a9ca2e063b416140abe6a
68DD01138FB1AF58E053131D0B0A3E12,,Hak Milik,165,2018,02414,Meteran,10141706101297,,ARJASARI,107.6505056,-7.0499314,320416,,3204162001,ARJASARI,de9bd404155e6a5acd8a1ca1d710b8fd,"['nib:02414', 'persilpasifid:68dd01138fb1af58e053131d0b0a3e12', 'nomor:10141706101297', 'geometry:de9bd404155e6a5acd8a1ca1d710b8fd']",nib:02414
2D82C7858BA53B3DE053031D0B0A3DEB,,Hak Milik,310,2018,02009,,10141706100898,,ARJASARI,107.6505056,-7.0592923,320416,,3204162001,ARJASARI,9199ea9f2b3facc79766873cc1ad7ace,"['nib:02009', 'persilpasifid:2d82c7858ba53b3de053031d0b0a3deb', 'nomor:10141706100898', 'geometry:9199ea9f2b3facc79766873cc1ad7ace']",nib:02009
4803112CC784D25BE053141D0B0AC547,,Hak Milik,233,2017,02144,,10141706101028,,ARJASARI,107.6505056,-7.0586683,320416,,3204162001,ARJASARI,ff0becba69e63401a9554f208a78cee1,"['nib:02144', 'persilpasifid:4803112cc784d25be053141d0b0ac547', 'nomor:10141706101028', 'geometry:ff0becba69e63401a9554f208a78cee1']",nib:02144
4803112CC78CD25BE053141D0B0AC547,,Hak Milik,144,2017,02148,,10141706101032,,ARJASARI,107.6505056,-7.0586683,320416,,3204162001,ARJASARI,3cf152b6b4bef092cd969a855fbecda9,"['nib:02148', 'persilpasifid:4803112cc78cd25be053141d0b0ac547', 'nomor:10141706101032', 'geometry:3cf152b6b4bef092cd969a855fbecda9']",nib:02148
4803112CC78ED25BE053141D0B0AC547,,Hak Milik,152,2017,02149,,10141706101033,,ARJASARI,107.6505056,-7.0586683,320416,,3204162001,ARJASARI,5dc5dfbf9076547d25d688cae9c3bdc6,"['nib:02149', 'persilpasifid:4803112cc78ed25be053141d0b0ac547', 'nomor:10141706101033', 'geometry:5dc5dfbf9076547d25d688cae9c3bdc6']",nib:02149
68EF114A973DBA89E053021D0B0AC5D9,,Hak Milik,588,2018,02545,Meteran,10141706101243,,ARJASARI,107.6505056,-7.0486833,320416,,3204162001,ARJASARI,a9805caf1453b638fa378b9789b2c908,"['nib:02545', 'persilpasifid:68ef114a973dba89e053021d0b0ac5d9', 'nomor:10141706101243', 'geometry:a9805caf1453b638fa378b9789b2c908']",nib:02545
4A9C5F5AB0DFA7F5E063B416140A6A33,,Hak Milik,92,2026,,,10141706107383,,ARJASARI,107.6505056,-7.0574202,320416,,3204162001,ARJASARI,e2d258ff005d48f14e3ad2fac5bba11c,"['persilpasifid:4a9c5f5ab0dfa7f5e063b416140a6a33', 'nomor:10141706107383', 'geometry:e2d258ff005d48f14e3ad2fac5bba11c']",persilpasifid:4a9c5f5ab0dfa7f5e063b416140a6a33
FF00544A062A45E2E0530C1D140A8C3B,,Hak Guna Bangunan,60,2023,,CORS,10141706301602,,ARJASARI,107.6517633,-7.0717732,320416,,3204162001,ARJASARI,93e7f66a903b20eb99597837c75466e9,"['persilpasifid:ff00544a062a45e2e0530c1d140a8c3b', 'nomor:10141706301602', 'geometry:93e7f66a903b20eb99597837c75466e9']",persilpasifid:ff00544a062a45e2e0530c1d140a8c3b
1981CAB71F90F431E063B416140A5ACA,,Hak Guna Bangunan,60,2024,,,10141706301924,,ARJASARI,107.6517633,-7.0692771,320416,,3204162001,ARJASARI,d35ac1dd545c706760bb41e73140eb4f,"['persilpasifid:1981cab71f90f431e063b416140a5aca', 'nomor:10141706301924', 'geometry:d35ac1dd545c706760bb41e73140eb4f']",persilpasifid:1981cab71f90f431e063b416140a5aca
FF004742899E051FE0530C1D140ABFCE,,Hak Milik,60,2024,,,10141706107319,,ARJASARI,107.6517633,-7.0705252,320416,,3204162001,ARJASARI,bb0abb6027c1d15ddce7017ba2680692,"['persilpasifid:ff004742899e051fe0530c1d140abfce', 'nomor:10141706107319', 'geometry:bb0abb6027c1d15ddce7017ba2680692']",persilpasifid:ff004742899e051fe0530c1d140abfce
FF0043538374EC1DE0530C1D140A200B,,Hak Guna Bangunan,72,2023,,CORS,10141706301565,,ARJASARI,107.6517633,-7.0699011,320416,,3204162001,ARJASARI,33508afb65436c7babdfa5bca53a9aa8,"['persilpasifid:ff0043538374ec1de0530c1d140a200b', 'nomor:10141706301565', 'geometry:33508afb65436c7babdfa5bca53a9aa8']",persilpasifid:ff0043538374ec1de0530c1d140a200b
FF0043817DE4EC5AE0530C1D140AF324,,Hak Guna Bangunan,72,2023,,CORS,10141706301566,,ARJASARI,107.6517633,-7.0699011,320416,,3204162001,ARJASARI,e7d3e5fd5c5458c9f3fbc9cd8b3976c5,"['persilpasifid:ff0043817de4ec5ae0530c1d140af324', 'nomor:10141706301566', 'geometry:e7d3e5fd5c5458c9f3fbc9cd8b3976c5']",persilpasifid:ff0043817de4ec5ae0530c1d140af324
FF00566FE3113C7BE0530B1D140A677A,,Hak Milik,60,2024,,CORS,10141706107275,,ARJASARI,107.6523921,-7.0705252,320416,,3204162001,ARJASARI,de37606be450235f5be010917849a4fc,"['persilpasifid:ff00566fe3113c7be0530b1d140a677a', 'nomor:10141706107275', 'geometry:de37606be450235f5be010917849a4fc']",persilpasifid:ff00566fe3113c7be0530b1d140a677a
FF00566FE3153C7BE0530B1D140A677A,,Hak Milik,60,2023,,CORS,10141706301749,,ARJASARI,107.6523921,-7.0705252,320416,,3204162001,ARJASARI,fec338f5f3dbb82a95657366b9c9d1bd,"['persilpasifid:ff00566fe3153c7be0530b1d140a677a', 'nomor:10141706301749', 'geometry:fec338f5f3dbb82a95657366b9c9d1bd']",persilpasifid:ff00566fe3153c7be0530b1d140a677a
FF00474289D3051FE0530C1D140ABFCE,,Hak Milik,60,2024,,CORS,10141706107118,,ARJASARI,107.6523921,-7.0717732,320416,,3204162001,ARJASARI,b350f0c31c4700bd5fa0ecc31840aee9,"['persilpasifid:ff00474289d3051fe0530c1d140abfce', 'nomor:10141706107118', 'geometry:b350f0c31c4700bd5fa0ecc31840aee9']",persilpasifid:ff00474289d3051fe0530c1d140abfce
1981BEB206A089B0E063B416140A4B0F,,Hak Guna Bangunan,60,2024,,,10141706302034,,ARJASARI,107.6523921,-7.0692771,320416,,3204162001,ARJASARI,92f32b3d63094711212a17f19e5d13f9,"['persilpasifid:1981beb206a089b0e063b416140a4b0f', 'nomor:10141706302034', 'geometry:92f32b3d63094711212a17f19e5d13f9']",persilpasifid:1981beb206a089b0e063b416140a4b0f
FF0056131EFF51F0E0530C1D140A73E2,,Hak Milik,60,2023,,CORS,10141706301735,,ARJASARI,107.6523921,-7.0699011,320416,,3204162001,ARJASARI,53dcd46bb53cb6533202db314f098709,"['persilpasifid:ff0056131eff51f0e0530c1d140a73e2', 'nomor:10141706301735', 'geometry:53dcd46bb53cb6533202db314f098709']",persilpasifid:ff0056131eff51f0e0530c1d140a73e2
2D82C760C2E73B37E053031D0B0A3314,,Hak Milik,830,2016,02015,,10141706100904,,ARJASARI,107.6511345,-7.0592923,320416,,3204162001,ARJASARI,5029ea968dec074114122d91e2f0c125,"['nib:02015', 'persilpasifid:2d82c760c2e73b37e053031d0b0a3314', 'nomor:10141706100904', 'geometry:5029ea968dec074114122d91e2f0c125']",nib:02015
1981BF0136D7899DE063B416140A700C,,Hak Milik,60,2024,,,10141706301960,,ARJASARI,107.6517633,-7.068653,320416,,3204162001,ARJASARI,6ffd9506647283940313e69d83c7adb4,"['persilpasifid:1981bf0136d7899de063b416140a700c', 'nomor:10141706301960', 'geometry:6ffd9506647283940313e69d83c7adb4']",persilpasifid:1981bf0136d7899de063b416140a700c
FF0051CA52B2398EE0530C1D140AC7DF,,Hak Milik,60,2024,,CORS,10141706107302,,ARJASARI,107.6517633,-7.0711492,320416,,3204162001,ARJASARI,27f4e311eda8acf9184563f7bab7ee44,"['persilpasifid:ff0051ca52b2398ee0530c1d140ac7df', 'nomor:10141706107302', 'geometry:27f4e311eda8acf9184563f7bab7ee44']",persilpasifid:ff0051ca52b2398ee0530c1d140ac7df
33D1C30E5B1AB562E063B416140ACD78,,Hak Guna Bangunan,60,2025,,,10141706302057,,ARJASARI,107.6523921,-7.068653,320416,,3204162001,ARJASARI,eb608159aca662689da2fb48f5ccd1e3,"['persilpasifid:33d1c30e5b1ab562e063b416140acd78', 'nomor:10141706302057', 'geometry:eb608159aca662689da2fb48f5ccd1e3']",persilpasifid:33d1c30e5b1ab562e063b416140acd78
33E2E8E9BDCF13C3E063B416140A8C0D,,Hak Guna Bangunan,60,2025,,,10141706302058,,ARJASARI,107.6523921,-7.068653,320416,,3204162001,ARJASARI,da01b0e303c35086ef372939bd2e5cf3,"['persilpasifid:33e2e8e9bdcf13c3e063b416140a8c0d', 'nomor:10141706302058', 'geometry:da01b0e303c35086ef372939bd2e5cf3']",persilpasifid:33e2e8e9bdcf13c3e063b416140a8c0d
72492B67847F4236E053141D0B0A93EA,,Kosong,865,,03553,,,,ARJASARI,107.6244096,-7.0533638,320416,,3204162001,ARJASARI,05dbaaf3a8e3a016f62cf343ca0a5742,"['nib:03553', 'persilpasifid:72492b67847f4236e053141d0b0a93ea', 'geometry:05dbaaf3a8e3a016f62cf343ca0a5742']",nib:03553
6DCCA7B957EE2C21E053021D0B0AC8F0,,Kosong,884,,02020,,,,ARJASARI,107.6244096,-7.0521156,320416,,3204162001,ARJASARI,241395df2bc6dc62a0c41b113245b12b,"['nib:02020', 'persilpasifid:6dcca7b957ee2c21e053021d0b0ac8f0', 'geometry:241395df2bc6dc62a0c41b113245b12b']",nib:02020
6DCCA89E07E42CDAE053021D0B0A86E8,,Hak Milik,138,2018,02077,Meteran,10141703102727,,ARJASARI,107.6244096,-7.0527397,320416,,3204162001,ARJASARI,63895a7a148ef6ceeaa45143733e7190,"['nib:02077', 'persilpasifid:6dcca89e07e42cdae053021d0b0a86e8', 'nomor:10141703102727', 'geometry:63895a7a148ef6ceeaa45143733e7190']",nib:02077
7532CB1EFD8E92B1E053021D0B0AEA1F,,Hak Milik,710,2018,05993,Meteran,10141706104081,,ARJASARI,107.6250384,-7.0508675,320416,,3204162001,ARJASARI,21a6ec820f87adb589d058d9131af2fb,"['nib:05993', 'persilpasifid:7532cb1efd8e92b1e053021d0b0aea1f', 'nomor:10141706104081', 'geometry:21a6ec820f87adb589d058d9131af2fb']",nib:05993
72D64CA805685F59E053141D0B0AF7E2,,Hak Milik,76,2018,03935,Meteran,10141703102923,,ARJASARI,107.6237808,-7.0521156,320416,,3204162001,ARJASARI,e990d069d092a633254a4b31dc8f7e99,"['nib:03935', 'persilpasifid:72d64ca805685f59e053141d0b0af7e2', 'nomor:10141703102923', 'geometry:e990d069d092a633254a4b31dc8f7e99']",nib:03935
72492B67849D4236E053141D0B0A93EA,,Hak Milik,1677,2018,03583,Meteran,10141703101165,,ARJASARI,107.626296,-7.0533638,320416,,3204162001,ARJASARI,179e3e697d9a1f87795dd43dc6c651ee,"['nib:03583', 'persilpasifid:72492b67849d4236e053141d0b0a93ea', 'nomor:10141703101165', 'geometry:179e3e697d9a1f87795dd43dc6c651ee']",nib:03583
5E63970E4189D5F0E053031D0B0A2AAE,,Hak Milik,820,2018,02238,,10141706101118,,ARJASARI,107.626296,-7.0502434,320416,,3204162001,ARJASARI,ea1037771981b08e9a90a82f3f132e2a,"['nib:02238', 'persilpasifid:5e63970e4189d5f0e053031d0b0a2aae', 'nomor:10141706101118', 'geometry:ea1037771981b08e9a90a82f3f132e2a']",nib:02238
7532CB1EFD9E92B1E053021D0B0AEA1F,,Hak Milik,281,2018,06015,Meteran,10141706103671,,ARJASARI,107.626296,-7.0521156,320416,,3204162001,ARJASARI,ec433ef7152fa7aeeae1da50d269e0e8,"['nib:06015', 'persilpasifid:7532cb1efd9e92b1e053021d0b0aea1f', 'nomor:10141706103671', 'geometry:ec433ef7152fa7aeeae1da50d269e0e8']",nib:06015
6DEFB67253DA3093E053021D0B0A7B78,,Hak Milik,746,2018,02471,Meteran,10141703100528,,ARJASARI,107.6269249,-7.0527397,320416,,3204162001,ARJASARI,0d01fbcd2992969ab2782c203fdb91dd,"['nib:02471', 'persilpasifid:6defb67253da3093e053021d0b0a7b78', 'nomor:10141703100528', 'geometry:0d01fbcd2992969ab2782c203fdb91dd']",nib:02471
7532CB1EFDAA92B1E053021D0B0AEA1F,,Hak Milik,835,2018,06032,Meteran,10141706103698,,ARJASARI,107.6269249,-7.0514916,320416,,3204162001,ARJASARI,2d2e3d672540c124410f4c9f0dbe4c72,"['nib:06032', 'persilpasifid:7532cb1efdaa92b1e053021d0b0aea1f', 'nomor:10141706103698', 'geometry:2d2e3d672540c124410f4c9f0dbe4c72']",nib:06032
753083668E78CB47E053021D0B0A5EAA,,Hak Milik,197,2018,06048,Meteran,10141706103705,,ARJASARI,107.6269249,-7.0508675,320416,,3204162001,ARJASARI,9f31a01fcd927dc2476bc3d759f66ea9,"['nib:06048', 'persilpasifid:753083668e78cb47e053021d0b0a5eaa', 'nomor:10141706103705', 'geometry:9f31a01fcd927dc2476bc3d759f66ea9']",nib:06048
75334685D0C8F109E053131D0B0AEB5C,,Hak Milik,344,2018,06069,Meteran,10141706105806,,ARJASARI,107.6269249,-7.0502434,320416,,3204162001,ARJASARI,5a1e2bc32a5f43770c19322a3fe6a417,"['nib:06069', 'persilpasifid:75334685d0c8f109e053131d0b0aeb5c', 'nomor:10141706105806', 'geometry:5a1e2bc32a5f43770c19322a3fe6a417']",nib:06069
72492B6784AC4236E053141D0B0A93EA,,Hak Milik,608,2018,03598,Meteran,10141703101076,,ARJASARI,107.6275537,-7.0533638,320416,,3204162001,ARJASARI,84807595e98d1ad7c0a81cd80526728b,"['nib:03598', 'persilpasifid:72492b6784ac4236e053141d0b0a93ea', 'nomor:10141703101076', 'geometry:84807595e98d1ad7c0a81cd80526728b']",nib:03598
6DEF926E41EC96D3E053131D0B0A4062,,Hak Milik,272,2018,02485,Meteran,10141703100569,,ARJASARI,107.6275537,-7.0527397,320416,,3204162001,ARJASARI,99b8aca77edc08fef8f8312f8e9b87a8,"['nib:02485', 'persilpasifid:6def926e41ec96d3e053131d0b0a4062', 'nomor:10141703100569', 'geometry:99b8aca77edc08fef8f8312f8e9b87a8']",nib:02485
7558BE2A860BB6B0E053141D0B0A12B4,,Hak Milik,1525,2018,06107,Meteran,10141706104088,,ARJASARI,107.6275537,-7.0514916,320416,,3204162001,ARJASARI,14334738b4e0a279f065df0c3fda98d5,"['nib:06107', 'persilpasifid:7558be2a860bb6b0e053141d0b0a12b4', 'nomor:10141706104088', 'geometry:14334738b4e0a279f065df0c3fda98d5']",nib:06107
6A1CE1061A84F10BE053141D0B0ACBEF,,Hak Milik,970,2018,03123,,10141706105538,,ARJASARI,107.6275537,-7.0483712,320416,,3204162001,ARJASARI,e8850505ecdba5d1f57e80a54c34a7c0,"['nib:03123', 'persilpasifid:6a1ce1061a84f10be053141d0b0acbef', 'nomor:10141706105538', 'geometry:e8850505ecdba5d1f57e80a54c34a7c0']",nib:03123
753083668E7DCB47E053021D0B0A5EAA,,Hak Milik,167,2018,06087,Meteran,10141706105808,,ARJASARI,107.6275537,-7.0508675,320416,,3204162001,ARJASARI,9519b5459445162d1a9cb462ad05dadb,"['nib:06087', 'persilpasifid:753083668e7dcb47e053021d0b0a5eaa', 'nomor:10141706105808', 'geometry:9519b5459445162d1a9cb462ad05dadb']",nib:06087
753083668E7ACB47E053021D0B0A5EAA,,Hak Milik,201,2018,06075,Meteran,10141706103780,,ARJASARI,107.6269249,-7.0496194,320416,,3204162001,ARJASARI,ae5d1568b9296f8602968fc23fc4246d,"['nib:06075', 'persilpasifid:753083668e7acb47e053021d0b0a5eaa', 'nomor:10141706103780', 'geometry:ae5d1568b9296f8602968fc23fc4246d']",nib:06075
72492B6784DF4236E053141D0B0A93EA,,Hak Milik,305,2018,03670,Meteran,10141703101169,,ARJASARI,107.6269249,-7.0533638,320416,,3204162001,ARJASARI,a94c9f8e87700b8376a1769b2ef6c798,"['nib:03670', 'persilpasifid:72492b6784df4236e053141d0b0a93ea', 'nomor:10141703101169', 'geometry:a94c9f8e87700b8376a1769b2ef6c798']",nib:03670
751A3CF8DFBA9865E053021D0B0A512D,,Hak Milik,129,2018,05846,Meteran,10141706103747,,ARJASARI,107.6281825,-7.0489953,320416,,3204162001,ARJASARI,7f35ee6690b294ec3d5d473b8bae6556,"['nib:05846', 'persilpasifid:751a3cf8dfba9865e053021d0b0a512d', 'nomor:10141706103747', 'geometry:7f35ee6690b294ec3d5d473b8bae6556']",nib:05846
6DEF926E420A96D3E053131D0B0A4062,,Hak Milik,496,2018,02522,Meteran,10141703100573,,ARJASARI,107.6288113,-7.0527397,320416,,3204162001,ARJASARI,ca81e3d84b4598990e030c9c282040f8,"['nib:02522', 'persilpasifid:6def926e420a96d3e053131d0b0a4062', 'nomor:10141703100573', 'geometry:ca81e3d84b4598990e030c9c282040f8']",nib:02522
751A3CF8E00E9865E053021D0B0A512D,,Hak Milik,388,2018,05961,Meteran,10141706103619,,ARJASARI,107.6281825,-7.0508675,320416,,3204162001,ARJASARI,f9e29610ed0a10565140efde31fa40c6,"['nib:05961', 'persilpasifid:751a3cf8e00e9865e053021d0b0a512d', 'nomor:10141706103619', 'geometry:f9e29610ed0a10565140efde31fa40c6']",nib:05961
6DEF9294638D6F4AE053131D0B0AE582,,Hak Milik,512,2018,02558,Meteran,10141703100538,,ARJASARI,107.6288113,-7.0521156,320416,,3204162001,ARJASARI,a7b3e29bd2586b9ef4e01667404f3fd7,"['nib:02558', 'persilpasifid:6def9294638d6f4ae053131d0b0ae582', 'nomor:10141703100538', 'geometry:a7b3e29bd2586b9ef4e01667404f3fd7']",nib:02558
76D544AC0E55F438E053141D0B0A57AE,,Hak Milik,690,2018,06330,Meteran,10141706106024,,ARJASARI,107.6294401,-7.0521156,320416,,3204162001,ARJASARI,d83162d7881df4dc846d81ddc7ebf8f3,"['nib:06330', 'persilpasifid:76d544ac0e55f438e053141d0b0a57ae', 'nomor:10141706106024', 'geometry:d83162d7881df4dc846d81ddc7ebf8f3']",nib:06330
76D56A5B3751ECD5E053141D0B0A3C9C,,Hak Milik,402,2018,06319,Meteran,10141706104252,,ARJASARI,107.6294401,-7.0514916,320416,,3204162001,ARJASARI,d76bb0f69506844026099c0802c46cf7,"['nib:06319', 'persilpasifid:76d56a5b3751ecd5e053141d0b0a3c9c', 'nomor:10141706104252', 'geometry:d76bb0f69506844026099c0802c46cf7']",nib:06319
751A3CF8DFE19865E053021D0B0A512D,,Hak Milik,75,2018,05897,Meteran,10141706103627,,ARJASARI,107.6294401,-7.0496194,320416,,3204162001,ARJASARI,4dc5de5fc1f7129563364204835db4ea,"['nib:05897', 'persilpasifid:751a3cf8dfe19865e053021d0b0a512d', 'nomor:10141706103627', 'geometry:4dc5de5fc1f7129563364204835db4ea']",nib:05897
751A3CF8DFF69865E053021D0B0A512D,,Hak Milik,132,2018,05937,Meteran,10141706103641,,ARJASARI,107.6294401,-7.0508675,320416,,3204162001,ARJASARI,4e0462654145fa70018f23ade51f57f5,"['nib:05937', 'persilpasifid:751a3cf8dff69865e053021d0b0a512d', 'nomor:10141706103641', 'geometry:4e0462654145fa70018f23ade51f57f5']",nib:05937
751A3CF8DFF79865E053021D0B0A512D,,Hak Milik,117,2018,05938,Meteran,10141706103667,,ARJASARI,107.6294401,-7.0508675,320416,,3204162001,ARJASARI,3dfb1207a7bd124fcf6180fcac70db7a,"['nib:05938', 'persilpasifid:751a3cf8dff79865e053021d0b0a512d', 'nomor:10141706103667', 'geometry:3dfb1207a7bd124fcf6180fcac70db7a']",nib:05938
75BA111FC060B246E053141D0B0AD234,,Hak Milik,804,2018,06157,Meteran,10141706104058,,ARJASARI,107.6288113,-7.0471231,320416,,3204162001,ARJASARI,b954ad4d014abfdea86f52bef458456a,"['nib:06157', 'persilpasifid:75ba111fc060b246e053141d0b0ad234', 'nomor:10141706104058', 'geometry:b954ad4d014abfdea86f52bef458456a']",nib:06157
751A3CF8E00C9865E053021D0B0A512D,,Hak Milik,335,2018,05959,Meteran,10141706103642,,ARJASARI,107.6294401,-7.0502434,320416,,3204162001,ARJASARI,4daa2a6f65a1a2f4e2edcf5ee3b73af2,"['nib:05959', 'persilpasifid:751a3cf8e00c9865e053021d0b0a512d', 'nomor:10141706103642', 'geometry:4daa2a6f65a1a2f4e2edcf5ee3b73af2']",nib:05959
7519D7FE614FC960E053141D0B0AF6E1,,Hak Milik,203,2018,05871,Meteran,10141706103594,,ARJASARI,107.6288113,-7.0496194,320416,,3204162001,ARJASARI,2ed0920b88dce25575f4e94743415d95,"['nib:05871', 'persilpasifid:7519d7fe614fc960e053141d0b0af6e1', 'nomor:10141706103594', 'geometry:2ed0920b88dce25575f4e94743415d95']",nib:05871
751A3CF8DFD29865E053021D0B0A512D,,Hak Milik,126,2018,05882,Meteran,10141706104029,,ARJASARI,107.6288113,-7.0489953,320416,,3204162001,ARJASARI,7d19fc6ac64f9d4484a78e0c1ee487a4,"['nib:05882', 'persilpasifid:751a3cf8dfd29865e053021d0b0a512d', 'nomor:10141706104029', 'geometry:7d19fc6ac64f9d4484a78e0c1ee487a4']",nib:05882
72492B6784DB4236E053141D0B0A93EA,,Hak Milik,476,2018,03645,Meteran,10141703101078,,ARJASARI,107.630069,-7.0546119,320416,,3204162001,ARJASARI,a5a6e353d9b6fc452d25b3faba8e5070,"['nib:03645', 'persilpasifid:72492b6784db4236e053141d0b0a93ea', 'nomor:10141703101078', 'geometry:a5a6e353d9b6fc452d25b3faba8e5070']",nib:03645
7249323820B17F5FE053131D0B0A8ADE,,Hak Milik,827,2018,03649,Meteran,10141703101125,,ARJASARI,107.630069,-7.0546119,320416,,3204162001,ARJASARI,911e779ad8a62f44eb7e4a2cee09c7d3,"['nib:03649', 'persilpasifid:7249323820b17f5fe053131d0b0a8ade', 'nomor:10141703101125', 'geometry:911e779ad8a62f44eb7e4a2cee09c7d3']",nib:03649
7776C10877B76954E053031D0B0A2199,,Hak Milik,950,2018,06743,Meteran,10141706104435,,ARJASARI,107.6294401,-7.046499,320416,,3204162001,ARJASARI,53419c64752a4c9f248cefcba652ba71,"['nib:06743', 'persilpasifid:7776c10877b76954e053031d0b0a2199', 'nomor:10141706104435', 'geometry:53419c64752a4c9f248cefcba652ba71']",nib:06743
75B9F1F3E3B9BB3DE053141D0B0A26D9,,Hak Milik,550,2018,06192,Meteran,10141706106046,,ARJASARI,107.6294401,-7.0471231,320416,,3204162001,ARJASARI,47cc6ecb3a88842975a7edfb0330eeed,"['nib:06192', 'persilpasifid:75b9f1f3e3b9bb3de053141d0b0a26d9', 'nomor:10141706106046', 'geometry:47cc6ecb3a88842975a7edfb0330eeed']",nib:06192
76D54365B7500316E053021D0B0A8D3E,,Hak Milik,2189,2018,06351,Meteran,10141706106099,,ARJASARI,107.630069,-7.0533638,320416,,3204162001,ARJASARI,ea8fcd2eb073fc7062de80af03b4da7e,"['nib:06351', 'persilpasifid:76d54365b7500316e053021d0b0a8d3e', 'nomor:10141706106099', 'geometry:ea8fcd2eb073fc7062de80af03b4da7e']",nib:06351
76D5A3AF4AF6E6BFE053141D0B0A9785,,Hak Milik,134,2018,06338,Meteran,10141706104247,,ARJASARI,107.630069,-7.0521156,320416,,3204162001,ARJASARI,84b7d450f123e836569cec5b16939d43,"['nib:06338', 'persilpasifid:76d5a3af4af6e6bfe053141d0b0a9785', 'nomor:10141706104247', 'geometry:84b7d450f123e836569cec5b16939d43']",nib:06338
7249323820B67F5FE053131D0B0A8ADE,,Hak Milik,730,2018,03654,Meteran,10141703101178,,ARJASARI,107.6294401,-7.0539878,320416,,3204162001,ARJASARI,3e49a5d195ec84df000635e6121e956f,"['nib:03654', 'persilpasifid:7249323820b67f5fe053131d0b0a8ade', 'nomor:10141703101178', 'geometry:3e49a5d195ec84df000635e6121e956f']",nib:03654
7776803018F5E0FEE053141D0B0AA6B2,,Hak Milik,952,2018,06740,Meteran,10141706104421,,ARJASARI,107.6294401,-7.045875,320416,,3204162001,ARJASARI,2bd2f5193a8348d24afbddd19fd4aad4,"['nib:06740', 'persilpasifid:7776803018f5e0fee053141d0b0aa6b2', 'nomor:10141706104421', 'geometry:2bd2f5193a8348d24afbddd19fd4aad4']",nib:06740
783E1F88ADF4825DE053131D0B0ABBA4,,Hak Milik,1503,2018,07001,Meteran,10141706104959,,ARJASARI,107.6294401,-7.0452509,320416,,3204162001,ARJASARI,7fbf5afb06c16cff41efff34321095c3,"['nib:07001', 'persilpasifid:783e1f88adf4825de053131d0b0abba4', 'nomor:10141706104959', 'geometry:7fbf5afb06c16cff41efff34321095c3']",nib:07001
76D565DF138CE7D1E053141D0B0AA6F5,,Hak Milik,326,2018,06393,Meteran,10141706104151,,ARJASARI,107.630069,-7.0496194,320416,,3204162001,ARJASARI,9bb3cd859ad5ab80f6992a32cc1961b3,"['nib:06393', 'persilpasifid:76d565df138ce7d1e053141d0b0aa6f5', 'nomor:10141706104151', 'geometry:9bb3cd859ad5ab80f6992a32cc1961b3']",nib:06393
76D5A3AF4B01E6BFE053141D0B0A9785,,Hak Milik,128,2018,06415,Meteran,10141706104194,,ARJASARI,107.6306978,-7.0508675,320416,,3204162001,ARJASARI,4aa503b133ee7d837690cd6f6bbb501c,"['nib:06415', 'persilpasifid:76d5a3af4b01e6bfe053141d0b0a9785', 'nomor:10141706104194', 'geometry:4aa503b133ee7d837690cd6f6bbb501c']",nib:06415
940D6658835F423AE0530B1D140AE97D,,Hak Guna Bangunan,78,2019,07534,,10141706300507,,ARJASARI,107.6313266,-7.0527397,320416,,3204162001,ARJASARI,ac8b68e4f0a4bcfe6c6dd012555af86c,"['nib:07534', 'persilpasifid:940d6658835f423ae0530b1d140ae97d', 'nomor:10141706300507', 'geometry:ac8b68e4f0a4bcfe6c6dd012555af86c']",nib:07534
78164ED4577572BFE053021D0B0A6986,,Hak Milik,964,2018,06951,Meteran,10141706104762,,ARJASARI,107.6313266,-7.046499,320416,,3204162001,ARJASARI,e84d2d3e98bbaf4e32c92fd96ffeaaf1,"['nib:06951', 'persilpasifid:78164ed4577572bfe053021d0b0a6986', 'nomor:10141706104762', 'geometry:e84d2d3e98bbaf4e32c92fd96ffeaaf1']",nib:06951
76D54365B7600316E053021D0B0A8D3E,,Hak Milik,312,2018,06382,Meteran,10141706106080,,ARJASARI,107.630069,-7.0502434,320416,,3204162001,ARJASARI,ac511fe587d8bd5f1c5f247091b61ce9,"['nib:06382', 'persilpasifid:76d54365b7600316e053021d0b0a8d3e', 'nomor:10141706106080', 'geometry:ac511fe587d8bd5f1c5f247091b61ce9']",nib:06382
7777222E4A0C67BBE053141D0B0A28BB,,Hak Milik,989,2018,06749,Meteran,10141706104455,,ARJASARI,107.630069,-7.046499,320416,,3204162001,ARJASARI,21e16c467a8099b53872523bc9a4ec20,"['nib:06749', 'persilpasifid:7777222e4a0c67bbe053141d0b0a28bb', 'nomor:10141706104455', 'geometry:21e16c467a8099b53872523bc9a4ec20']",nib:06749
78164ED4577D72BFE053021D0B0A6986,,Hak Milik,1061,2018,06961,Meteran,10141706104710,,ARJASARI,107.6313266,-7.0471231,320416,,3204162001,ARJASARI,e8a4d5cc62b81085cdf3ff7f2fda0022,"['nib:06961', 'persilpasifid:78164ed4577d72bfe053021d0b0a6986', 'nomor:10141706104710', 'geometry:e8a4d5cc62b81085cdf3ff7f2fda0022']",nib:06961
71B626D3791D0B36E053021D0B0A6C3C,,Hak Milik,700,2018,05184,,10141706102167,,ARJASARI,107.6313266,-7.0502434,320416,,3204162001,ARJASARI,61dc105b0f7b7c2ea46d8df045268325,"['nib:05184', 'persilpasifid:71b626d3791d0b36e053021d0b0a6c3c', 'nomor:10141706102167', 'geometry:61dc105b0f7b7c2ea46d8df045268325']",nib:05184
783DB8A6137AA85DE053031D0B0A81F0,,Hak Milik,975,2018,07076,Meteran,10141706104941,,ARJASARI,107.6319554,-7.0483712,320416,,3204162001,ARJASARI,85b008ef9eb3efc24e257cb678dc687e,"['nib:07076', 'persilpasifid:783db8a6137aa85de053031d0b0a81f0', 'nomor:10141706104941', 'geometry:85b008ef9eb3efc24e257cb678dc687e']",nib:07076
783DE0D3B5D18261E053131D0B0A70E1,,Hak Milik,902,2018,07067,Meteran,10141706105270,,ARJASARI,107.6319554,-7.0477472,320416,,3204162001,ARJASARI,20b75baf5c6954a2eeb386ad48e4d3c4,"['nib:07067', 'persilpasifid:783de0d3b5d18261e053131d0b0a70e1', 'nomor:10141706105270', 'geometry:20b75baf5c6954a2eeb386ad48e4d3c4']",nib:07067
7816BB4943EE2176E053021D0B0AC7AB,,Hak Milik,513,2018,06966,Meteran,10141706104743,,ARJASARI,107.6319554,-7.046499,320416,,3204162001,ARJASARI,2dcdb98b3c184a880b1c527caef83081,"['nib:06966', 'persilpasifid:7816bb4943ee2176e053021d0b0ac7ab', 'nomor:10141706104743', 'geometry:2dcdb98b3c184a880b1c527caef83081']",nib:06966
7776802A1334E18EE053141D0B0A9CED,,Hak Milik,2547,2018,06698,Meteran,10141706104373,,ARJASARI,107.6319554,-7.0446268,320416,,3204162001,ARJASARI,3f1fe26e3623c302c0d43677dbb9775e,"['nib:06698', 'persilpasifid:7776802a1334e18ee053141d0b0a9ced', 'nomor:10141706104373', 'geometry:3f1fe26e3623c302c0d43677dbb9775e']",nib:06698
940A9A5891D09CF2E0530C1D140A8E4E,,Hak Guna Bangunan,78,2019,07486,,10141706300386,,ARJASARI,107.6319554,-7.0533638,320416,,3204162001,ARJASARI,c5f4b5e32c82a12f624a655c75d597f8,"['nib:07486', 'persilpasifid:940a9a5891d09cf2e0530c1d140a8e4e', 'nomor:10141706300386', 'geometry:c5f4b5e32c82a12f624a655c75d597f8']",nib:07486
940A9A5891D29CF2E0530C1D140A8E4E,,Hak Guna Bangunan,8,2019,07487,,10141706300387,,ARJASARI,107.6319554,-7.0533638,320416,,3204162001,ARJASARI,5844b8488084f6499e260146e6e36eb2,"['nib:07487', 'persilpasifid:940a9a5891d29cf2e0530c1d140a8e4e', 'nomor:10141706300387', 'geometry:5844b8488084f6499e260146e6e36eb2']",nib:07487
940D66588370423AE0530B1D140AE97D,,Hak Milik,70,2021,07550,,10141706106513,,ARJASARI,107.6319554,-7.0533638,320416,,3204162001,ARJASARI,8f8b0e5a8f91ec52bd174175a229eb90,"['nib:07550', 'persilpasifid:940d66588370423ae0530b1d140ae97d', 'nomor:10141706106513', 'geometry:8f8b0e5a8f91ec52bd174175a229eb90']",nib:07550
71403039A6E0E113E053131D0B0A8E64,,Hak Milik,665,2018,03501,Meteran,10141703100995,,ARJASARI,107.6319554,-7.0552359,320416,,3204162001,ARJASARI,c048277ff99d70047eb5b41c72c21cf6,"['nib:03501', 'persilpasifid:71403039a6e0e113e053131d0b0a8e64', 'nomor:10141703100995', 'geometry:c048277ff99d70047eb5b41c72c21cf6']",nib:03501
708954707C152544E053021D0B0A85C2,,Hak Milik,718,2018,02937,Meteran,10141703102570,,ARJASARI,107.6325842,-7.0589803,320416,,3204162001,ARJASARI,46a0d07b99ab992f1965b824a50f0f87,"['nib:02937', 'persilpasifid:708954707c152544e053021d0b0a85c2', 'nomor:10141703102570', 'geometry:46a0d07b99ab992f1965b824a50f0f87']",nib:02937
7079690C16B86B02E053031D0B0AD00E,,Hak Milik,425,2018,02859,Meteran,10141703101351,,ARJASARI,107.6325842,-7.0602284,320416,,3204162001,ARJASARI,9ca94b67a77f70b12b9b236e8028cf2c,"['nib:02859', 'persilpasifid:7079690c16b86b02e053031d0b0ad00e', 'nomor:10141703101351', 'geometry:9ca94b67a77f70b12b9b236e8028cf2c']",nib:02859
708954707C192544E053021D0B0A85C2,,Hak Milik,572,2018,02941,Meteran,10141703102381,,ARJASARI,107.6325842,-7.0583562,320416,,3204162001,ARJASARI,0f9dba6edb29faefb587f020ddf19481,"['nib:02941', 'persilpasifid:708954707c192544e053021d0b0a85c2', 'nomor:10141703102381', 'geometry:0f9dba6edb29faefb587f020ddf19481']",nib:02941
940DFC165A90DCD6E0530C1D140A26FF,,Hak Guna Bangunan,60,2019,07722,,10141706300465,,ARJASARI,107.6325842,-7.0521156,320416,,3204162001,ARJASARI,0821923282e2c35066b566fd535c8f0b,"['nib:07722', 'persilpasifid:940dfc165a90dcd6e0530c1d140a26ff', 'nomor:10141706300465', 'geometry:0821923282e2c35066b566fd535c8f0b']",nib:07722
783DE0D3B5DE8261E053131D0B0A70E1,,Hak Milik,809,2018,07086,Meteran,10141706104901,,ARJASARI,107.6325842,-7.0496194,320416,,3204162001,ARJASARI,d470bcd4c05610bd10da0fc84576e1e3,"['nib:07086', 'persilpasifid:783de0d3b5de8261e053131d0b0a70e1', 'nomor:10141706104901', 'geometry:d470bcd4c05610bd10da0fc84576e1e3']",nib:07086
78167E735B54FF92E053021D0B0A54B3,,Hak Milik,513,2018,06985,Meteran,10141706104923,,ARJASARI,107.6325842,-7.0471231,320416,,3204162001,ARJASARI,a92582dd89ded29894be6eb5d6e0a56a,"['nib:06985', 'persilpasifid:78167e735b54ff92e053021d0b0a54b3', 'nomor:10141706104923', 'geometry:a92582dd89ded29894be6eb5d6e0a56a']",nib:06985
D4BDAAD619630540E0530B1D140A7274,,Hak Milik,360,2022,,,10141703103244,,ARJASARI,107.6325842,-7.0596043,320416,,3204162001,ARJASARI,8cf108cd25566071e439cf4d4bdda121,"['persilpasifid:d4bdaad619630540e0530b1d140a7274', 'nomor:10141703103244', 'geometry:8cf108cd25566071e439cf4d4bdda121']",persilpasifid:d4bdaad619630540e0530b1d140a7274
7079690C16CF6B02E053031D0B0AD00E,,Hak Milik,1492,2018,02882,Meteran,10141703100758,,ARJASARI,107.6332131,-7.0608524,320416,,3204162001,ARJASARI,f0aa15a91417d61b823a506c93ea466e,"['nib:02882', 'persilpasifid:7079690c16cf6b02e053031d0b0ad00e', 'nomor:10141703100758', 'geometry:f0aa15a91417d61b823a506c93ea466e']",nib:02882
DC98CC7FF9A5DCBAE0530C1D140A4672,,Hak Milik,523,2023,,,10141703103252,,ARJASARI,107.6325842,-7.0564841,320416,,3204162001,ARJASARI,6667c064756a0acdf6027efeb82b3b53,"['persilpasifid:dc98cc7ff9a5dcbae0530c1d140a4672', 'nomor:10141703103252', 'geometry:6667c064756a0acdf6027efeb82b3b53']",persilpasifid:dc98cc7ff9a5dcbae0530c1d140a4672
70B5C3FBE1D5AE0AE053141D0B0AC8C5,,Hak Milik,964,2018,04973,Meteran,10141706105314,,ARJASARI,107.6325842,-7.0489953,320416,,3204162001,ARJASARI,c3616ae15c0b57975734ffe7a29ee780,"['nib:04973', 'persilpasifid:70b5c3fbe1d5ae0ae053141d0b0ac8c5', 'nomor:10141706105314', 'geometry:c3616ae15c0b57975734ffe7a29ee780']",nib:04973
78167E735B5AFF92E053021D0B0A54B3,,Hak Milik,982,2018,06991,Meteran,10141706104915,,ARJASARI,107.6325842,-7.0477472,320416,,3204162001,ARJASARI,1e7322d58967d766878d00715c94f26d,"['nib:06991', 'persilpasifid:78167e735b5aff92e053021d0b0a54b3', 'nomor:10141706104915', 'geometry:1e7322d58967d766878d00715c94f26d']",nib:06991
71B62A657BD118C8E053031D0B0AFAAD,,Hak Milik,490,2018,05235,Meteran,10141706102191,,ARJASARI,107.6332131,-7.0514916,320416,,3204162001,ARJASARI,99d97ba19df458074cd6a4cf1055f2e1,"['nib:05235', 'persilpasifid:71b62a657bd118c8e053031d0b0afaad', 'nomor:10141706102191', 'geometry:99d97ba19df458074cd6a4cf1055f2e1']",nib:05235
70B5C13DD5602567E053021D0B0ABB81,,Hak Milik,965,2018,04949,Meteran,10141706103313,,ARJASARI,107.6332131,-7.0489953,320416,,3204162001,ARJASARI,6680bae780b1ff3965e4af1c4f9ca430,"['nib:04949', 'persilpasifid:70b5c13dd5602567e053021d0b0abb81', 'nomor:10141706103313', 'geometry:6680bae780b1ff3965e4af1c4f9ca430']",nib:04949
783DE0D3B5CD8261E053131D0B0A70E1,,Hak Milik,388,2018,07063,Meteran,10141706104878,,ARJASARI,107.6332131,-7.0483712,320416,,3204162001,ARJASARI,6f1c8017d9b16d62388c0279613dd297,"['nib:07063', 'persilpasifid:783de0d3b5cd8261e053131d0b0a70e1', 'nomor:10141706104878', 'geometry:6f1c8017d9b16d62388c0279613dd297']",nib:07063
71B5B6235D22A937E053131D0B0AD20B,,Hak Milik,1991,2018,05041,Meteran,10141706103832,,ARJASARI,107.6332131,-7.0546119,320416,,3204162001,ARJASARI,d6a8a5184cbf283ad3b1b308b4f70d4f,"['nib:05041', 'persilpasifid:71b5b6235d22a937e053131d0b0ad20b', 'nomor:10141706103832', 'geometry:d6a8a5184cbf283ad3b1b308b4f70d4f']",nib:05041
783E1F88AE0C825DE053131D0B0ABBA4,,Hak Milik,1820,2018,07027,Meteran,10141706104944,,ARJASARI,107.6332131,-7.0446268,320416,,3204162001,ARJASARI,3583191e9f4a56cf5c58fa0ec16c365a,"['nib:07027', 'persilpasifid:783e1f88ae0c825de053131d0b0abba4', 'nomor:10141706104944', 'geometry:3583191e9f4a56cf5c58fa0ec16c365a']",nib:07027
708954707C372544E053021D0B0A85C2,,Hak Milik,342,2018,02979,Meteran,10141703100783,,ARJASARI,107.6338419,-7.0583562,320416,,3204162001,ARJASARI,0199b7cfca85135f70194c4f1e5b2b33,"['nib:02979', 'persilpasifid:708954707c372544e053021d0b0a85c2', 'nomor:10141703100783', 'geometry:0199b7cfca85135f70194c4f1e5b2b33']",nib:02979
77764DDB037FC28FE053141D0B0A1D26,,Hak Milik,1296,2018,06702,Meteran,10141706104488,,ARJASARI,107.6332131,-7.0440027,320416,,3204162001,ARJASARI,8a6766f0845158f7d5588a0bff1ebd27,"['nib:06702', 'persilpasifid:77764ddb037fc28fe053141d0b0a1d26', 'nomor:10141706104488', 'geometry:8a6766f0845158f7d5588a0bff1ebd27']",nib:06702
71B61303A8F0B482E053131D0B0AA7E2,,Hak Milik,268,2018,05118,Meteran,10141706102074,,ARJASARI,107.6338419,-7.0546119,320416,,3204162001,ARJASARI,84526d433ed9593900b1b153631339a4,"['nib:05118', 'persilpasifid:71b61303a8f0b482e053131d0b0aa7e2', 'nomor:10141706102074', 'geometry:84526d433ed9593900b1b153631339a4']",nib:05118
71B59609374421C7E053131D0B0A0C4A,,Hak Milik,140,2018,05059,Meteran,10141706103877,,ARJASARI,107.6338419,-7.05586,320416,,3204162001,ARJASARI,e823a95d23b399aaead69c5cbc03b083,"['nib:05059', 'persilpasifid:71b59609374421c7e053131d0b0a0c4a', 'nomor:10141706103877', 'geometry:e823a95d23b399aaead69c5cbc03b083']",nib:05059
71B59609375B21C7E053131D0B0A0C4A,,Hak Milik,107,2018,05124,Meteran,10141706104661,,ARJASARI,107.6338419,-7.0539878,320416,,3204162001,ARJASARI,3d4364ef70c5f9bbf503c887839e07c8,"['nib:05124', 'persilpasifid:71b59609375b21c7e053131d0b0a0c4a', 'nomor:10141706104661', 'geometry:3d4364ef70c5f9bbf503c887839e07c8']",nib:05124
71B621A6C1A565CCE053021D0B0AF7DE,,Hak Milik,90,2018,05125,Meteran,10141706103822,,ARJASARI,107.6338419,-7.0539878,320416,,3204162001,ARJASARI,a6fd0823eb0dc5fb34394d81b08f2e83,"['nib:05125', 'persilpasifid:71b621a6c1a565cce053021d0b0af7de', 'nomor:10141706103822', 'geometry:a6fd0823eb0dc5fb34394d81b08f2e83']",nib:05125
71B5613582266E30E053141D0B0AF6E3,,Hak Milik,338,2018,05147,Meteran,10141706102077,,ARJASARI,107.6338419,-7.0533638,320416,,3204162001,ARJASARI,0cb86718058e95ff9473a3636b50835a,"['nib:05147', 'persilpasifid:71b5613582266e30e053141d0b0af6e3', 'nomor:10141706102077', 'geometry:0cb86718058e95ff9473a3636b50835a']",nib:05147
70B5C3FBE1C7AE0AE053141D0B0AC8C5,,Hak Milik,1276,2018,04959,Meteran,10141706103266,,ARJASARI,107.6338419,-7.0502434,320416,,3204162001,ARJASARI,9084fd13115188a7636469abd6117263,"['nib:04959', 'persilpasifid:70b5c3fbe1c7ae0ae053141d0b0ac8c5', 'nomor:10141706103266', 'geometry:9084fd13115188a7636469abd6117263']",nib:04959
783E1F88AE10825DE053131D0B0ABBA4,,Hak Milik,1229,2018,07031,Meteran,10141706104855,,ARJASARI,107.6332131,-7.0471231,320416,,3204162001,ARJASARI,12a68b23e1c1c173d56733c38c7f2366,"['nib:07031', 'persilpasifid:783e1f88ae10825de053131d0b0abba4', 'nomor:10141706104855', 'geometry:12a68b23e1c1c173d56733c38c7f2366']",nib:07031
783E1F88AE1E825DE053131D0B0ABBA4,,Hak Milik,493,2018,07045,Meteran,10141706104921,,ARJASARI,107.6338419,-7.0477472,320416,,3204162001,ARJASARI,70da6fb068146ccdf83e34c87e988baf,"['nib:07045', 'persilpasifid:783e1f88ae1e825de053131d0b0abba4', 'nomor:10141706104921', 'geometry:70da6fb068146ccdf83e34c87e988baf']",nib:07045
6DF32C33E1065180E053031D0B0A6000,,Hak Milik,474,2018,04068,Meteran,10141706104603,,ARJASARI,107.6338419,-7.0564841,320416,,3204162001,ARJASARI,9eaeb6d838d77ec10f32c2002d8f25b6,"['nib:04068', 'persilpasifid:6df32c33e1065180e053031d0b0a6000', 'nomor:10141706104603', 'geometry:9eaeb6d838d77ec10f32c2002d8f25b6']",nib:04068
70B5E9332A441737E053131D0B0A88B1,,Hak Milik,1429,2018,04941,Meteran,10141706103309,,ARJASARI,107.6338419,-7.0496194,320416,,3204162001,ARJASARI,3e114b99d4e510455b6464d502517e9d,"['nib:04941', 'persilpasifid:70b5e9332a441737e053131d0b0a88b1', 'nomor:10141706103309', 'geometry:3e114b99d4e510455b6464d502517e9d']",nib:04941
783E1F88AE0E825DE053131D0B0ABBA4,,Hak Milik,925,2018,07029,Meteran,10141706104849,,ARJASARI,107.6338419,-7.0446268,320416,,3204162001,ARJASARI,ebe4ae164c4b6f79f7625740a0a62f2d,"['nib:07029', 'persilpasifid:783e1f88ae0e825de053131d0b0abba4', 'nomor:10141706104849', 'geometry:ebe4ae164c4b6f79f7625740a0a62f2d']",nib:07029
7816BA89AB08AF67E053031D0B0A8805,,Hak Milik,935,2018,06880,Meteran,10141706104717,,ARJASARI,107.6338419,-7.0452509,320416,,3204162001,ARJASARI,f824f44aea8382b96d76e7e41bcdac8f,"['nib:06880', 'persilpasifid:7816ba89ab08af67e053031d0b0a8805', 'nomor:10141706104717', 'geometry:f824f44aea8382b96d76e7e41bcdac8f']",nib:06880
6DF32DEA116B87E1E053021D0B0A74DD,,Hak Milik,260,2018,03972,Meteran,10141706105629,,ARJASARI,107.6344707,-7.05586,320416,,3204162001,ARJASARI,303de0f45c10b6d92662cd4d433f059e,"['nib:03972', 'persilpasifid:6df32dea116b87e1e053021d0b0a74dd', 'nomor:10141706105629', 'geometry:303de0f45c10b6d92662cd4d433f059e']",nib:03972
70B5C3FBE1C6AE0AE053141D0B0AC8C5,,Hak Milik,1127,2018,04933,Meteran,10141706103264,,ARJASARI,107.6344707,-7.0502434,320416,,3204162001,ARJASARI,6cb85b211041f5660e00d9b7052a841d,"['nib:04933', 'persilpasifid:70b5c3fbe1c6ae0ae053141d0b0ac8c5', 'nomor:10141706103264', 'geometry:6cb85b211041f5660e00d9b7052a841d']",nib:04933
6DF3FA1FE774410BE053141D0B0A7411,,Hak Milik,704,2018,04147,Meteran,10141706104600,,ARJASARI,107.6350995,-7.0596043,320416,,3204162001,ARJASARI,b9f6782108a35a3955578badb998b0da,"['nib:04147', 'persilpasifid:6df3fa1fe774410be053141d0b0a7411', 'nomor:10141706104600', 'geometry:b9f6782108a35a3955578badb998b0da']",nib:04147
6DF3FA1FE773410BE053141D0B0A7411,,Hak Milik,924,2018,04146,Meteran,10141706105246,,ARJASARI,107.6350995,-7.0589803,320416,,3204162001,ARJASARI,f3bcbde55f9d7853beef153e741056da,"['nib:04146', 'persilpasifid:6df3fa1fe773410be053141d0b0a7411', 'nomor:10141706105246', 'geometry:f3bcbde55f9d7853beef153e741056da']",nib:04146
6DF38ABB77434E2DE053031D0B0A28B4,,Hak Milik,944,2018,04048,Meteran,10141706105738,,ARJASARI,107.6350995,-7.0583562,320416,,3204162001,ARJASARI,c570a3e95f9b6fc01bb9544feacc120d,"['nib:04048', 'persilpasifid:6df38abb77434e2de053031d0b0a28b4', 'nomor:10141706105738', 'geometry:c570a3e95f9b6fc01bb9544feacc120d']",nib:04048
6DF38ABB773F4E2DE053031D0B0A28B4,,Hak Milik,664,2018,04037,Meteran,10141706102290,,ARJASARI,107.6350995,-7.0571081,320416,,3204162001,ARJASARI,5e91b3c59f0a2897af97b88a7df713bb,"['nib:04037', 'persilpasifid:6df38abb773f4e2de053031d0b0a28b4', 'nomor:10141706102290', 'geometry:5e91b3c59f0a2897af97b88a7df713bb']",nib:04037
6DF38ABB770C4E2DE053031D0B0A28B4,,Hak Milik,150,2018,03930,Meteran,10141706103901,,ARJASARI,107.6350995,-7.05586,320416,,3204162001,ARJASARI,8a65cc66cf53003a1387e16220858c52,"['nib:03930', 'persilpasifid:6df38abb770c4e2de053031d0b0a28b4', 'nomor:10141706103901', 'geometry:8a65cc66cf53003a1387e16220858c52']",nib:03930
6DCA1221BD1DBA69E053021D0B0A169A,,Hak Milik,304,2018,03875,Meteran,10141706101957,,ARJASARI,107.6350995,-7.0552359,320416,,3204162001,ARJASARI,2cd63bbf873c73ba069429d72faec9d4,"['nib:03875', 'persilpasifid:6dca1221bd1dba69e053021d0b0a169a', 'nomor:10141706101957', 'geometry:2cd63bbf873c73ba069429d72faec9d4']",nib:03875
6DF38ABB76DE4E2DE053031D0B0A28B4,,Hak Milik,350,2018,03920,Meteran,10141706103888,,ARJASARI,107.6344707,-7.0552359,320416,,3204162001,ARJASARI,41eb30b612ddeeb7c9c8e346ae87448c,"['nib:03920', 'persilpasifid:6df38abb76de4e2de053031d0b0a28b4', 'nomor:10141706103888', 'geometry:41eb30b612ddeeb7c9c8e346ae87448c']",nib:03920
6DF3FA1FE75E410BE053141D0B0A7411,,Hak Milik,1430,2018,04108,Meteran,10141706101885,,ARJASARI,107.6350995,-7.0602284,320416,,3204162001,ARJASARI,c274d3f723b1367d627b717503dba4f5,"['nib:04108', 'persilpasifid:6df3fa1fe75e410be053141d0b0a7411', 'nomor:10141706101885', 'geometry:c274d3f723b1367d627b717503dba4f5']",nib:04108
71B5B69A68E6654CE053141D0B0A10A0,,Hak Milik,1289,2018,05250,Meteran,10141706103842,,ARJASARI,107.6344707,-7.0514916,320416,,3204162001,ARJASARI,2b75ee4ce9331fc327e061790ffca37c,"['nib:05250', 'persilpasifid:71b5b69a68e6654ce053141d0b0a10a0', 'nomor:10141706103842', 'geometry:2b75ee4ce9331fc327e061790ffca37c']",nib:05250
71B5D59F571EFEDEE053131D0B0A3073,,Hak Milik,242,2018,05181,Meteran,10141706102169,,ARJASARI,107.6350995,-7.0533638,320416,,3204162001,ARJASARI,c30e066361046f9f95168c52c31cef6a,"['nib:05181', 'persilpasifid:71b5d59f571efedee053131d0b0a3073', 'nomor:10141706102169', 'geometry:c30e066361046f9f95168c52c31cef6a']",nib:05181
7816C9BA33EA2413E053021D0B0A71C3,,Hak Milik,1480,2018,06932,Meteran,10141706104809,,ARJASARI,107.6350995,-7.045875,320416,,3204162001,ARJASARI,8d748d827695fef59ca8e04ceed421cc,"['nib:06932', 'persilpasifid:7816c9ba33ea2413e053021d0b0a71c3', 'nomor:10141706104809', 'geometry:8d748d827695fef59ca8e04ceed421cc']",nib:06932
7816C9BA33F22413E053021D0B0A71C3,,Hak Milik,1199,2018,06940,Meteran,10141706104757,,ARJASARI,107.6350995,-7.046499,320416,,3204162001,ARJASARI,07907524e7467b3793996e09cd654f4b,"['nib:06940', 'persilpasifid:7816c9ba33f22413e053021d0b0a71c3', 'nomor:10141706104757', 'geometry:07907524e7467b3793996e09cd654f4b']",nib:06940
70B5E9332A3F1737E053131D0B0A88B1,,Hak Milik,1291,2018,04931,Meteran,10141706103260,,ARJASARI,107.6350995,-7.0496194,320416,,3204162001,ARJASARI,323159112214103f878dca7aa8e83de4,"['nib:04931', 'persilpasifid:70b5e9332a3f1737e053131d0b0a88b1', 'nomor:10141706103260', 'geometry:323159112214103f878dca7aa8e83de4']",nib:04931
7816BA89AB1EAF67E053031D0B0A8805,,Hak Milik,1337,2018,06904,Meteran,10141706104750,,ARJASARI,107.6350995,-7.0471231,320416,,3204162001,ARJASARI,38d0ed36ce32b323dbdae07a7a167a24,"['nib:06904', 'persilpasifid:7816ba89ab1eaf67e053031d0b0a8805', 'nomor:10141706104750', 'geometry:38d0ed36ce32b323dbdae07a7a167a24']",nib:06904
70B5E9332A501737E053131D0B0A88B1,,Hak Milik,986,2018,04958,Meteran,10141706103285,,ARJASARI,107.6350995,-7.0483712,320416,,3204162001,ARJASARI,9193c2d0f8b14aa7b1963a73919a2ba7,"['nib:04958', 'persilpasifid:70b5e9332a501737e053131d0b0a88b1', 'nomor:10141706103285', 'geometry:9193c2d0f8b14aa7b1963a73919a2ba7']",nib:04958
7816C9BA33E32413E053021D0B0A71C3,,Hak Milik,956,2018,06925,Meteran,10141706104741,,ARJASARI,107.6350995,-7.0452509,320416,,3204162001,ARJASARI,52904a0e264b322b39bd4dd28d5f2f3f,"['nib:06925', 'persilpasifid:7816c9ba33e32413e053021d0b0a71c3', 'nomor:10141706104741', 'geometry:52904a0e264b322b39bd4dd28d5f2f3f']",nib:06925
70B5C3FBE1C8AE0AE053141D0B0AC8C5,,Hak Milik,868,2018,04960,Meteran,10141706103267,,ARJASARI,107.6350995,-7.0489953,320416,,3204162001,ARJASARI,136c51b89d92f66f039d154aae6d4825,"['nib:04960', 'persilpasifid:70b5c3fbe1c8ae0ae053141d0b0ac8c5', 'nomor:10141706103267', 'geometry:136c51b89d92f66f039d154aae6d4825']",nib:04960
6DF3FA1FE76B410BE053141D0B0A7411,,Hak Milik,407,2018,04127,Meteran,10141706105670,,ARJASARI,107.6357283,-7.0608524,320416,,3204162001,ARJASARI,9e1d4d18eee7be7e704df669c19f3bf8,"['nib:04127', 'persilpasifid:6df3fa1fe76b410be053141d0b0a7411', 'nomor:10141706105670', 'geometry:9e1d4d18eee7be7e704df669c19f3bf8']",nib:04127
6DF3F9B82CB579E7E053031D0B0A703F,,Hak Milik,360,2018,04136,Meteran,10141706105677,,ARJASARI,107.6357283,-7.0602284,320416,,3204162001,ARJASARI,29ef43b4af3ef3948aa1ae0439f8c5d0,"['nib:04136', 'persilpasifid:6df3f9b82cb579e7e053031d0b0a703f', 'nomor:10141706105677', 'geometry:29ef43b4af3ef3948aa1ae0439f8c5d0']",nib:04136
6DF3A7747A4527F6E053131D0B0A9EDC,,Hak Milik,496,2018,03984,Meteran,10141706101917,,ARJASARI,107.6357283,-7.0577322,320416,,3204162001,ARJASARI,a0225bcbed622a622ea5251f28341569,"['nib:03984', 'persilpasifid:6df3a7747a4527f6e053131d0b0a9edc', 'nomor:10141706101917', 'geometry:a0225bcbed622a622ea5251f28341569']",nib:03984
6DF3B248C18F4E10E053031D0B0AD3EC,,Hak Milik,64,2018,03983,Meteran,10141706105632,,ARJASARI,107.6357283,-7.0577322,320416,,3204162001,ARJASARI,7cba0d217b64cc176c80086e98de5c7a,"['nib:03983', 'persilpasifid:6df3b248c18f4e10e053031d0b0ad3ec', 'nomor:10141706105632', 'geometry:7cba0d217b64cc176c80086e98de5c7a']",nib:03983
71B6281104AC16C4E053031D0B0A17B6,,Hak Milik,202,2018,05268,Meteran,10141706102181,,ARJASARI,107.6357283,-7.0527397,320416,,3204162001,ARJASARI,c26cfcaf03dab860882e7a78ddae2512,"['nib:05268', 'persilpasifid:71b6281104ac16c4e053031d0b0a17b6', 'nomor:10141706102181', 'geometry:c26cfcaf03dab860882e7a78ddae2512']",nib:05268
6D15D892C1B63881E053141D0B0A12EB,,Hak Milik,634,2018,03837,Meteran,10141706104606,,ARJASARI,107.6350995,-7.0539878,320416,,3204162001,ARJASARI,840f5d0df03b4d14daebff1bfb2ee1bc,"['nib:03837', 'persilpasifid:6d15d892c1b63881e053141d0b0a12eb', 'nomor:10141706104606', 'geometry:840f5d0df03b4d14daebff1bfb2ee1bc']",nib:03837
6DCA1221BD27BA69E053021D0B0A169A,,Hak Milik,582,2018,03886,Meteran,10141706105610,,ARJASARI,107.6357283,-7.0546119,320416,,3204162001,ARJASARI,0049364a516493658912e378dde7079d,"['nib:03886', 'persilpasifid:6dca1221bd27ba69e053021d0b0a169a', 'nomor:10141706105610', 'geometry:0049364a516493658912e378dde7079d']",nib:03886
7729DF7CAC0ABD06E053021D0B0A2FBA,,Hak Milik,1282,2018,06622,Meteran,10141706105978,,ARJASARI,107.6357283,-7.0508675,320416,,3204162001,ARJASARI,b5c9245f6a8221bf5c96e686449800ec,"['nib:06622', 'persilpasifid:7729df7cac0abd06e053021d0b0a2fba', 'nomor:10141706105978', 'geometry:b5c9245f6a8221bf5c96e686449800ec']",nib:06622
6DCA1221BD17BA69E053021D0B0A169A,,Hak Milik,335,2018,03865,Meteran,10141706103738,,ARJASARI,107.6357283,-7.0552359,320416,,3204162001,ARJASARI,a4739f79442ba14e461dfe9ca7d64b4e,"['nib:03865', 'persilpasifid:6dca1221bd17ba69e053021d0b0a169a', 'nomor:10141706103738', 'geometry:a4739f79442ba14e461dfe9ca7d64b4e']",nib:03865
7776802A1338E18EE053141D0B0A9CED,,Hak Milik,1820,2018,06708,Meteran,10141706104407,,ARJASARI,107.6350995,-7.0440027,320416,,3204162001,ARJASARI,b57e46e179966d18deb96e63d8dc9128,"['nib:06708', 'persilpasifid:7776802a1338e18ee053141d0b0a9ced', 'nomor:10141706104407', 'geometry:b57e46e179966d18deb96e63d8dc9128']",nib:06708
7776803018EEE0FEE053141D0B0AA6B2,,Hak Milik,1637,2018,06723,Meteran,10141706104400,,ARJASARI,107.6357283,-7.0477472,320416,,3204162001,ARJASARI,247a3e5026b0e3c2095c3469949f0c47,"['nib:06723', 'persilpasifid:7776803018eee0fee053141d0b0aa6b2', 'nomor:10141706104400', 'geometry:247a3e5026b0e3c2095c3469949f0c47']",nib:06723
7816C9BA33F02413E053021D0B0A71C3,,Hak Milik,1010,2018,06938,Meteran,10141706104828,,ARJASARI,107.6357283,-7.045875,320416,,3204162001,ARJASARI,c8158bbff035b5c30eb2be61b22689f7,"['nib:06938', 'persilpasifid:7816c9ba33f02413e053021d0b0a71c3', 'nomor:10141706104828', 'geometry:c8158bbff035b5c30eb2be61b22689f7']",nib:06938
71B5B69A68EA654CE053141D0B0A10A0,,Hak Milik,174,2018,05283,Meteran,10141706102232,,ARJASARI,107.6357283,-7.0521156,320416,,3204162001,ARJASARI,95da283a8a915e524480ee0cb0fdd50e,"['nib:05283', 'persilpasifid:71b5b69a68ea654ce053141d0b0a10a0', 'nomor:10141706102232', 'geometry:95da283a8a915e524480ee0cb0fdd50e']",nib:05283
6DCA0FD53112E235E053131D0B0A8B9D,,Hak Milik,755,2018,03905,Meteran,10141706101977,,ARJASARI,107.6357283,-7.0539878,320416,,3204162001,ARJASARI,843a9e4ff5a915bfcf37594032d1c604,"['nib:03905', 'persilpasifid:6dca0fd53112e235e053131d0b0a8b9d', 'nomor:10141706101977', 'geometry:843a9e4ff5a915bfcf37594032d1c604']",nib:03905
70B5C3FBE1C3AE0AE053141D0B0AC8C5,,Hak Milik,1111,2018,04918,Meteran,10141706103254,,ARJASARI,107.6357283,-7.0483712,320416,,3204162001,ARJASARI,f4831c678adb199568ce309a5dfb9bb4,"['nib:04918', 'persilpasifid:70b5c3fbe1c3ae0ae053141d0b0ac8c5', 'nomor:10141706103254', 'geometry:f4831c678adb199568ce309a5dfb9bb4']",nib:04918
7816C9BA33E82413E053021D0B0A71C3,,Hak Milik,1296,2018,06930,Meteran,10141706104821,,ARJASARI,107.6357283,-7.0452509,320416,,3204162001,ARJASARI,622dd93873e847dc53f72b010c6d7632,"['nib:06930', 'persilpasifid:7816c9ba33e82413e053021d0b0a71c3', 'nomor:10141706104821', 'geometry:622dd93873e847dc53f72b010c6d7632']",nib:06930
71B62A657BD618C8E053031D0B0AFAAD,,Hak Milik,226,2018,05257,Meteran,10141706102176,,ARJASARI,107.6350995,-7.0521156,320416,,3204162001,ARJASARI,a5a5db1e913a2425a48f1a16225abd8a,"['nib:05257', 'persilpasifid:71b62a657bd618c8e053031d0b0afaad', 'nomor:10141706102176', 'geometry:a5a5db1e913a2425a48f1a16225abd8a']",nib:05257
6DF32DEA116C87E1E053021D0B0A74DD,,Hak Milik,912,2018,03973,Meteran,10141706105630,,ARJASARI,107.6363572,-7.0583562,320416,,3204162001,ARJASARI,8f1fcc4116276900458ff4cce6da05bb,"['nib:03973', 'persilpasifid:6df32dea116c87e1e053021d0b0a74dd', 'nomor:10141706105630', 'geometry:8f1fcc4116276900458ff4cce6da05bb']",nib:03973
6DF38ABB774B4E2DE053031D0B0A28B4,,Hak Milik,106,2018,04077,Meteran,10141706101911,,ARJASARI,107.6363572,-7.0577322,320416,,3204162001,ARJASARI,e599f272ae1c430b5fcc90c1f67bfb32,"['nib:04077', 'persilpasifid:6df38abb774b4e2de053031d0b0a28b4', 'nomor:10141706101911', 'geometry:e599f272ae1c430b5fcc90c1f67bfb32']",nib:04077
6DF3FA40DAD24113E053141D0B0A0530,,Hak Milik,2215,2018,04122,Meteran,10141706104601,,ARJASARI,107.6363572,-7.0614765,320416,,3204162001,ARJASARI,a8e8c1d23d5a6e9103a96e4651aa99cd,"['nib:04122', 'persilpasifid:6df3fa40dad24113e053141d0b0a0530', 'nomor:10141706104601', 'geometry:a8e8c1d23d5a6e9103a96e4651aa99cd']",nib:04122
6DF32DEA116087E1E053021D0B0A74DD,,Hak Milik,774,2018,03955,Meteran,10141706104616,,ARJASARI,107.6363572,-7.0564841,320416,,3204162001,ARJASARI,0f2c92e022eda97ae43767deeac2863a,"['nib:03955', 'persilpasifid:6df32dea116087e1e053021d0b0a74dd', 'nomor:10141706104616', 'geometry:0f2c92e022eda97ae43767deeac2863a']",nib:03955
7532CB1EFDA692B1E053021D0B0AEA1F,,Hak Milik,2100,2018,06024,Meteran,10141706105860,,ARJASARI,107.6363572,-7.0589803,320416,,3204162001,ARJASARI,a7982db839d178613b7d2fdb5c3b2ce3,"['nib:06024', 'persilpasifid:7532cb1efda692b1e053021d0b0aea1f', 'nomor:10141706105860', 'geometry:a7982db839d178613b7d2fdb5c3b2ce3']",nib:06024
6DF3A7747A5027F6E053131D0B0A9EDC,,Hak Milik,603,2018,04001,Meteran,10141706105647,,ARJASARI,107.6363572,-7.0533638,320416,,3204162001,ARJASARI,716beb698d8f89d8e57f1cf20e9fe663,"['nib:04001', 'persilpasifid:6df3a7747a5027f6e053131d0b0a9edc', 'nomor:10141706105647', 'geometry:716beb698d8f89d8e57f1cf20e9fe663']",nib:04001
772A7D56F361F218E053141D0B0A11EA,,Hak Milik,166,2018,06512,Meteran,10141706106069,,ARJASARI,107.6363572,-7.0477472,320416,,3204162001,ARJASARI,c57cf284797f46b88011d0d0b7ecf859,"['nib:06512', 'persilpasifid:772a7d56f361f218e053141d0b0a11ea', 'nomor:10141706106069', 'geometry:c57cf284797f46b88011d0d0b7ecf859']",nib:06512
4239CDFF68C0EB0EE063B516140AEE4A,,Kosong,566,,,,,,ARJASARI,107.636986,-7.0670929,320416,,3204162001,ARJASARI,3c840b67c8c1d3a9ae645ab2baa151ac,"['persilpasifid:4239cdff68c0eb0ee063b516140aee4a', 'geometry:3c840b67c8c1d3a9ae645ab2baa151ac']",persilpasifid:4239cdff68c0eb0ee063b516140aee4a
710749C0D920E943E053031D0B0A96CE,,Kosong,641,,03271,,,,ARJASARI,107.636986,-7.0670929,320416,,3204162001,ARJASARI,8097729ad779dfc9957e491a8fcedc9c,"['nib:03271', 'persilpasifid:710749c0d920e943e053031d0b0a96ce', 'geometry:8097729ad779dfc9957e491a8fcedc9c']",nib:03271
7106E685401977BAE053031D0B0AAE55,,Hak Milik,2693,2018,03288,Meteran,10141703100988,,ARJASARI,107.636986,-7.067717,320416,,3204162001,ARJASARI,8f7a2e0003fafb6614ccd4c374c8aef6,"['nib:03288', 'persilpasifid:7106e685401977bae053031d0b0aae55', 'nomor:10141703100988', 'geometry:8f7a2e0003fafb6614ccd4c374c8aef6']",nib:03288
6A1BE8A5DA3ED487E053021D0B0AF838,,Hak Milik,1721,2018,03030,Meteran,10141706101581,,ARJASARI,107.636986,-7.0614765,320416,,3204162001,ARJASARI,10a1ac5dde4317109ed40574cb97657e,"['nib:03030', 'persilpasifid:6a1be8a5da3ed487e053021d0b0af838', 'nomor:10141706101581', 'geometry:10a1ac5dde4317109ed40574cb97657e']",nib:03030
6DF32DEA116187E1E053021D0B0A74DD,,Hak Milik,2823,2018,03956,Meteran,10141706105624,,ARJASARI,107.636986,-7.0596043,320416,,3204162001,ARJASARI,3c1290d18b2c34be3cc35549c897d971,"['nib:03956', 'persilpasifid:6df32dea116187e1e053021d0b0a74dd', 'nomor:10141706105624', 'geometry:3c1290d18b2c34be3cc35549c897d971']",nib:03956
0C4BDE62CD4C08C0E063B516140AC1C5,,Kosong,1592,,,,,0.5,ARJASARI,107.636986,-7.0502434,320416,,3204162001,ARJASARI,15e95c1f4f32faf8e5b9a34e1f083fd5,"['persilpasifid:0c4bde62cd4c08c0e063b516140ac1c5', 'geometry:15e95c1f4f32faf8e5b9a34e1f083fd5']",persilpasifid:0c4bde62cd4c08c0e063b516140ac1c5
772A7F0649E0BD91E053021D0B0A6F0D,,Hak Milik,207,2018,06579,Meteran,10141706104273,,ARJASARI,107.636986,-7.0489953,320416,,3204162001,ARJASARI,3c93ad458fd194b0aebcb261b118a096,"['nib:06579', 'persilpasifid:772a7f0649e0bd91e053021d0b0a6f0d', 'nomor:10141706104273', 'geometry:3c93ad458fd194b0aebcb261b118a096']",nib:06579
772A7F0649BBBD91E053021D0B0A6F0D,,Hak Milik,236,2018,06540,Meteran,10141706104299,,ARJASARI,107.636986,-7.0483712,320416,,3204162001,ARJASARI,a2e7801a4033a01baaf3fec43575aa63,"['nib:06540', 'persilpasifid:772a7f0649bbbd91e053021d0b0a6f0d', 'nomor:10141706104299', 'geometry:a2e7801a4033a01baaf3fec43575aa63']",nib:06540
7106E6853FA177BAE053031D0B0AAE55,,Hak Milik,172,2018,03159,Meteran,10141703101007,,ARJASARI,107.6376148,-7.0664689,320416,,3204162001,ARJASARI,b12ab8e225309131bf50561ce8d53371,"['nib:03159', 'persilpasifid:7106e6853fa177bae053031d0b0aae55', 'nomor:10141703101007', 'geometry:b12ab8e225309131bf50561ce8d53371']",nib:03159
7106E685400477BAE053031D0B0AAE55,,Hak Milik,842,2018,03263,Meteran,10141703101198,,ARJASARI,107.6376148,-7.067717,320416,,3204162001,ARJASARI,2796844a7a1c944ebfe1683038df2501,"['nib:03263', 'persilpasifid:7106e685400477bae053031d0b0aae55', 'nomor:10141703101198', 'geometry:2796844a7a1c944ebfe1683038df2501']",nib:03263
59a8434adc3d469ea1625978e18c1f68,,Hak Milik,1560,2011,01749,,10141706100673,,ARJASARI,107.636986,-7.0514916,320416,,3204162001,ARJASARI,07ab04c543975e1a27134e384c40ba83,"['nib:01749', 'persilpasifid:59a8434adc3d469ea1625978e18c1f68', 'nomor:10141706100673', 'geometry:07ab04c543975e1a27134e384c40ba83']",nib:01749
717B90CC04078939E053031D0B0A67C1,,Hak Milik,909,2018,05008,Meteran,10141706103796,,ARJASARI,107.636986,-7.0583562,320416,,3204162001,ARJASARI,cfe925c10e8f3dd60fe6a29a6f2dd641,"['nib:05008', 'persilpasifid:717b90cc04078939e053031d0b0a67c1', 'nomor:10141706103796', 'geometry:cfe925c10e8f3dd60fe6a29a6f2dd641']",nib:05008
76D565DF139BE7D1E053141D0B0AA6F5,,Hak Milik,559,2018,06499,Meteran,10141706106062,,ARJASARI,107.6376148,-7.0608524,320416,,3204162001,ARJASARI,917324964e6c81731675c2f61cd91247,"['nib:06499', 'persilpasifid:76d565df139be7d1e053141d0b0aa6f5', 'nomor:10141706106062', 'geometry:917324964e6c81731675c2f61cd91247']",nib:06499
772A7D56F368F218E053141D0B0A11EA,,Hak Milik,521,2018,06527,Meteran,10141706104306,,ARJASARI,107.636986,-7.0477472,320416,,3204162001,ARJASARI,9b533eb624ab4ca4ceb0e04b7b8e70e7,"['nib:06527', 'persilpasifid:772a7d56f368f218e053141d0b0a11ea', 'nomor:10141706104306', 'geometry:9b533eb624ab4ca4ceb0e04b7b8e70e7']",nib:06527
6D1651CA29DA3821E053131D0B0A103F,,Hak Milik,231,2018,03844,Meteran,10141706105654,,ARJASARI,107.6376148,-7.0602284,320416,,3204162001,ARJASARI,2f6148ed08394622211bba6e12ba1f0d,"['nib:03844', 'persilpasifid:6d1651ca29da3821e053131d0b0a103f', 'nomor:10141706105654', 'geometry:2f6148ed08394622211bba6e12ba1f0d']",nib:03844
717B90CC04018939E053031D0B0A67C1,,Hak Milik,617,2018,05002,Meteran,10141706104244,,ARJASARI,107.6376148,-7.0583562,320416,,3204162001,ARJASARI,e03d16bd58faa6236def683154a289f2,"['nib:05002', 'persilpasifid:717b90cc04018939e053031d0b0a67c1', 'nomor:10141706104244', 'geometry:e03d16bd58faa6236def683154a289f2']",nib:05002
7644966BB5572B8CE053021D0B0ABB4B,,Hak Milik,244,2018,06233,Meteran,10141706104003,,ARJASARI,107.6376148,-7.0577322,320416,,3204162001,ARJASARI,4c03b2510e1df51e91937b74a2388255,"['nib:06233', 'persilpasifid:7644966bb5572b8ce053021d0b0abb4b', 'nomor:10141706104003', 'geometry:4c03b2510e1df51e91937b74a2388255']",nib:06233
7644966BB55D2B8CE053021D0B0ABB4B,,Hak Milik,426,2018,06239,Meteran,10141706103951,,ARJASARI,107.6376148,-7.0571081,320416,,3204162001,ARJASARI,7de6d585653a6e5bc314a9f44395d1a6,"['nib:06239', 'persilpasifid:7644966bb55d2b8ce053021d0b0abb4b', 'nomor:10141706103951', 'geometry:7de6d585653a6e5bc314a9f44395d1a6']",nib:06239
717B90CC040C8939E053031D0B0A67C1,,Hak Milik,125,2018,05013,Meteran,10141706106259,,ARJASARI,107.6376148,-7.0589803,320416,,3204162001,ARJASARI,045c94afaa6c259243324774da34cec2,"['nib:05013', 'persilpasifid:717b90cc040c8939e053031d0b0a67c1', 'nomor:10141706106259', 'geometry:045c94afaa6c259243324774da34cec2']",nib:05013
717BB9BB19F58933E053031D0B0A0EC6,,Hak Milik,301,2018,05024,Meteran,10141706103857,,ARJASARI,107.6376148,-7.0596043,320416,,3204162001,ARJASARI,10bdc30cfceb974cbd4814b495f930da,"['nib:05024', 'persilpasifid:717bb9bb19f58933e053031d0b0a0ec6', 'nomor:10141706103857', 'geometry:10bdc30cfceb974cbd4814b495f930da']",nib:05024
6A1D09E2778A31BBE053141D0B0A3356,,Hak Milik,1741,2018,03051,Meteran,10141706104532,,ARJASARI,107.6382436,-7.0639727,320416,,3204162001,ARJASARI,afca2b19419a0cb06df1bb903e184199,"['nib:03051', 'persilpasifid:6a1d09e2778a31bbe053141d0b0a3356', 'nomor:10141706104532', 'geometry:afca2b19419a0cb06df1bb903e184199']",nib:03051
77EC679607F5B2C0E053141D0B0ACE69,,Hak Milik,490,2018,06824,Meteran,10141706105966,,ARJASARI,107.6376148,-7.0496194,320416,,3204162001,ARJASARI,a36e7c2cb8becbeccbeb645cd5c0e41f,"['nib:06824', 'persilpasifid:77ec679607f5b2c0e053141d0b0ace69', 'nomor:10141706105966', 'geometry:a36e7c2cb8becbeccbeb645cd5c0e41f']",nib:06824
764478A7E9088ED2E053031D0B0AEB3C,,Hak Milik,117,2018,06283,Meteran,10141706103980,,ARJASARI,107.6382436,-7.0602284,320416,,3204162001,ARJASARI,13157e6ef92a3483186731b4513adfff,"['nib:06283', 'persilpasifid:764478a7e9088ed2e053031d0b0aeb3c', 'nomor:10141706103980', 'geometry:13157e6ef92a3483186731b4513adfff']",nib:06283
7644A129E354B409E053141D0B0AC7CA,,Hak Milik,1385,2018,06287,Meteran,10141706104566,,ARJASARI,107.6382436,-7.0608524,320416,,3204162001,ARJASARI,74734f007c92d23c83ede86fbf9dbda3,"['nib:06287', 'persilpasifid:7644a129e354b409e053141d0b0ac7ca', 'nomor:10141706104566', 'geometry:74734f007c92d23c83ede86fbf9dbda3']",nib:06287
fe71623d53c24f738de8ca0a608b8696,,Hak Milik,1240,2005,01663,,10141706100621,,ARJASARI,107.6382436,-7.0608524,320416,,3204162001,ARJASARI,9aedf430c573dbd4a41ece34efc8e82f,"['nib:01663', 'persilpasifid:fe71623d53c24f738de8ca0a608b8696', 'nomor:10141706100621', 'geometry:9aedf430c573dbd4a41ece34efc8e82f']",nib:01663
7106E6853FBF77BAE053031D0B0AAE55,,Hak Milik,739,2018,03192,Meteran,10141703102347,,ARJASARI,107.6382436,-7.068341,320416,,3204162001,ARJASARI,99cfb433f798e461a872a74067af443d,"['nib:03192', 'persilpasifid:7106e6853fbf77bae053031d0b0aae55', 'nomor:10141703102347', 'geometry:99cfb433f798e461a872a74067af443d']",nib:03192
764474FEF12510EDE053131D0B0A0E98,,Hak Milik,1426,2018,06269,Meteran,10141706106290,,ARJASARI,107.6382436,-7.0596043,320416,,3204162001,ARJASARI,9bd2b35f14a8ed52a32a0391aa82937b,"['nib:06269', 'persilpasifid:764474fef12510ede053131d0b0a0e98', 'nomor:10141706106290', 'geometry:9bd2b35f14a8ed52a32a0391aa82937b']",nib:06269
7843293BF21F316CE053141D0B0AF00A,,Hak Milik,385,2018,07209,Meteran,10141706106126,,ARJASARI,107.6382436,-7.0502434,320416,,3204162001,ARJASARI,b9f3a377960fd60c4554523c0108f5e4,"['nib:07209', 'persilpasifid:7843293bf21f316ce053141d0b0af00a', 'nomor:10141706106126', 'geometry:b9f3a377960fd60c4554523c0108f5e4']",nib:07209
7845A740A361BBBBE053021D0B0AE2EC,,Hak Milik,586,2018,07300,Meteran,10141706105066,,ARJASARI,107.6382436,-7.0508675,320416,,3204162001,ARJASARI,c4af0c2c5ba8fff244c306480460c23c,"['nib:07300', 'persilpasifid:7845a740a361bbbbe053021d0b0ae2ec', 'nomor:10141706105066', 'geometry:c4af0c2c5ba8fff244c306480460c23c']",nib:07300
77EC6B2997A7AB49E053131D0B0A2B41,,Hak Milik,145,2018,06803,Meteran,10141706104653,,ARJASARI,107.6382436,-7.0477472,320416,,3204162001,ARJASARI,7985567490753e290de03c1988ce28ad,"['nib:06803', 'persilpasifid:77ec6b2997a7ab49e053131d0b0a2b41', 'nomor:10141706104653', 'geometry:7985567490753e290de03c1988ce28ad']",nib:06803
7845A740A367BBBBE053021D0B0AE2EC,,Hak Milik,673,2018,07314,Meteran,10141706106188,,ARJASARI,107.6382436,-7.0527397,320416,,3204162001,ARJASARI,0b7189c5e8bada0ec82c04feeec4b0a4,"['nib:07314', 'persilpasifid:7845a740a367bbbbe053021d0b0ae2ec', 'nomor:10141706106188', 'geometry:0b7189c5e8bada0ec82c04feeec4b0a4']",nib:07314
737716A0CE4F9B44E053141D0B0A2868,,Hak Milik,1284,2018,05219,Meteran,10141703102426,,ARJASARI,107.6388724,-7.0752054,320416,,3204162001,ARJASARI,29d1d6f676bb4b24200ea622256b6911,"['nib:05219', 'persilpasifid:737716a0ce4f9b44e053141d0b0a2868', 'nomor:10141703102426', 'geometry:29d1d6f676bb4b24200ea622256b6911']",nib:05219
7106E6853FC177BAE053031D0B0AAE55,,Hak Milik,465,2018,03194,Meteran,10141703102593,,ARJASARI,107.6388724,-7.0695891,320416,,3204162001,ARJASARI,4dbeca01de1a5b1918db5415781e9b9e,"['nib:03194', 'persilpasifid:7106e6853fc177bae053031d0b0aae55', 'nomor:10141703102593', 'geometry:4dbeca01de1a5b1918db5415781e9b9e']",nib:03194
0C4BE51164CCA7DFE063B416140ACBDA,,Kosong,1028,,,,,0.5,ARJASARI,107.6388724,-7.0695891,320416,,3204162001,ARJASARI,3404e580268e8f08e8488cc44a39bb68,"['persilpasifid:0c4be51164cca7dfe063b416140acbda', 'geometry:3404e580268e8f08e8488cc44a39bb68']",persilpasifid:0c4be51164cca7dfe063b416140acbda
77EC8B22898E5AF7E053141D0B0A9D68,,Hak Milik,299,2018,06763,Meteran,10141706105984,,ARJASARI,107.6382436,-7.046499,320416,,3204162001,ARJASARI,8ec32587783cd2a77876d92c3e9b3d81,"['nib:06763', 'persilpasifid:77ec8b22898e5af7e053141d0b0a9d68', 'nomor:10141706105984', 'geometry:8ec32587783cd2a77876d92c3e9b3d81']",nib:06763
7118A68503F3397CE053021D0B0A6860,,Hak Milik,266,2018,03339,Meteran,10141703100853,,ARJASARI,107.6388724,-7.0702131,320416,,3204162001,ARJASARI,d507ef3bd8bb76625ae33ca57d2c09d7,"['nib:03339', 'persilpasifid:7118a68503f3397ce053021d0b0a6860', 'nomor:10141703100853', 'geometry:d507ef3bd8bb76625ae33ca57d2c09d7']",nib:03339
77EC8B2289985AF7E053141D0B0A9D68,,Hak Milik,276,2018,06790,Meteran,10141706104591,,ARJASARI,107.6382436,-7.0471231,320416,,3204162001,ARJASARI,2d7c3adffef78142a557bec235ee9600,"['nib:06790', 'persilpasifid:77ec8b2289985af7e053141d0b0a9d68', 'nomor:10141706104591', 'geometry:2d7c3adffef78142a557bec235ee9600']",nib:06790
7118A68503FB397CE053021D0B0A6860,,Hak Milik,1002,2018,03347,Meteran,10141703101014,,ARJASARI,107.6388724,-7.0708372,320416,,3204162001,ARJASARI,b8df65bb5e4ab01b48984d48c7a06457,"['nib:03347', 'persilpasifid:7118a68503fb397ce053021d0b0a6860', 'nomor:10141703101014', 'geometry:b8df65bb5e4ab01b48984d48c7a06457']",nib:03347
7844193853909F2FE053021D0B0ACA2E,,Hak Milik,1443,2018,07229,Meteran,10141706106244,,ARJASARI,107.6388724,-7.046499,320416,,3204162001,ARJASARI,228f9a7a66ada3d00e7b2c0325e7deea,"['nib:07229', 'persilpasifid:7844193853909f2fe053021d0b0aca2e', 'nomor:10141706106244', 'geometry:228f9a7a66ada3d00e7b2c0325e7deea']",nib:07229
7845A740A366BBBBE053021D0B0AE2EC,,Hak Milik,180,2018,07313,,10141706106187,,ARJASARI,107.6388724,-7.046499,320416,,3204162001,ARJASARI,ee25628cf1cb3ded787ee1e776c379da,"['nib:07313', 'persilpasifid:7845a740a366bbbbe053021d0b0ae2ec', 'nomor:10141706106187', 'geometry:ee25628cf1cb3ded787ee1e776c379da']",nib:07313
0C4BE51A7CB731E9E063B516140A8A0F,,Kosong,759,,,,,0.5,ARJASARI,107.6388724,-7.0514916,320416,,3204162001,ARJASARI,00cc0a0ac00a39594a402786ad88cbcc,"['persilpasifid:0c4be51a7cb731e9e063b516140a8a0f', 'geometry:00cc0a0ac00a39594a402786ad88cbcc']",persilpasifid:0c4be51a7cb731e9e063b516140a8a0f
784728ABDD6A24DEE053131D0B0AA8C3,,Hak Milik,310,2018,07308,Meteran,10141706106185,,ARJASARI,107.6388724,-7.0527397,320416,,3204162001,ARJASARI,126dca96ce84994fa973ac847b3eeff9,"['nib:07308', 'persilpasifid:784728abdd6a24dee053131d0b0aa8c3', 'nomor:10141706106185', 'geometry:126dca96ce84994fa973ac847b3eeff9']",nib:07308
cd02ce64768a44af895ea33d1fc96c6e,,Hak Milik,1435,2017,01639,,10141706100589,,ARJASARI,107.6388724,-7.0508675,320416,,3204162001,ARJASARI,73124515303a2aac50a57c3f3ffb5fd8,"['nib:01639', 'persilpasifid:cd02ce64768a44af895ea33d1fc96c6e', 'nomor:10141706100589', 'geometry:73124515303a2aac50a57c3f3ffb5fd8']",nib:01639
737714F1DF149C75E053141D0B0A7D26,,Hak Milik,239,2018,05173,Meteran,10141703102643,,ARJASARI,107.6395013,-7.0783256,320416,,3204162001,ARJASARI,f12b3fd2f9cbeff06e267eb887257487,"['nib:05173', 'persilpasifid:737714f1df149c75e053141d0b0a7d26', 'nomor:10141703102643', 'geometry:f12b3fd2f9cbeff06e267eb887257487']",nib:05173
6B4D791CDF5AFE76E053031D0B0A0242,,Hak Milik,809,2018,03283,Meteran,10141706105411,,ARJASARI,107.6395013,-7.0695891,320416,,3204162001,ARJASARI,d8bc7635a003187232b921c5a0a60122,"['nib:03283', 'persilpasifid:6b4d791cdf5afe76e053031d0b0a0242', 'nomor:10141706105411', 'geometry:d8bc7635a003187232b921c5a0a60122']",nib:03283
0C4BC3FF7A6CA2F9E063B516140A34DC,,Kosong,676,,,,,0.5,ARJASARI,107.6395013,-7.0664689,320416,,3204162001,ARJASARI,22b6174cc1ac36c1fff8826683ba650e,"['persilpasifid:0c4bc3ff7a6ca2f9e063b516140a34dc', 'geometry:22b6174cc1ac36c1fff8826683ba650e']",persilpasifid:0c4bc3ff7a6ca2f9e063b516140a34dc
6B4D791CDF4BFE76E053031D0B0A0242,,Hak Milik,260,2018,03268,Meteran,10141706101693,,ARJASARI,107.6395013,-7.068341,320416,,3204162001,ARJASARI,59b2261f9f9baec2ca8993147b98dba1,"['nib:03268', 'persilpasifid:6b4d791cdf4bfe76e053031d0b0a0242', 'nomor:10141706101693', 'geometry:59b2261f9f9baec2ca8993147b98dba1']",nib:03268
6B4D791CDF22FE76E053031D0B0A0242,,Hak Milik,212,2018,03227,Meteran,10141706102262,,ARJASARI,107.6395013,-7.0670929,320416,,3204162001,ARJASARI,c1eacecaf41dfffca1e86795b04591b3,"['nib:03227', 'persilpasifid:6b4d791cdf22fe76e053031d0b0a0242', 'nomor:10141706102262', 'geometry:c1eacecaf41dfffca1e86795b04591b3']",nib:03227
0C4BC7812717CFBEE063B516140AB70C,,Kosong,881,,,,,0.5,ARJASARI,107.6395013,-7.0702131,320416,,3204162001,ARJASARI,ff136f342cbf8dd2031841e1bace49f8,"['persilpasifid:0c4bc7812717cfbee063b516140ab70c', 'geometry:ff136f342cbf8dd2031841e1bace49f8']",persilpasifid:0c4bc7812717cfbee063b516140ab70c
4248f8212ca243dabba68bd0eedf45e5,,Hak Milik,136,1994,01705,,10141706100640,,ARJASARI,107.6395013,-7.0527397,320416,,3204162001,ARJASARI,a5606948b6a52b311ba363e8dfedea4c,"['nib:01705', 'persilpasifid:4248f8212ca243dabba68bd0eedf45e5', 'nomor:10141706100640', 'geometry:a5606948b6a52b311ba363e8dfedea4c']",nib:01705
6B4D71323F342D0DE053021D0B0A0A0A,,Hak Milik,444,2018,03323,Meteran,10141706101828,,ARJASARI,107.6401301,-7.0708372,320416,,3204162001,ARJASARI,1fa9715c42dff5ee88da0115bc747edf,"['nib:03323', 'persilpasifid:6b4d71323f342d0de053021d0b0a0a0a', 'nomor:10141706101828', 'geometry:1fa9715c42dff5ee88da0115bc747edf']",nib:03323
6D0456B3A86C6F59E053131D0B0A7D49,,Hak Milik,1619,2018,03770,Meteran,10141706105725,,ARJASARI,107.6401301,-7.0752054,320416,,3204162001,ARJASARI,5283fe11546d7fb19c58d966871d7f23,"['nib:03770', 'persilpasifid:6d0456b3a86c6f59e053131d0b0a7d49', 'nomor:10141706105725', 'geometry:5283fe11546d7fb19c58d966871d7f23']",nib:03770
6B4D71323F312D0DE053021D0B0A0A0A,,Hak Milik,546,2018,03320,Meteran,10141706105419,,ARJASARI,107.6401301,-7.0695891,320416,,3204162001,ARJASARI,628d05478907bdd8be9c7006a656dda9,"['nib:03320', 'persilpasifid:6b4d71323f312d0de053021d0b0a0a0a', 'nomor:10141706105419', 'geometry:628d05478907bdd8be9c7006a656dda9']",nib:03320
6B4D71323F352D0DE053021D0B0A0A0A,,Hak Milik,714,2018,03324,Meteran,10141706105420,,ARJASARI,107.6401301,-7.0695891,320416,,3204162001,ARJASARI,6393e2171aba4fd50c79302320cbfd48,"['nib:03324', 'persilpasifid:6b4d71323f352d0de053021d0b0a0a0a', 'nomor:10141706105420', 'geometry:6393e2171aba4fd50c79302320cbfd48']",nib:03324
6A1BE8A5DA43D487E053021D0B0AF838,,Hak Milik,313,2018,03143,Meteran,10141706102271,,ARJASARI,107.6401301,-7.0633486,320416,,3204162001,ARJASARI,52800adf5e7e5b9cdb2431b6fa9272b7,"['nib:03143', 'persilpasifid:6a1be8a5da43d487e053021d0b0af838', 'nomor:10141706102271', 'geometry:52800adf5e7e5b9cdb2431b6fa9272b7']",nib:03143
7469EBC40395ACC7E053131D0B0ACB86,,Hak Milik,2836,2018,05469,Meteran,10141703102670,,ARJASARI,107.6401301,-7.0783256,320416,,3204162001,ARJASARI,6c3e2079b5fe73426ae3d0455d5084d0,"['nib:05469', 'persilpasifid:7469ebc40395acc7e053131d0b0acb86', 'nomor:10141703102670', 'geometry:6c3e2079b5fe73426ae3d0455d5084d0']",nib:05469
784728ABDD7324DEE053131D0B0AA8C3,,Hak Milik,1033,2018,07341,Meteran,10141706105040,,ARJASARI,107.6401301,-7.0533638,320416,,3204162001,ARJASARI,286fc7043c43132ac88e16a0c058d298,"['nib:07341', 'persilpasifid:784728abdd7324dee053131d0b0aa8c3', 'nomor:10141706105040', 'geometry:286fc7043c43132ac88e16a0c058d298']",nib:07341
784728ABDD7E24DEE053131D0B0AA8C3,,Hak Milik,1458,2018,07352,Meteran,10141706104973,,ARJASARI,107.6401301,-7.0533638,320416,,3204162001,ARJASARI,9a6be6b50d07b1a7c0ca8f71fc564cb7,"['nib:07352', 'persilpasifid:784728abdd7e24dee053131d0b0aa8c3', 'nomor:10141706104973', 'geometry:9a6be6b50d07b1a7c0ca8f71fc564cb7']",nib:07352
6D0456B3A86B6F59E053131D0B0A7D49,,Hak Milik,140,2018,03769,Meteran,10141706105169,,ARJASARI,107.6407589,-7.0752054,320416,,3204162001,ARJASARI,710ba4851fcd2d1b65c23d98d7e065c3,"['nib:03769', 'persilpasifid:6d0456b3a86b6f59e053131d0b0a7d49', 'nomor:10141706105169', 'geometry:710ba4851fcd2d1b65c23d98d7e065c3']",nib:03769
6D043E17E29E6A69E053021D0B0A554F,,Hak Milik,506,2018,03752,Meteran,10141706105720,,ARJASARI,107.6407589,-7.0745814,320416,,3204162001,ARJASARI,af3ca143a322a43007804f38e79b611d,"['nib:03752', 'persilpasifid:6d043e17e29e6a69e053021d0b0a554f', 'nomor:10141706105720', 'geometry:af3ca143a322a43007804f38e79b611d']",nib:03752
6D043E17E2A56A69E053021D0B0A554F,,Hak Milik,304,2018,03759,Meteran,10141706101868,,ARJASARI,107.6407589,-7.0739574,320416,,3204162001,ARJASARI,960edba3b1d51d41b640fde635b56941,"['nib:03759', 'persilpasifid:6d043e17e2a56a69e053021d0b0a554f', 'nomor:10141706101868', 'geometry:960edba3b1d51d41b640fde635b56941']",nib:03759
6CC200F38F6F8C06E053141D0B0AA149,,Hak Milik,2657,2018,03524,Meteran,10141706101873,,ARJASARI,107.6407589,-7.0670929,320416,,3204162001,ARJASARI,6caed0362624dd0b0b25941142ce85e0,"['nib:03524', 'persilpasifid:6cc200f38f6f8c06e053141d0b0aa149', 'nomor:10141706101873', 'geometry:6caed0362624dd0b0b25941142ce85e0']",nib:03524
70B54E32063F2776E053031D0B0AA024,,Hak Milik,775,2018,04594,Meteran,10141706102924,,ARJASARI,107.6407589,-7.0764535,320416,,3204162001,ARJASARI,63df910da0f790020085b5afd0982a3c,"['nib:04594', 'persilpasifid:70b54e32063f2776e053031d0b0aa024', 'nomor:10141706102924', 'geometry:63df910da0f790020085b5afd0982a3c']",nib:04594
746764726C2EE01BE053031D0B0AF189,,Hak Milik,587,2018,05415,Meteran,10141706102388,,ARJASARI,107.6407589,-7.0533638,320416,,3204162001,ARJASARI,16de658ad3c450f3d3667807a1857a7c,"['nib:05415', 'persilpasifid:746764726c2ee01be053031d0b0af189', 'nomor:10141706102388', 'geometry:16de658ad3c450f3d3667807a1857a7c']",nib:05415
0d384e1a6e744300bb08ddbb6ee927cb,,Hak Milik,12125,2003,01360,,10141703100132,,ARJASARI,107.6413877,-7.0858138,320416,,3204162001,ARJASARI,716e1b3bcdb3017a385680dc5111973a,"['nib:01360', 'persilpasifid:0d384e1a6e744300bb08ddbb6ee927cb', 'nomor:10141703100132', 'geometry:716e1b3bcdb3017a385680dc5111973a']",nib:01360
70B571DAFE148998E053031D0B0A342A,,Hak Milik,793,2018,04610,Meteran,10141706105302,,ARJASARI,107.6413877,-7.0777015,320416,,3204162001,ARJASARI,77270da13e68f1cb09062fd2c810cf7c,"['nib:04610', 'persilpasifid:70b571dafe148998e053031d0b0a342a', 'nomor:10141706105302', 'geometry:77270da13e68f1cb09062fd2c810cf7c']",nib:04610
70B68B0DEFDD1711E053131D0B0A0A4B,,Hak Milik,931,2018,04995,Meteran,10141706103408,,ARJASARI,107.6413877,-7.0808217,320416,,3204162001,ARJASARI,afb8f1923a6623fd7faf9561ed3cbe60,"['nib:04995', 'persilpasifid:70b68b0defdd1711e053131d0b0a0a4b', 'nomor:10141706103408', 'geometry:afb8f1923a6623fd7faf9561ed3cbe60']",nib:04995
70B571DAFE0E8998E053031D0B0A342A,,Hak Milik,999,2018,04604,Meteran,10141706103071,,ARJASARI,107.6413877,-7.0770775,320416,,3204162001,ARJASARI,dd1cfffa5d1ac5f50c1ce4737b9bcb48,"['nib:04604', 'persilpasifid:70b571dafe0e8998e053031d0b0a342a', 'nomor:10141706103071', 'geometry:dd1cfffa5d1ac5f50c1ce4737b9bcb48']",nib:04604
70B5AE7C19FDDFF6E053021D0B0A7DF1,,Hak Milik,350,2018,04707,Meteran,10141706105319,,ARJASARI,107.6413877,-7.0714612,320416,,3204162001,ARJASARI,ea95203670862ed3542884a4ddb80313,"['nib:04707', 'persilpasifid:70b5ae7c19fddff6e053021d0b0a7df1', 'nomor:10141706105319', 'geometry:ea95203670862ed3542884a4ddb80313']",nib:04707
6CC200F38F9A8C06E053141D0B0AA149,,Hak Milik,1955,2018,03567,Meteran,10141706105759,,ARJASARI,107.6413877,-7.067717,320416,,3204162001,ARJASARI,dc8824b1be119d0690afe200f31943ec,"['nib:03567', 'persilpasifid:6cc200f38f9a8c06e053141d0b0aa149', 'nomor:10141706105759', 'geometry:dc8824b1be119d0690afe200f31943ec']",nib:03567
6CC200F38F628C06E053141D0B0AA149,,Hak Milik,688,2018,03511,Meteran,10141706102253,,ARJASARI,107.6413877,-7.0664689,320416,,3204162001,ARJASARI,976d3835ce7e7c8dfd3470c3467bcc6f,"['nib:03511', 'persilpasifid:6cc200f38f628c06e053141d0b0aa149', 'nomor:10141706102253', 'geometry:976d3835ce7e7c8dfd3470c3467bcc6f']",nib:03511
953e6359b8cc45999d54c85c01f1ec76,,Hak Milik,2070,1980,,,10141703100040,,ARJASARI,107.6413877,-7.0789496,320416,,3204162001,ARJASARI,72ebf3244bdad923a0c1f1bb23702033,"['persilpasifid:953e6359b8cc45999d54c85c01f1ec76', 'nomor:10141703100040', 'geometry:72ebf3244bdad923a0c1f1bb23702033']",persilpasifid:953e6359b8cc45999d54c85c01f1ec76
70B56FCEE93C43DEE053021D0B0AF211,,Hak Milik,645,2018,04602,Meteran,10141706103079,,ARJASARI,107.6413877,-7.0764535,320416,,3204162001,ARJASARI,96fd9987fb1e559d7352b497d209f6c1,"['nib:04602', 'persilpasifid:70b56fcee93c43dee053021d0b0af211', 'nomor:10141706103079', 'geometry:96fd9987fb1e559d7352b497d209f6c1']",nib:04602
746751FEFC82E019E053031D0B0AC039,,Hak Milik,568,2018,05449,Meteran,10141706102366,,ARJASARI,107.6413877,-7.0539878,320416,,3204162001,ARJASARI,e83c577ddc7f0076c45d9679467b18a9,"['nib:05449', 'persilpasifid:746751fefc82e019e053031d0b0ac039', 'nomor:10141706102366', 'geometry:e83c577ddc7f0076c45d9679467b18a9']",nib:05449
341a174b059b4f8cb50363be4332a657,,Hak Milik,1040,2004,01378,,10141703100144,,ARJASARI,107.6420166,-7.092678,320416,,3204162001,ARJASARI,68f8bac6661f686eaf1d28088f67b6be,"['nib:01378', 'persilpasifid:341a174b059b4f8cb50363be4332a657', 'nomor:10141703100144', 'geometry:68f8bac6661f686eaf1d28088f67b6be']",nib:01378
75040CCDB9525878E053021D0B0A2DC9,,Hak Milik,1093,2018,05820,Meteran,10141706103274,,ARJASARI,107.6420166,-7.0814457,320416,,3204162001,ARJASARI,3c6f98b76a8ad58d0f1f9b56d1c12717,"['nib:05820', 'persilpasifid:75040ccdb9525878e053021d0b0a2dc9', 'nomor:10141706103274', 'geometry:3c6f98b76a8ad58d0f1f9b56d1c12717']",nib:05820
70B65BF88023AE4AE053141D0B0AB725,,Hak Milik,616,2018,04988,Meteran,10141706103234,,ARJASARI,107.6420166,-7.0808217,320416,,3204162001,ARJASARI,5bfa828362ce253480238ad5a1afc1cb,"['nib:04988', 'persilpasifid:70b65bf88023ae4ae053141d0b0ab725', 'nomor:10141706103234', 'geometry:5bfa828362ce253480238ad5a1afc1cb']",nib:04988
70B56FCEE94843DEE053021D0B0AF211,,Hak Milik,668,2018,04635,Meteran,10141706105301,,ARJASARI,107.6420166,-7.0789496,320416,,3204162001,ARJASARI,1ced5784959492e574ace73102747035,"['nib:04635', 'persilpasifid:70b56fcee94843dee053021d0b0af211', 'nomor:10141706105301', 'geometry:1ced5784959492e574ace73102747035']",nib:04635
70B571DAFE198998E053031D0B0A342A,,Hak Milik,1115,2018,04615,Meteran,10141706105303,,ARJASARI,107.6420166,-7.0777015,320416,,3204162001,ARJASARI,1d23ecaf6629b0e3e9523ff914fe5c43,"['nib:04615', 'persilpasifid:70b571dafe198998e053031d0b0a342a', 'nomor:10141706105303', 'geometry:1d23ecaf6629b0e3e9523ff914fe5c43']",nib:04615
70B56FCEE94443DEE053021D0B0AF211,,Hak Wakaf,1281,2023,04629,,10141706800095,,ARJASARI,107.6420166,-7.0764535,320416,,3204162001,ARJASARI,3f15729d942694104d46f8abddcd94e9,"['nib:04629', 'persilpasifid:70b56fcee94443dee053021d0b0af211', 'nomor:10141706800095', 'geometry:3f15729d942694104d46f8abddcd94e9']",nib:04629
7504934E35051828E053021D0B0A006C,,Hak Milik,480,2018,05832,Meteran,10141706103244,,ARJASARI,107.6420166,-7.0820697,320416,,3204162001,ARJASARI,c4b24ce47d45611dc6b165b7e8324aeb,"['nib:05832', 'persilpasifid:7504934e35051828e053021d0b0a006c', 'nomor:10141706103244', 'geometry:c4b24ce47d45611dc6b165b7e8324aeb']",nib:05832
70B571DAFE168998E053031D0B0A342A,,Hak Milik,1065,2018,04612,Meteran,10141706105305,,ARJASARI,107.6420166,-7.0770775,320416,,3204162001,ARJASARI,9b312d4b17985bfb1a3f4913d1d498c6,"['nib:04612', 'persilpasifid:70b571dafe168998e053031d0b0a342a', 'nomor:10141706105305', 'geometry:9b312d4b17985bfb1a3f4913d1d498c6']",nib:04612
70B4EC2BB7C37B2FE053131D0B0A1D09,,Hak Milik,476,2018,04687,Meteran,10141706103128,,ARJASARI,107.6420166,-7.0733333,320416,,3204162001,ARJASARI,ddbd58630ff3442cecc94e7e902eb776,"['nib:04687', 'persilpasifid:70b4ec2bb7c37b2fe053131d0b0a1d09', 'nomor:10141706103128', 'geometry:ddbd58630ff3442cecc94e7e902eb776']",nib:04687
10C8016558CE034FE063B416140AD73E,,Hak Milik,750,2024,,,10141706107255,,ARJASARI,107.6420166,-7.0720852,320416,,3204162001,ARJASARI,3a5cbdc8e821f53a7d9cd31fc1163ad4,"['persilpasifid:10c8016558ce034fe063b416140ad73e', 'nomor:10141706107255', 'geometry:3a5cbdc8e821f53a7d9cd31fc1163ad4']",persilpasifid:10c8016558ce034fe063b416140ad73e
7467671145171AF1E053031D0B0A9139,,Hak Milik,2285,2018,05452,Meteran,10141706105956,,ARJASARI,107.6420166,-7.0546119,320416,,3204162001,ARJASARI,c339f4df8828d594948239f5ca39393f,"['nib:05452', 'persilpasifid:7467671145171af1e053031d0b0a9139', 'nomor:10141706105956', 'geometry:c339f4df8828d594948239f5ca39393f']",nib:05452
692BC177F3AE4739E053031D0B0AB5B4,,Hak Milik,239,2018,02757,Meteran,10141706101448,,ARJASARI,107.6420166,-7.0502434,320416,,3204162001,ARJASARI,fe6a746bf8df621555e058a9b30e4854,"['nib:02757', 'persilpasifid:692bc177f3ae4739e053031d0b0ab5b4', 'nomor:10141706101448', 'geometry:fe6a746bf8df621555e058a9b30e4854']",nib:02757
74676711451C1AF1E053031D0B0A9139,,Hak Milik,1474,2018,05458,Meteran,10141706102402,,ARJASARI,107.6420166,-7.05586,320416,,3204162001,ARJASARI,9dfa0a0821386eb9020890b7c96d4fcc,"['nib:05458', 'persilpasifid:74676711451c1af1e053031d0b0a9139', 'nomor:10141706102402', 'geometry:9dfa0a0821386eb9020890b7c96d4fcc']",nib:05458
692C434604603F4EE053141D0B0A2F8F,,Hak Milik,1424,2018,02768,Meteran,10141706105514,,ARJASARI,107.6420166,-7.0508675,320416,,3204162001,ARJASARI,a0ccb894e3ed9951cb54bc96e675b00c,"['nib:02768', 'persilpasifid:692c434604603f4ee053141d0b0a2f8f', 'nomor:10141706105514', 'geometry:a0ccb894e3ed9951cb54bc96e675b00c']",nib:02768
6B617414B9734AD6E053131D0B0AD83E,,Hak Milik,775,2018,03458,Meteran,10141706104380,,ARJASARI,107.6426454,-7.0895579,320416,,3204162001,ARJASARI,595aef42b503af7722795759ac5fd516,"['nib:03458', 'persilpasifid:6b617414b9734ad6e053131d0b0ad83e', 'nomor:10141706104380', 'geometry:595aef42b503af7722795759ac5fd516']",nib:03458
6B617414B95F4AD6E053131D0B0AD83E,,Hak Milik,1011,2018,03423,Meteran,10141706102560,,ARJASARI,107.6426454,-7.092054,320416,,3204162001,ARJASARI,e277f1dae986fcfdc14c7201f3a580c6,"['nib:03423', 'persilpasifid:6b617414b95f4ad6e053131d0b0ad83e', 'nomor:10141706102560', 'geometry:e277f1dae986fcfdc14c7201f3a580c6']",nib:03423
70282C80294A4FFFE053131D0B0AB356,,Hak Milik,600,2018,04395,Meteran,10141706102981,,ARJASARI,107.6426454,-7.0808217,320416,,3204162001,ARJASARI,fe8f77acfd13bc835400ac2671b2a54e,"['nib:04395', 'persilpasifid:70282c80294a4fffe053131d0b0ab356', 'nomor:10141706102981', 'geometry:fe8f77acfd13bc835400ac2671b2a54e']",nib:04395
70B56FCEE94143DEE053021D0B0AF211,,Hak Milik,713,2018,04626,Meteran,10141706103087,,ARJASARI,107.6426454,-7.0764535,320416,,3204162001,ARJASARI,fcd322fcdde87b1a35463b9819558dc8,"['nib:04626', 'persilpasifid:70b56fcee94143dee053021d0b0af211', 'nomor:10141706103087', 'geometry:fcd322fcdde87b1a35463b9819558dc8']",nib:04626
70B483D8B0A807D1E053031D0B0AA589,,Hak Milik,892,2018,04690,Meteran,10141706103127,,ARJASARI,107.6426454,-7.0727093,320416,,3204162001,ARJASARI,c740bba23a0f4760485cdf27d8703800,"['nib:04690', 'persilpasifid:70b483d8b0a807d1e053031d0b0aa589', 'nomor:10141706103127', 'geometry:c740bba23a0f4760485cdf27d8703800']",nib:04690
70B638A0B43B170BE053131D0B0A926A,,Hak Milik,855,2018,04837,Meteran,10141706103301,,ARJASARI,107.6426454,-7.0708372,320416,,3204162001,ARJASARI,e4075499940e220713e8c5fd9707cf8d,"['nib:04837', 'persilpasifid:70b638a0b43b170be053131d0b0a926a', 'nomor:10141706103301', 'geometry:e4075499940e220713e8c5fd9707cf8d']",nib:04837
70B5C76C3573AE19E053141D0B0A6356,,Hak Milik,765,2018,04846,Meteran,10141706103327,,ARJASARI,107.6426454,-7.0695891,320416,,3204162001,ARJASARI,ec90f009d71a33dc8534f92de37b85ae,"['nib:04846', 'persilpasifid:70b5c76c3573ae19e053141d0b0a6356', 'nomor:10141706103327', 'geometry:ec90f009d71a33dc8534f92de37b85ae']",nib:04846
70B638A0B42C170BE053131D0B0A926A,,Hak Milik,1093,2018,04816,Meteran,10141706105326,,ARJASARI,107.6426454,-7.067717,320416,,3204162001,ARJASARI,a6f37a184cdc72861c568ccb6230bf87,"['nib:04816', 'persilpasifid:70b638a0b42c170be053131d0b0a926a', 'nomor:10141706105326', 'geometry:a6f37a184cdc72861c568ccb6230bf87']",nib:04816
70B571DAFE328998E053031D0B0A342A,,Hak Milik,1006,2018,04669,Meteran,10141706105306,,ARJASARI,107.6426454,-7.0739574,320416,,3204162001,ARJASARI,b8a3703d971cfe678577ee6bf050668c,"['nib:04669', 'persilpasifid:70b571dafe328998e053031d0b0a342a', 'nomor:10141706105306', 'geometry:b8a3703d971cfe678577ee6bf050668c']",nib:04669
70B571DAFE278998E053031D0B0A342A,,Hak Milik,494,2018,04655,Meteran,10141706103103,,ARJASARI,107.6426454,-7.0745814,320416,,3204162001,ARJASARI,822f0a6c3cd39bc0dd5e573dd56cd593,"['nib:04655', 'persilpasifid:70b571dafe278998e053031d0b0a342a', 'nomor:10141706103103', 'geometry:822f0a6c3cd39bc0dd5e573dd56cd593']",nib:04655
70B5C76C3571AE19E053141D0B0A6356,,Hak Milik,420,2018,04832,Meteran,10141706103295,,ARJASARI,107.6426454,-7.0714612,320416,,3204162001,ARJASARI,f1d37c1005d76d8e2abbef913a110287,"['nib:04832', 'persilpasifid:70b5c76c3571ae19e053141d0b0a6356', 'nomor:10141706103295', 'geometry:f1d37c1005d76d8e2abbef913a110287']",nib:04832
6CC200F38F4B8C06E053141D0B0AA149,,Hak Milik,1157,2018,03487,Meteran,10141706105777,,ARJASARI,107.6426454,-7.0652208,320416,,3204162001,ARJASARI,eca84f0a4a4c7334a0ae07e53ce26de5,"['nib:03487', 'persilpasifid:6cc200f38f4b8c06e053141d0b0aa149', 'nomor:10141706105777', 'geometry:eca84f0a4a4c7334a0ae07e53ce26de5']",nib:03487
7841F23619FFC413E053021D0B0AB4D1,,Hak Milik,1498,2018,07180,Meteran,10141706105086,,ARJASARI,107.6426454,-7.0477472,320416,,3204162001,ARJASARI,bb8e16447e5c5bb2a6b7d5818e867a98,"['nib:07180', 'persilpasifid:7841f23619ffc413e053021d0b0ab4d1', 'nomor:10141706105086', 'geometry:bb8e16447e5c5bb2a6b7d5818e867a98']",nib:07180
7841DE9A8BA7C258E053021D0B0AC6DD,,Hak Milik,1997,2018,07135,Meteran,10141706105099,,ARJASARI,107.6426454,-7.0452509,320416,,3204162001,ARJASARI,fdf7e66f5c33c3852d1a9f3ea402fa6d,"['nib:07135', 'persilpasifid:7841de9a8ba7c258e053021d0b0ac6dd', 'nomor:10141706105099', 'geometry:fdf7e66f5c33c3852d1a9f3ea402fa6d']",nib:07135
6B617414B9654AD6E053131D0B0AD83E,,Hak Milik,981,2018,03432,Meteran,10141706102569,,ARJASARI,107.6432742,-7.09143,320416,,3204162001,ARJASARI,a4fbda8e6ed163ba70ea9107002eda43,"['nib:03432', 'persilpasifid:6b617414b9654ad6e053131d0b0ad83e', 'nomor:10141706102569', 'geometry:a4fbda8e6ed163ba70ea9107002eda43']",nib:03432
6B616A16014D2B77E053031D0B0A17D5,,Hak Milik,1023,2018,03460,Meteran,10141706102595,,ARJASARI,107.6432742,-7.0895579,320416,,3204162001,ARJASARI,da9dfd9b91d3e1f4b9be49769ce5866c,"['nib:03460', 'persilpasifid:6b616a16014d2b77e053031d0b0a17d5', 'nomor:10141706102595', 'geometry:da9dfd9b91d3e1f4b9be49769ce5866c']",nib:03460
6B617414B9754AD6E053131D0B0AD83E,,Hak Milik,1082,2018,03468,Meteran,10141706105280,,ARJASARI,107.6432742,-7.0889339,320416,,3204162001,ARJASARI,f9ebe1f46f9971659bebbcb5341c45c3,"['nib:03468', 'persilpasifid:6b617414b9754ad6e053131d0b0ad83e', 'nomor:10141706105280', 'geometry:f9ebe1f46f9971659bebbcb5341c45c3']",nib:03468
70B638A0B42F170BE053131D0B0A926A,,Hak Milik,942,2018,04821,Meteran,10141706103338,,ARJASARI,107.6426454,-7.0670929,320416,,3204162001,ARJASARI,e029418b2cd17539a315ba6013526060,"['nib:04821', 'persilpasifid:70b638a0b42f170be053131d0b0a926a', 'nomor:10141706103338', 'geometry:e029418b2cd17539a315ba6013526060']",nib:04821
702830775E38D750E053031D0B0A0352,,Hak Milik,720,2018,04406,Meteran,10141706102988,,ARJASARI,107.6432742,-7.0801976,320416,,3204162001,ARJASARI,d1ec79ae0fc26a2cbefa6bc9dd6970aa,"['nib:04406', 'persilpasifid:702830775e38d750e053031d0b0a0352', 'nomor:10141706102988', 'geometry:d1ec79ae0fc26a2cbefa6bc9dd6970aa']",nib:04406
70282E0A91467788E053031D0B0AD750,,Hak Milik,1009,2018,04293,Meteran,10141706102844,,ARJASARI,107.6432742,-7.0833178,320416,,3204162001,ARJASARI,b7fefdb69f516b1235543eb293954d62,"['nib:04293', 'persilpasifid:70282e0a91467788e053031d0b0ad750', 'nomor:10141706102844', 'geometry:b7fefdb69f516b1235543eb293954d62']",nib:04293
70252B049CC6D345E053031D0B0A818C,,Hak Milik,1093,2018,04222,Meteran,10141706102751,,ARJASARI,107.6432742,-7.0858138,320416,,3204162001,ARJASARI,ea9e60672d83bb9f61e35e592c68db6f,"['nib:04222', 'persilpasifid:70252b049cc6d345e053031d0b0a818c', 'nomor:10141706102751', 'geometry:ea9e60672d83bb9f61e35e592c68db6f']",nib:04222
70282E0A917B7788E053031D0B0AD750,,Hak Milik,733,2018,04392,Meteran,10141706102979,,ARJASARI,107.6432742,-7.0808217,320416,,3204162001,ARJASARI,f759f92b4bd3509f6d0b86f03a32c743,"['nib:04392', 'persilpasifid:70282e0a917b7788e053031d0b0ad750', 'nomor:10141706102979', 'geometry:f759f92b4bd3509f6d0b86f03a32c743']",nib:04392
70B483D8B0B107D1E053031D0B0AA589,,Hak Milik,911,2018,04742,Meteran,10141706103182,,ARJASARI,107.6432742,-7.0714612,320416,,3204162001,ARJASARI,c03514b83306713e272f6833868fe0bb,"['nib:04742', 'persilpasifid:70b483d8b0b107d1e053031d0b0aa589', 'nomor:10141706103182', 'geometry:c03514b83306713e272f6833868fe0bb']",nib:04742
70B483D8B0B407D1E053031D0B0AA589,,Hak Milik,789,2018,04748,Meteran,10141706105343,,ARJASARI,107.6432742,-7.0720852,320416,,3204162001,ARJASARI,49df14009d56a0261e589b5f6b611eaa,"['nib:04748', 'persilpasifid:70b483d8b0b407d1e053031d0b0aa589', 'nomor:10141706105343', 'geometry:49df14009d56a0261e589b5f6b611eaa']",nib:04748
70B561BAE3321F0AE053141D0B0AB34E,,Hak Wakaf,769,2023,04758,,10141706800087,,ARJASARI,107.6432742,-7.0702131,320416,,3204162001,ARJASARI,aad666ef7aaa50ffc9eb50d58e88cd23,"['nib:04758', 'persilpasifid:70b561bae3321f0ae053141d0b0ab34e', 'nomor:10141706800087', 'geometry:aad666ef7aaa50ffc9eb50d58e88cd23']",nib:04758
70B638A0B451170BE053131D0B0A926A,,Hak Milik,635,2018,04889,Meteran,10141706105334,,ARJASARI,107.6432742,-7.0689651,320416,,3204162001,ARJASARI,458b67c351ccb25e5ad7fb8652a9481a,"['nib:04889', 'persilpasifid:70b638a0b451170be053131d0b0a926a', 'nomor:10141706105334', 'geometry:458b67c351ccb25e5ad7fb8652a9481a']",nib:04889
70B62F0A897B6B6BE053031D0B0A7903,,Hak Milik,547,2018,04885,,10141706103356,,ARJASARI,107.6432742,-7.068341,320416,,3204162001,ARJASARI,768c43f041d74b81ad1557a4991762ae,"['nib:04885', 'persilpasifid:70b62f0a897b6b6be053031d0b0a7903', 'nomor:10141706103356', 'geometry:768c43f041d74b81ad1557a4991762ae']",nib:04885
70B62F0A89706B6BE053031D0B0A7903,,Hak Milik,954,2018,04815,Meteran,10141706103351,,ARJASARI,107.6432742,-7.067717,320416,,3204162001,ARJASARI,c8151ec935f681938ddf765dfd3b9433,"['nib:04815', 'persilpasifid:70b62f0a89706b6be053031d0b0a7903', 'nomor:10141706103351', 'geometry:c8151ec935f681938ddf765dfd3b9433']",nib:04815
70B62F0A897E6B6BE053031D0B0A7903,,Hak Milik,1076,2018,04916,Meteran,10141706103350,,ARJASARI,107.6432742,-7.067717,320416,,3204162001,ARJASARI,201b917cdce74312079450290f1ff870,"['nib:04916', 'persilpasifid:70b62f0a897e6b6be053031d0b0a7903', 'nomor:10141706103350', 'geometry:201b917cdce74312079450290f1ff870']",nib:04916
70B5E93321EC1737E053131D0B0A88B1,,Hak Milik,829,2018,04871,Meteran,10141706103363,,ARJASARI,107.6432742,-7.0695891,320416,,3204162001,ARJASARI,9b3ec0752424bc4c4b197576d70a9a45,"['nib:04871', 'persilpasifid:70b5e93321ec1737e053131d0b0a88b1', 'nomor:10141706103363', 'geometry:9b3ec0752424bc4c4b197576d70a9a45']",nib:04871
70B638A0B457170BE053131D0B0A926A,,Hak Milik,801,2018,04895,Meteran,10141706103364,,ARJASARI,107.6432742,-7.0695891,320416,,3204162001,ARJASARI,3a02e3ee1153eba68149e1b949bc8a84,"['nib:04895', 'persilpasifid:70b638a0b457170be053131d0b0a926a', 'nomor:10141706103364', 'geometry:3a02e3ee1153eba68149e1b949bc8a84']",nib:04895
7024BFE52C269E11E053021D0B0A2F0E,,Hak Milik,920,2018,04181,Meteran,10141706102633,,ARJASARI,107.6432742,-7.0864379,320416,,3204162001,ARJASARI,488515e3369c06b05cb862ccf035bd47,"['nib:04181', 'persilpasifid:7024bfe52c269e11e053021d0b0a2f0e', 'nomor:10141706102633', 'geometry:488515e3369c06b05cb862ccf035bd47']",nib:04181
7027566C3F7E1BB3E053021D0B0A5E8B,,Hak Milik,986,2018,04342,Meteran,10141706102886,,ARJASARI,107.6432742,-7.0820697,320416,,3204162001,ARJASARI,927a20273b2fc7a4fc71b2f7d37740a1,"['nib:04342', 'persilpasifid:7027566c3f7e1bb3e053021d0b0a5e8b', 'nomor:10141706102886', 'geometry:927a20273b2fc7a4fc71b2f7d37740a1']",nib:04342
70B638A0B42E170BE053131D0B0A926A,,Hak Milik,1161,2018,04820,Meteran,10141706105329,,ARJASARI,107.6432742,-7.0670929,320416,,3204162001,ARJASARI,cf92814e0c7a5d6845f4ff3d63237ff7,"['nib:04820', 'persilpasifid:70b638a0b42e170be053131d0b0a926a', 'nomor:10141706105329', 'geometry:cf92814e0c7a5d6845f4ff3d63237ff7']",nib:04820
7467671145341AF1E053031D0B0A9139,,Hak Milik,178,2018,05487,Meteran,10141706102370,,ARJASARI,107.6432742,-7.0546119,320416,,3204162001,ARJASARI,24f2aaa52d54fd2df49c43b58d744fae,"['nib:05487', 'persilpasifid:7467671145341af1e053031d0b0a9139', 'nomor:10141706102370', 'geometry:24f2aaa52d54fd2df49c43b58d744fae']",nib:05487
692C434604723F4EE053141D0B0A2F8F,,Hak Milik,466,2018,02787,Meteran,10141706105188,,ARJASARI,107.6432742,-7.0521156,320416,,3204162001,ARJASARI,3d2b98878748946eecb2dafeef331890,"['nib:02787', 'persilpasifid:692c434604723f4ee053141d0b0a2f8f', 'nomor:10141706105188', 'geometry:3d2b98878748946eecb2dafeef331890']",nib:02787
7467671145221AF1E053031D0B0A9139,,Hak Milik,966,2018,05464,Meteran,10141706102485,,ARJASARI,107.6432742,-7.0552359,320416,,3204162001,ARJASARI,a00633c720ca0c0da8a2a5fa5f1c9c39,"['nib:05464', 'persilpasifid:7467671145221af1e053031d0b0a9139', 'nomor:10141706102485', 'geometry:a00633c720ca0c0da8a2a5fa5f1c9c39']",nib:05464
7841DE9A8BA8C258E053021D0B0AC6DD,,Hak Milik,2318,2018,07136,Meteran,10141706105085,,ARJASARI,107.6432742,-7.0452509,320416,,3204162001,ARJASARI,41d9bc39b1358a387752fd7bc793cc59,"['nib:07136', 'persilpasifid:7841de9a8ba8c258e053021d0b0ac6dd', 'nomor:10141706105085', 'geometry:41d9bc39b1358a387752fd7bc793cc59']",nib:07136
702528DD4E4FD349E053031D0B0A8302,,Hak Milik,1058,2018,04153,Meteran,10141706105289,,ARJASARI,107.643903,-7.0876859,320416,,3204162001,ARJASARI,1e458fb3446e030cf7e5684f98d3eab8,"['nib:04153', 'persilpasifid:702528dd4e4fd349e053031d0b0a8302', 'nomor:10141706105289', 'geometry:1e458fb3446e030cf7e5684f98d3eab8']",nib:04153
70252B049CD5D345E053031D0B0A818C,,Hak Milik,1022,2018,04233,Meteran,10141706102786,,ARJASARI,107.643903,-7.0851898,320416,,3204162001,ARJASARI,0198f11319114d6008cb23de05cfc196,"['nib:04233', 'persilpasifid:70252b049cd5d345e053031d0b0a818c', 'nomor:10141706102786', 'geometry:0198f11319114d6008cb23de05cfc196']",nib:04233
6B616A1601562B77E053031D0B0A17D5,,Hak Milik,1099,2018,03470,Meteran,10141706102602,,ARJASARI,107.643903,-7.0889339,320416,,3204162001,ARJASARI,4c2d47d82c00a7787b07bd8699fcc907,"['nib:03470', 'persilpasifid:6b616a1601562b77e053031d0b0a17d5', 'nomor:10141706102602', 'geometry:4c2d47d82c00a7787b07bd8699fcc907']",nib:03470
7024BFE52C2F9E11E053021D0B0A2F0E,,Hak Milik,1134,2018,04193,Meteran,10141706106296,,ARJASARI,107.643903,-7.0858138,320416,,3204162001,ARJASARI,49a69adc7a84e460be6cb61665653587,"['nib:04193', 'persilpasifid:7024bfe52c2f9e11e053021d0b0a2f0e', 'nomor:10141706106296', 'geometry:49a69adc7a84e460be6cb61665653587']",nib:04193
70282E0A91667788E053031D0B0AD750,,Hak Milik,1032,2018,04371,Meteran,10141706102911,,ARJASARI,107.643903,-7.0808217,320416,,3204162001,ARJASARI,290c1079093c062a8173a42e8a2dbe5d,"['nib:04371', 'persilpasifid:70282e0a91667788e053031d0b0ad750', 'nomor:10141706102911', 'geometry:290c1079093c062a8173a42e8a2dbe5d']",nib:04371
70252B014E50049DE053131D0B0AF4FA,,Hak Milik,1069,2018,04236,Meteran,10141706106271,,ARJASARI,107.643903,-7.0845658,320416,,3204162001,ARJASARI,adeac391d40e0286e12808303416de43,"['nib:04236', 'persilpasifid:70252b014e50049de053131d0b0af4fa', 'nomor:10141706106271', 'geometry:adeac391d40e0286e12808303416de43']",nib:04236
70252B049CD6D345E053031D0B0A818C,,Hak Milik,1092,2018,04238,Meteran,10141706102789,,ARJASARI,107.643903,-7.0845658,320416,,3204162001,ARJASARI,fe35c797a6c8b88aa0df45e49a3803c8,"['nib:04238', 'persilpasifid:70252b049cd6d345e053031d0b0a818c', 'nomor:10141706102789', 'geometry:fe35c797a6c8b88aa0df45e49a3803c8']",nib:04238
702833FD1694412AE053031D0B0A01A7,,Hak Milik,1093,2018,04320,Meteran,10141706102871,,ARJASARI,107.643903,-7.0820697,320416,,3204162001,ARJASARI,b3b8ef2405b23a65bd91d4e5fa5b9d16,"['nib:04320', 'persilpasifid:702833fd1694412ae053031d0b0a01a7', 'nomor:10141706102871', 'geometry:b3b8ef2405b23a65bd91d4e5fa5b9d16']",nib:04320
702833FD168D412AE053031D0B0A01A7,,Hak Milik,1054,2018,04297,Meteran,10141706102848,,ARJASARI,107.643903,-7.0833178,320416,,3204162001,ARJASARI,6bbf618db6668993745867b40a1d2f40,"['nib:04297', 'persilpasifid:702833fd168d412ae053031d0b0a01a7', 'nomor:10141706102848', 'geometry:6bbf618db6668993745867b40a1d2f40']",nib:04297
702833FD1691412AE053031D0B0A01A7,,Hak Milik,1003,2018,04308,Meteran,10141706102859,,ARJASARI,107.643903,-7.0826937,320416,,3204162001,ARJASARI,f2bde1e24d2d9d2bc4ad30ece1d1dd5d,"['nib:04308', 'persilpasifid:702833fd1691412ae053031d0b0a01a7', 'nomor:10141706102859', 'geometry:f2bde1e24d2d9d2bc4ad30ece1d1dd5d']",nib:04308
7029D4E92DE8C10CE053141D0B0A4F42,,Hak Milik,725,2018,04571,Meteran,10141706102951,,ARJASARI,107.643903,-7.0783256,320416,,3204162001,ARJASARI,d5dff144d19e49c0a216f3ad963f375e,"['nib:04571', 'persilpasifid:7029d4e92de8c10ce053141d0b0a4f42', 'nomor:10141706102951', 'geometry:d5dff144d19e49c0a216f3ad963f375e']",nib:04571
70282C80297F4FFFE053131D0B0AB356,,Hak Milik,456,2018,04419,Meteran,10141706105553,,ARJASARI,107.643903,-7.0795736,320416,,3204162001,ARJASARI,9e4ac039588a86f04717c7fca151685d,"['nib:04419', 'persilpasifid:70282c80297f4fffe053131d0b0ab356', 'nomor:10141706105553', 'geometry:9e4ac039588a86f04717c7fca151685d']",nib:04419
7029879C5F1CDED6E053031D0B0A1F59,,Hak Milik,579,2018,04441,Meteran,10141706102675,,ARJASARI,107.643903,-7.0789496,320416,,3204162001,ARJASARI,d893adb3ed35c462361b24e969f3954c,"['nib:04441', 'persilpasifid:7029879c5f1cded6e053031d0b0a1f59', 'nomor:10141706102675', 'geometry:d893adb3ed35c462361b24e969f3954c']",nib:04441
70252B049C9FD345E053031D0B0A818C,,Hak Milik,800,2018,04156,Meteran,10141706102612,,ARJASARI,107.643903,-7.0870619,320416,,3204162001,ARJASARI,33c53a1664a8029bd76171d8c1936326,"['nib:04156', 'persilpasifid:70252b049c9fd345e053031d0b0a818c', 'nomor:10141706102612', 'geometry:33c53a1664a8029bd76171d8c1936326']",nib:04156
70252B049CD8D345E053031D0B0A818C,,Hak Milik,1287,2018,04241,Meteran,10141706102792,,ARJASARI,107.643903,-7.0839418,320416,,3204162001,ARJASARI,71c69d85fff47bcef0831b1e7ea52416,"['nib:04241', 'persilpasifid:70252b049cd8d345e053031d0b0a818c', 'nomor:10141706102792', 'geometry:71c69d85fff47bcef0831b1e7ea52416']",nib:04241
6B617414B9704AD6E053131D0B0AD83E,,Hak Milik,1103,2018,03454,Meteran,10141706102590,,ARJASARI,107.643903,-7.0895579,320416,,3204162001,ARJASARI,b27bc87aefa60ff6a6284d14d086a7ca,"['nib:03454', 'persilpasifid:6b617414b9704ad6e053131d0b0ad83e', 'nomor:10141706102590', 'geometry:b27bc87aefa60ff6a6284d14d086a7ca']",nib:03454
70252B049CAFD345E053031D0B0A818C,,Hak Milik,1085,2018,04189,Meteran,10141706102641,,ARJASARI,107.643903,-7.0864379,320416,,3204162001,ARJASARI,b324045e2f230329267732c610a8081c,"['nib:04189', 'persilpasifid:70252b049cafd345e053031d0b0a818c', 'nomor:10141706102641', 'geometry:b324045e2f230329267732c610a8081c']",nib:04189
7028432207C8884DE053021D0B0A31E4,,Hak Milik,1021,2018,04381,Meteran,10141706102970,,ARJASARI,107.643903,-7.0801976,320416,,3204162001,ARJASARI,70e38faf434ff7ce853f182db95320b1,"['nib:04381', 'persilpasifid:7028432207c8884de053021d0b0a31e4', 'nomor:10141706102970', 'geometry:70e38faf434ff7ce853f182db95320b1']",nib:04381
70B4EC2BB7C77B2FE053131D0B0A1D09,,Hak Milik,727,2018,04737,Meteran,10141706103175,,ARJASARI,107.643903,-7.0714612,320416,,3204162001,ARJASARI,6011ed8ecc537a06a01e25a9ca833765,"['nib:04737', 'persilpasifid:70b4ec2bb7c77b2fe053131d0b0a1d09', 'nomor:10141706103175', 'geometry:6011ed8ecc537a06a01e25a9ca833765']",nib:04737
70B561BAE3231F0AE053141D0B0AB34E,,Hak Milik,708,2018,04675,Meteran,10141706105346,,ARJASARI,107.643903,-7.0727093,320416,,3204162001,ARJASARI,28ab92d485f8740a070a328ece6b582c,"['nib:04675', 'persilpasifid:70b561bae3231f0ae053141d0b0ab34e', 'nomor:10141706105346', 'geometry:28ab92d485f8740a070a328ece6b582c']",nib:04675
70B4EC2BB7CA7B2FE053131D0B0A1D09,,Hak Milik,982,2018,04753,Meteran,10141706103189,,ARJASARI,107.643903,-7.0720852,320416,,3204162001,ARJASARI,c6a3ccd2333b160bf726fbf256a1ac12,"['nib:04753', 'persilpasifid:70b4ec2bb7ca7b2fe053131d0b0a1d09', 'nomor:10141706103189', 'geometry:c6a3ccd2333b160bf726fbf256a1ac12']",nib:04753
70B5CFECD6C66B57E053031D0B0A56C1,,Hak Wakaf,1050,2023,04865,,10141706800130,,ARJASARI,107.643903,-7.0689651,320416,,3204162001,ARJASARI,6fd0234bb83d0dc06781dcc5aa38cadf,"['nib:04865', 'persilpasifid:70b5cfecd6c66b57e053031d0b0a56c1', 'nomor:10141706800130', 'geometry:6fd0234bb83d0dc06781dcc5aa38cadf']",nib:04865
70B4EC2BB7D37B2FE053131D0B0A1D09,,Hak Wakaf,884,2023,04801,,10141706800137,,ARJASARI,107.643903,-7.0708372,320416,,3204162001,ARJASARI,f83ddb12afc24fffa9d63112d3c6a876,"['nib:04801', 'persilpasifid:70b4ec2bb7d37b2fe053131d0b0a1d09', 'nomor:10141706800137', 'geometry:f83ddb12afc24fffa9d63112d3c6a876']",nib:04801
70B5614CCB6F13A5E053131D0B0AFDC2,,Hak Wakaf,1017,2023,04776,,10141706800073,,ARJASARI,107.643903,-7.0702131,320416,,3204162001,ARJASARI,bacfac8c17879ca8eb571056d31808c7,"['nib:04776', 'persilpasifid:70b5614ccb6f13a5e053131d0b0afdc2', 'nomor:10141706800073', 'geometry:bacfac8c17879ca8eb571056d31808c7']",nib:04776
746764726C59E01BE053031D0B0AF189,,Hak Milik,135,2018,05522,Meteran,10141706102378,,ARJASARI,107.643903,-7.0552359,320416,,3204162001,ARJASARI,597dad1885cd4af1069a4e36ceee6e3d,"['nib:05522', 'persilpasifid:746764726c59e01be053031d0b0af189', 'nomor:10141706102378', 'geometry:597dad1885cd4af1069a4e36ceee6e3d']",nib:05522
749F7CAF128C9158E053141D0B0A6E45,,Hak Milik,557,2018,05679,Meteran,10141706103473,,ARJASARI,107.643903,-7.0527397,320416,,3204162001,ARJASARI,b779f64034f4d0ad697ec32023e286c7,"['nib:05679', 'persilpasifid:749f7caf128c9158e053141d0b0a6e45', 'nomor:10141706103473', 'geometry:b779f64034f4d0ad697ec32023e286c7']",nib:05679
749F7E814CB257C4E053131D0B0A3B8F,,Hak Milik,1625,2018,05650,Meteran,10141706103009,,ARJASARI,107.643903,-7.0533638,320416,,3204162001,ARJASARI,d26f1292dac126413520b4dd1edfdfa2,"['nib:05650', 'persilpasifid:749f7e814cb257c4e053131d0b0a3b8f', 'nomor:10141706103009', 'geometry:d26f1292dac126413520b4dd1edfdfa2']",nib:05650
692BEA7825F04654E053031D0B0A91E1,,Hak Milik,468,2018,02949,Meteran,10141706101380,,ARJASARI,107.643903,-7.0521156,320416,,3204162001,ARJASARI,e77d22ad5b718f8a24a9536598f3e2d9,"['nib:02949', 'persilpasifid:692bea7825f04654e053031d0b0a91e1', 'nomor:10141706101380', 'geometry:e77d22ad5b718f8a24a9536598f3e2d9']",nib:02949
692C6C870823F578E053031D0B0A1289,,Hak Milik,182,2018,02947,Meteran,10141706104119,,ARJASARI,107.643903,-7.0514916,320416,,3204162001,ARJASARI,5b9d30ef09f05a67d46825f81aadad96,"['nib:02947', 'persilpasifid:692c6c870823f578e053031d0b0a1289', 'nomor:10141706104119', 'geometry:5b9d30ef09f05a67d46825f81aadad96']",nib:02947
692BCEBDE7A2E399E053021D0B0A6E7B,,Hak Milik,981,2018,02866,Meteran,10141706101415,,ARJASARI,107.643903,-7.0508675,320416,,3204162001,ARJASARI,dd4e746474ef62bda7794263fa5cca32,"['nib:02866', 'persilpasifid:692bcebde7a2e399e053021d0b0a6e7b', 'nomor:10141706101415', 'geometry:dd4e746474ef62bda7794263fa5cca32']",nib:02866
412CDB178B79AA5FE063B416140A13AB,,Kosong,295,,,,,,ARJASARI,107.643903,-7.0496194,320416,,3204162001,ARJASARI,c9ed7f36a20f47bb1106914eadf7e2a8,"['persilpasifid:412cdb178b79aa5fe063b416140a13ab', 'geometry:c9ed7f36a20f47bb1106914eadf7e2a8']",persilpasifid:412cdb178b79aa5fe063b416140a13ab
74676711453F1AF1E053031D0B0A9139,,Hak Milik,152,2018,05498,Meteran,10141706102484,,ARJASARI,107.643903,-7.0546119,320416,,3204162001,ARJASARI,dc9bd3e30332bea3305057230d56cccf,"['nib:05498', 'persilpasifid:74676711453f1af1e053031d0b0a9139', 'nomor:10141706102484', 'geometry:dc9bd3e30332bea3305057230d56cccf']",nib:05498
692BCEBDE78CE399E053021D0B0A6E7B,,Hak Milik,455,2018,02844,Meteran,10141706101378,,ARJASARI,107.643903,-7.0502434,320416,,3204162001,ARJASARI,fa039c841f37f33df304ed904953531b,"['nib:02844', 'persilpasifid:692bcebde78ce399e053021d0b0a6e7b', 'nomor:10141706101378', 'geometry:fa039c841f37f33df304ed904953531b']",nib:02844
70B56FCEE94D43DEE053021D0B0AF211,,Hak Milik,900,2018,04645,Meteran,10141706103114,,ARJASARI,107.643903,-7.0739574,320416,,3204162001,ARJASARI,288f94a5f263a9164426b90c52e819f7,"['nib:04645', 'persilpasifid:70b56fcee94d43dee053021d0b0af211', 'nomor:10141706103114', 'geometry:288f94a5f263a9164426b90c52e819f7']",nib:04645
70252B014E54049DE053131D0B0AF4FA,,Hak Milik,1015,2018,04280,Meteran,10141706102831,,ARJASARI,107.6445318,-7.0839418,320416,,3204162001,ARJASARI,19f65d0196bb3e51b2b4c934211cab4b,"['nib:04280', 'persilpasifid:70252b014e54049de053131d0b0af4fa', 'nomor:10141706102831', 'geometry:19f65d0196bb3e51b2b4c934211cab4b']",nib:04280
70252B014E51049DE053131D0B0AF4FA,,Hak Milik,1085,2018,04277,Meteran,10141706102828,,ARJASARI,107.6445318,-7.0845658,320416,,3204162001,ARJASARI,bbe4094dea5ee88ec31dbce20fcc76ee,"['nib:04277', 'persilpasifid:70252b014e51049de053131d0b0af4fa', 'nomor:10141706102828', 'geometry:bbe4094dea5ee88ec31dbce20fcc76ee']",nib:04277
70252B049CB1D345E053031D0B0A818C,,Hak Milik,981,2018,04198,Meteran,10141706102648,,ARJASARI,107.6445318,-7.0870619,320416,,3204162001,ARJASARI,af4ae27e557c1b4e995fed8953d3b443,"['nib:04198', 'persilpasifid:70252b049cb1d345e053031d0b0a818c', 'nomor:10141706102648', 'geometry:af4ae27e557c1b4e995fed8953d3b443']",nib:04198
70282EE08058884FE053021D0B0A790A,,Hak Milik,1087,2018,04323,Meteran,10141706102872,,ARJASARI,107.6445318,-7.0820697,320416,,3204162001,ARJASARI,9686f396af1de7369812044b6382570e,"['nib:04323', 'persilpasifid:70282ee08058884fe053021d0b0a790a', 'nomor:10141706102872', 'geometry:9686f396af1de7369812044b6382570e']",nib:04323
7841F8BEA47396E4E053031D0B0A123C,,Hak Milik,1620,2018,07158,Meteran,10141706106139,,ARJASARI,107.643903,-7.0446268,320416,,3204162001,ARJASARI,434ada6aaab4ccacc192745af75db2a4,"['nib:07158', 'persilpasifid:7841f8bea47396e4e053031d0b0a123c', 'nomor:10141706106139', 'geometry:434ada6aaab4ccacc192745af75db2a4']",nib:07158
7024BFE52C369E11E053021D0B0A2F0E,,Hak Milik,980,2018,04211,Meteran,10141706105295,,ARJASARI,107.6445318,-7.0858138,320416,,3204162001,ARJASARI,c77abbde49340a812653dfc352514544,"['nib:04211', 'persilpasifid:7024bfe52c369e11e053021d0b0a2f0e', 'nomor:10141706105295', 'geometry:c77abbde49340a812653dfc352514544']",nib:04211
7029085EFD887DE7E053031D0B0A9F2B,,Hak Milik,667,2018,04447,Meteran,10141706105559,,ARJASARI,107.6445318,-7.0789496,320416,,3204162001,ARJASARI,9d8bdd75e2d21f4831454698f817015a,"['nib:04447', 'persilpasifid:7029085efd887de7e053031d0b0a9f2b', 'nomor:10141706105559', 'geometry:9d8bdd75e2d21f4831454698f817015a']",nib:04447
7029085EFD9C7DE7E053031D0B0A9F2B,,Hak Milik,775,2018,04550,Meteran,10141706102938,,ARJASARI,107.6445318,-7.0764535,320416,,3204162001,ARJASARI,77462afadb157de186213b1376320a9f,"['nib:04550', 'persilpasifid:7029085efd9c7de7e053031d0b0a9f2b', 'nomor:10141706102938', 'geometry:77462afadb157de186213b1376320a9f']",nib:04550
7028EEBD3806C1CDE053141D0B0AB5CA,,Hak Milik,931,2018,04553,Meteran,10141706102939,,ARJASARI,107.6445318,-7.0758294,320416,,3204162001,ARJASARI,d79142d7a2bd262fc0de565d9978a551,"['nib:04553', 'persilpasifid:7028eebd3806c1cde053141d0b0ab5ca', 'nomor:10141706102939', 'geometry:d79142d7a2bd262fc0de565d9978a551']",nib:04553
702746CB3833A780E053131D0B0AB811,,Hak Milik,760,2018,04386,Meteran,10141706102975,,ARJASARI,107.6445318,-7.0795736,320416,,3204162001,ARJASARI,8b77af82f05c0d54cd5970b72b2bc620,"['nib:04386', 'persilpasifid:702746cb3833a780e053131d0b0ab811', 'nomor:10141706102975', 'geometry:8b77af82f05c0d54cd5970b72b2bc620']",nib:04386
7024BFE52C339E11E053021D0B0A2F0E,,Hak Milik,984,2018,04205,Meteran,10141706102655,,ARJASARI,107.6445318,-7.0864379,320416,,3204162001,ARJASARI,541db323cc4eff9a0d73a61abe80aed9,"['nib:04205', 'persilpasifid:7024bfe52c339e11e053021d0b0a2f0e', 'nomor:10141706102655', 'geometry:541db323cc4eff9a0d73a61abe80aed9']",nib:04205
7029085EFDA27DE7E053031D0B0A9F2B,,Hak Milik,1016,2018,04582,Meteran,10141706102959,,ARJASARI,107.6445318,-7.0783256,320416,,3204162001,ARJASARI,15cb7efdfdf091f50bec950f6ab70065,"['nib:04582', 'persilpasifid:7029085efda27de7e053031d0b0a9f2b', 'nomor:10141706102959', 'geometry:15cb7efdfdf091f50bec950f6ab70065']",nib:04582
70B561BAE3371F0AE053141D0B0AB34E,,Hak Wakaf,1011,2023,04774,,10141706800079,,ARJASARI,107.6445318,-7.0702131,320416,,3204162001,ARJASARI,399833b455529c6ce6cf2fd5ef6b2f90,"['nib:04774', 'persilpasifid:70b561bae3371f0ae053141d0b0ab34e', 'nomor:10141706800079', 'geometry:399833b455529c6ce6cf2fd5ef6b2f90']",nib:04774
7841F8BEA47696E4E053031D0B0A123C,,Hak Milik,1241,2018,07163,Meteran,10141706106089,,ARJASARI,107.643903,-7.0452509,320416,,3204162001,ARJASARI,2cbd5c83b00abc6d3e6952bda95f550f,"['nib:07163', 'persilpasifid:7841f8bea47696e4e053031d0b0a123c', 'nomor:10141706106089', 'geometry:2cbd5c83b00abc6d3e6952bda95f550f']",nib:07163
70B561BAE3431F0AE053141D0B0AB34E,,Hak Wakaf,545,2023,04796,,10141706800094,,ARJASARI,107.6445318,-7.0714612,320416,,3204162001,ARJASARI,55f0da88dccaf48ff9692e9b3b0a6a28,"['nib:04796', 'persilpasifid:70b561bae3431f0ae053141d0b0ab34e', 'nomor:10141706800094', 'geometry:55f0da88dccaf48ff9692e9b3b0a6a28']",nib:04796
70B5C76C357EAE19E053141D0B0A6356,,Hak Wakaf,1041,2023,04863,,10141706800097,,ARJASARI,107.6445318,-7.0695891,320416,,3204162001,ARJASARI,e93b27b1f4f1c2eacd86d79096eb318b,"['nib:04863', 'persilpasifid:70b5c76c357eae19e053141d0b0a6356', 'nomor:10141706800097', 'geometry:e93b27b1f4f1c2eacd86d79096eb318b']",nib:04863
70B561BAE3361F0AE053141D0B0AB34E,,Hak Milik,739,2018,04773,Meteran,10141706105351,,ARJASARI,107.6445318,-7.0708372,320416,,3204162001,ARJASARI,09f6f4a3b3c973c5ea199a883312a66c,"['nib:04773', 'persilpasifid:70b561bae3361f0ae053141d0b0ab34e', 'nomor:10141706105351', 'geometry:09f6f4a3b3c973c5ea199a883312a66c']",nib:04773
70B5C76C357DAE19E053141D0B0A6356,,Hak Wakaf,763,2023,04862,,10141706800102,,ARJASARI,107.6445318,-7.0689651,320416,,3204162001,ARJASARI,c49e27d3ee3d23c85d5f75cd63b959a6,"['nib:04862', 'persilpasifid:70b5c76c357dae19e053141d0b0a6356', 'nomor:10141706800102', 'geometry:c49e27d3ee3d23c85d5f75cd63b959a6']",nib:04862
749F7E814CAD57C4E053131D0B0A3B8F,,Hak Milik,307,2018,05643,Meteran,10141706103448,,ARJASARI,107.6445318,-7.0539878,320416,,3204162001,ARJASARI,74c7779cdba6ab87913319ab1a70bf3e,"['nib:05643', 'persilpasifid:749f7e814cad57c4e053131d0b0a3b8f', 'nomor:10141706103448', 'geometry:74c7779cdba6ab87913319ab1a70bf3e']",nib:05643
749F7E4DC79F514BE053131D0B0AE33E,,Hak Milik,220,2018,05591,Meteran,10141706103044,,ARJASARI,107.6445318,-7.0546119,320416,,3204162001,ARJASARI,0caa45ef0f6668f1933d62a5c5b89afd,"['nib:05591', 'persilpasifid:749f7e4dc79f514be053131d0b0ae33e', 'nomor:10141706103044', 'geometry:0caa45ef0f6668f1933d62a5c5b89afd']",nib:05591
749F7E4DC79D514BE053131D0B0AE33E,,Hak Milik,257,2018,05589,Meteran,10141706103030,,ARJASARI,107.6445318,-7.0546119,320416,,3204162001,ARJASARI,178305ce0a9638e2b8779f0252bd598d,"['nib:05589', 'persilpasifid:749f7e4dc79d514be053131d0b0ae33e', 'nomor:10141706103030', 'geometry:178305ce0a9638e2b8779f0252bd598d']",nib:05589
749F7AB7C64D9350E053141D0B0AA0E6,,Hak Milik,699,2018,05648,Meteran,10141706103456,,ARJASARI,107.6445318,-7.0533638,320416,,3204162001,ARJASARI,2f4b8b491f2ec7887690a38be4b4e9c3,"['nib:05648', 'persilpasifid:749f7ab7c64d9350e053141d0b0aa0e6', 'nomor:10141706103456', 'geometry:2f4b8b491f2ec7887690a38be4b4e9c3']",nib:05648
746764726C5EE01BE053031D0B0AF189,,Hak Milik,439,2018,05534,Meteran,10141706102481,,ARJASARI,107.6445318,-7.0552359,320416,,3204162001,ARJASARI,0019104874f5a4723a3a320095eb17c5,"['nib:05534', 'persilpasifid:746764726c5ee01be053031d0b0af189', 'nomor:10141706102481', 'geometry:0019104874f5a4723a3a320095eb17c5']",nib:05534
692C6C87081CF578E053031D0B0A1289,,Hak Milik,219,2018,02936,Meteran,10141706101346,,ARJASARI,107.6445318,-7.0514916,320416,,3204162001,ARJASARI,c079c298ee48097215679dd6d6a43b10,"['nib:02936', 'persilpasifid:692c6c87081cf578e053031d0b0a1289', 'nomor:10141706101346', 'geometry:c079c298ee48097215679dd6d6a43b10']",nib:02936
692BCEBDE7B5E399E053021D0B0A6E7B,,Hak Milik,128,2018,02885,Meteran,10141706101450,,ARJASARI,107.6445318,-7.0508675,320416,,3204162001,ARJASARI,fecb6c14c65afc991f53209538c23fa8,"['nib:02885', 'persilpasifid:692bcebde7b5e399e053021d0b0a6e7b', 'nomor:10141706101450', 'geometry:fecb6c14c65afc991f53209538c23fa8']",nib:02885
7841DE9A8BA0C258E053021D0B0AC6DD,,Hak Milik,1046,2018,07127,Meteran,10141706105133,,ARJASARI,107.6445318,-7.0440027,320416,,3204162001,ARJASARI,b38224af4391d3c702160196c4a11e33,"['nib:07127', 'persilpasifid:7841de9a8ba0c258e053021d0b0ac6dd', 'nomor:10141706105133', 'geometry:b38224af4391d3c702160196c4a11e33']",nib:07127
7029085EFD877DE7E053031D0B0A9F2B,,Hak Milik,732,2018,04446,Meteran,10141706105558,,ARJASARI,107.6451607,-7.0789496,320416,,3204162001,ARJASARI,06ee22086350c98b1b5eba2e7de3c216,"['nib:04446', 'persilpasifid:7029085efd877de7e053031d0b0a9f2b', 'nomor:10141706105558', 'geometry:06ee22086350c98b1b5eba2e7de3c216']",nib:04446
7029879C5F21DED6E053031D0B0A1F59,,Hak Milik,722,2018,04457,Meteran,10141706102689,,ARJASARI,107.6451607,-7.0783256,320416,,3204162001,ARJASARI,198c6e1174c91e9aa8dc85549009a93c,"['nib:04457', 'persilpasifid:7029879c5f21ded6e053031d0b0a1f59', 'nomor:10141706102689', 'geometry:198c6e1174c91e9aa8dc85549009a93c']",nib:04457
7029D4E92D76C10CE053141D0B0A4F42,,Hak Milik,603,2018,04471,Meteran,10141706102702,,ARJASARI,107.6451607,-7.0770775,320416,,3204162001,ARJASARI,cbf0471f6598f1b86ad7ea704f4f4452,"['nib:04471', 'persilpasifid:7029d4e92d76c10ce053141d0b0a4f42', 'nomor:10141706102702', 'geometry:cbf0471f6598f1b86ad7ea704f4f4452']",nib:04471
4E1ECA1E3FCB7429E053021D0B0A27A2,,Hak Milik,1012,2017,02599,,10141708101304,,ARJASARI,107.6445318,-7.0433787,320416,,3204162001,ARJASARI,e5ad997650bd30e37a610efc3cb126b0,"['nib:02599', 'persilpasifid:4e1eca1e3fcb7429e053021d0b0a27a2', 'nomor:10141708101304', 'geometry:e5ad997650bd30e37a610efc3cb126b0']",nib:02599
68D535ECB491961EE053031D0B0A0958,,Hak Milik,223,2018,02317,Meteran,10141706105248,,ARJASARI,107.6445318,-7.0496194,320416,,3204162001,ARJASARI,cd51a194bed93b191cc539fed1611db0,"['nib:02317', 'persilpasifid:68d535ecb491961ee053031d0b0a0958', 'nomor:10141706105248', 'geometry:cd51a194bed93b191cc539fed1611db0']",nib:02317
70B561BAE3391F0AE053141D0B0AB34E,,Hak Wakaf,957,2023,04781,,10141706800142,,ARJASARI,107.6451607,-7.0702131,320416,,3204162001,ARJASARI,fb9bb2745ec7b5a54633d973b23a82c9,"['nib:04781', 'persilpasifid:70b561bae3391f0ae053141d0b0ab34e', 'nomor:10141706800142', 'geometry:fb9bb2745ec7b5a54633d973b23a82c9']",nib:04781
70B561BAE3291F0AE053141D0B0AB34E,,Hak Milik,535,2018,04720,Meteran,10141706103232,,ARJASARI,107.6451607,-7.0733333,320416,,3204162001,ARJASARI,867246134c5e326d56ac27dbc3775a83,"['nib:04720', 'persilpasifid:70b561bae3291f0ae053141d0b0ab34e', 'nomor:10141706103232', 'geometry:867246134c5e326d56ac27dbc3775a83']",nib:04720
749F869466D0CDB0E053031D0B0ACB32,,Hak Milik,201,2018,05655,Meteran,10141706103148,,ARJASARI,107.6451607,-7.0527397,320416,,3204162001,ARJASARI,a81097082f586df6da58698e609655c3,"['nib:05655', 'persilpasifid:749f869466d0cdb0e053031d0b0acb32', 'nomor:10141706103148', 'geometry:a81097082f586df6da58698e609655c3']",nib:05655
749F869466D3CDB0E053031D0B0ACB32,,Hak Milik,206,2018,05657,Meteran,10141706103026,,ARJASARI,107.6451607,-7.0527397,320416,,3204162001,ARJASARI,3f0ca4eaf8899f4a5e3faff1885ef8b8,"['nib:05657', 'persilpasifid:749f869466d3cdb0e053031d0b0acb32', 'nomor:10141706103026', 'geometry:3f0ca4eaf8899f4a5e3faff1885ef8b8']",nib:05657
749F7CAF127D9158E053141D0B0A6E45,,Hak Milik,307,2018,05663,Meteran,10141706103043,,ARJASARI,107.6451607,-7.0533638,320416,,3204162001,ARJASARI,420825998f327e48614c1f542f6c0ff3,"['nib:05663', 'persilpasifid:749f7caf127d9158e053141d0b0a6e45', 'nomor:10141706103043', 'geometry:420825998f327e48614c1f542f6c0ff3']",nib:05663
749F7CAF127E9158E053141D0B0A6E45,,Hak Milik,114,2018,05664,Meteran,10141706106167,,ARJASARI,107.6451607,-7.0533638,320416,,3204162001,ARJASARI,6eb761a49597b522da7141a2b1b24f49,"['nib:05664', 'persilpasifid:749f7caf127e9158e053141d0b0a6e45', 'nomor:10141706106167', 'geometry:6eb761a49597b522da7141a2b1b24f49']",nib:05664
692BCEBDE7ACE399E053021D0B0A6E7B,,Hak Milik,188,2018,02876,Meteran,10141706102143,,ARJASARI,107.6451607,-7.0508675,320416,,3204162001,ARJASARI,6cc53d000bfb32da76f98f913796027d,"['nib:02876', 'persilpasifid:692bcebde7ace399e053021d0b0a6e7b', 'nomor:10141706102143', 'geometry:6cc53d000bfb32da76f98f913796027d']",nib:02876
749F7E4DC7AB514BE053131D0B0AE33E,,Hak Milik,162,2018,05622,Meteran,10141706103432,,ARJASARI,107.6451607,-7.0546119,320416,,3204162001,ARJASARI,1c728ac4fa344ca0a89ca4627f27478a,"['nib:05622', 'persilpasifid:749f7e4dc7ab514be053131d0b0ae33e', 'nomor:10141706103432', 'geometry:1c728ac4fa344ca0a89ca4627f27478a']",nib:05622
702528DD4E5ED349E053031D0B0A8302,,Hak Milik,1009,2018,04267,Meteran,10141706102818,,ARJASARI,107.6457895,-7.0839418,320416,,3204162001,ARJASARI,cf0f96ed5a114ffe2c8eb309cce79235,"['nib:04267', 'persilpasifid:702528dd4e5ed349e053031d0b0a8302', 'nomor:10141706102818', 'geometry:cf0f96ed5a114ffe2c8eb309cce79235']",nib:04267
702528DD4E5BD349E053031D0B0A8302,,Hak Milik,990,2018,04261,Meteran,10141706102812,,ARJASARI,107.6457895,-7.0845658,320416,,3204162001,ARJASARI,409dde0183c716f4ff9c4881570b53ee,"['nib:04261', 'persilpasifid:702528dd4e5bd349e053031d0b0a8302', 'nomor:10141706102812', 'geometry:409dde0183c716f4ff9c4881570b53ee']",nib:04261
7028EDD5B0B63DA1E053031D0B0AEB16,,Hak Milik,791,2018,04520,Meteran,10141706102757,,ARJASARI,107.6457895,-7.0770775,320416,,3204162001,ARJASARI,4890bfdecc89b09d539c535287d3c2f8,"['nib:04520', 'persilpasifid:7028edd5b0b63da1e053031d0b0aeb16', 'nomor:10141706102757', 'geometry:4890bfdecc89b09d539c535287d3c2f8']",nib:04520
4E1F80613214475FE053141D0B0A88BF,,Kosong,450,,02612,,,,ARJASARI,107.6451607,-7.0433787,320416,,3204162001,ARJASARI,228ce61aa1e2e7614d9c0fd4f85eec51,"['nib:02612', 'persilpasifid:4e1f80613214475fe053141d0b0a88bf', 'geometry:228ce61aa1e2e7614d9c0fd4f85eec51']",nib:02612
4E1ECA1E3FC67429E053021D0B0A27A2,,Hak Milik,186,2017,02594,,10141708101224,,ARJASARI,107.6451607,-7.0427546,320416,,3204162001,ARJASARI,2cf88bc91a0ae6bcba3469abb0146410,"['nib:02594', 'persilpasifid:4e1eca1e3fc67429e053021d0b0a27a2', 'nomor:10141708101224', 'geometry:2cf88bc91a0ae6bcba3469abb0146410']",nib:02594
70B5AE7C19FEDFF6E053021D0B0A7DF1,,Hak Milik,603,2018,04709,Meteran,10141706105356,,ARJASARI,107.6457895,-7.0727093,320416,,3204162001,ARJASARI,97201729430eca224d52fe0e75e7ce34,"['nib:04709', 'persilpasifid:70b5ae7c19fedff6e053021d0b0a7df1', 'nomor:10141706105356', 'geometry:97201729430eca224d52fe0e75e7ce34']",nib:04709
7028EDD5B0923DA1E053031D0B0AEB16,,Hak Milik,885,2018,04512,Meteran,10141706105562,,ARJASARI,107.6457895,-7.0783256,320416,,3204162001,ARJASARI,58534ae71a254a2501557df4b96169b4,"['nib:04512', 'persilpasifid:7028edd5b0923da1e053031d0b0aeb16', 'nomor:10141706105562', 'geometry:58534ae71a254a2501557df4b96169b4']",nib:04512
70B638A0B448170BE053131D0B0A926A,,Hak Milik,857,2018,04852,Meteran,10141706103390,,ARJASARI,107.6457895,-7.0695891,320416,,3204162001,ARJASARI,ed53878828eeda0b329e6fdf7e1e2746,"['nib:04852', 'persilpasifid:70b638a0b448170be053131d0b0a926a', 'nomor:10141706103390', 'geometry:ed53878828eeda0b329e6fdf7e1e2746']",nib:04852
7029D4E92DE3C10CE053141D0B0A4F42,,Hak Milik,604,2018,04563,Meteran,10141706102918,,ARJASARI,107.6457895,-7.0752054,320416,,3204162001,ARJASARI,545ec2e46df9f770e8ef067105fc8572,"['nib:04563', 'persilpasifid:7029d4e92de3c10ce053141d0b0a4f42', 'nomor:10141706102918', 'geometry:545ec2e46df9f770e8ef067105fc8572']",nib:04563
68D5118050B8E585E053141D0B0A28E1,,Hak Milik,108,2018,02295,Meteran,10141706102048,,ARJASARI,107.6457895,-7.0502434,320416,,3204162001,ARJASARI,73ec098ee1a3fbf5bc67bd62cea8d7a2,"['nib:02295', 'persilpasifid:68d5118050b8e585e053141d0b0a28e1', 'nomor:10141706102048', 'geometry:73ec098ee1a3fbf5bc67bd62cea8d7a2']",nib:02295
68D535ECB48A961EE053031D0B0A0958,,Hak Milik,266,2018,02296,Meteran,10141706101185,,ARJASARI,107.6457895,-7.0502434,320416,,3204162001,ARJASARI,cc49f44f2188058d2a038f8815945e88,"['nib:02296', 'persilpasifid:68d535ecb48a961ee053031d0b0a0958', 'nomor:10141706101185', 'geometry:cc49f44f2188058d2a038f8815945e88']",nib:02296
786B1D647A4C50F5E053031D0B0A4901,,Hak Milik,146,2018,07383,Meteran,10141706105207,,ARJASARI,107.6457895,-7.0552359,320416,,3204162001,ARJASARI,7ac39c47bffba3c377fd5e6dadd31f23,"['nib:07383', 'persilpasifid:786b1d647a4c50f5e053031d0b0a4901', 'nomor:10141706105207', 'geometry:7ac39c47bffba3c377fd5e6dadd31f23']",nib:07383
734EBADE9A8717AEE053031D0B0AC640,,Hak Milik,1622,2018,05392,Meteran,10141706103475,,ARJASARI,107.6457895,-7.0533638,320416,,3204162001,ARJASARI,e6e8e670b1aec464850e5f3d3b2f7ee1,"['nib:05392', 'persilpasifid:734ebade9a8717aee053031d0b0ac640', 'nomor:10141706103475', 'geometry:e6e8e670b1aec464850e5f3d3b2f7ee1']",nib:05392
68D5118050B1E585E053141D0B0A28E1,,Hak Milik,299,2018,02267,Meteran,10141706101396,,ARJASARI,107.6457895,-7.0496194,320416,,3204162001,ARJASARI,8830512fb9437748712bee41d888e5ef,"['nib:02267', 'persilpasifid:68d5118050b1e585e053141d0b0a28e1', 'nomor:10141706101396', 'geometry:8830512fb9437748712bee41d888e5ef']",nib:02267
4E1FA3016492751EE053141D0B0A97AA,,Hak Milik,386,2017,02654,,10141708101308,,ARJASARI,107.6457895,-7.0440027,320416,,3204162001,ARJASARI,e7c50f9ecdf1ec8078e03c8bab9a50bf,"['nib:02654', 'persilpasifid:4e1fa3016492751ee053141d0b0a97aa', 'nomor:10141708101308', 'geometry:e7c50f9ecdf1ec8078e03c8bab9a50bf']",nib:02654
7029D52EE1EDB05DE053031D0B0AC256,,Hak Milik,1038,2018,04487,Meteran,10141706102717,,ARJASARI,107.6464183,-7.0789496,320416,,3204162001,ARJASARI,4084f3dc342a6862d5ba7ee91131ad94,"['nib:04487', 'persilpasifid:7029d52ee1edb05de053031d0b0ac256', 'nomor:10141706102717', 'geometry:4084f3dc342a6862d5ba7ee91131ad94']",nib:04487
7029D4E92D94C10CE053141D0B0A4F42,,Hak Milik,1010,2018,04500,Meteran,10141706102730,,ARJASARI,107.6464183,-7.0777015,320416,,3204162001,ARJASARI,a45ba787177f6221e0bcfd4910e7523f,"['nib:04500', 'persilpasifid:7029d4e92d94c10ce053141d0b0a4f42', 'nomor:10141706102730', 'geometry:a45ba787177f6221e0bcfd4910e7523f']",nib:04500
7029D4E92D89C10CE053141D0B0A4F42,,Hak Milik,1000,2018,04494,Meteran,10141706102724,,ARJASARI,107.6464183,-7.0783256,320416,,3204162001,ARJASARI,2e3a1876dc6c4144ee88452409ca3960,"['nib:04494', 'persilpasifid:7029d4e92d89c10ce053141d0b0a4f42', 'nomor:10141706102724', 'geometry:2e3a1876dc6c4144ee88452409ca3960']",nib:04494
7029D4E92DA0C10CE053141D0B0A4F42,,Hak Milik,692,2018,04507,Meteran,10141706102737,,ARJASARI,107.6464183,-7.0770775,320416,,3204162001,ARJASARI,88662ab52500ac875ee0dfa3c5fa94bc,"['nib:04507', 'persilpasifid:7029d4e92da0c10ce053141d0b0a4f42', 'nomor:10141706102737', 'geometry:88662ab52500ac875ee0dfa3c5fa94bc']",nib:04507
7029085EFD987DE7E053031D0B0A9F2B,,Hak Milik,660,2018,04532,Meteran,10141706102769,,ARJASARI,107.6464183,-7.0758294,320416,,3204162001,ARJASARI,565a4f4fa4b4b5f3e9231486cb5885e6,"['nib:04532', 'persilpasifid:7029085efd987de7e053031d0b0a9f2b', 'nomor:10141706102769', 'geometry:565a4f4fa4b4b5f3e9231486cb5885e6']",nib:04532
7029085EFD927DE7E053031D0B0A9F2B,,Hak Milik,876,2018,04525,Meteran,10141706102762,,ARJASARI,107.6464183,-7.0764535,320416,,3204162001,ARJASARI,30e83417a02e79fb82f87ae776c74143,"['nib:04525', 'persilpasifid:7029085efd927de7e053031d0b0a9f2b', 'nomor:10141706102762', 'geometry:30e83417a02e79fb82f87ae776c74143']",nib:04525
7029085EFD957DE7E053031D0B0A9F2B,,Hak Milik,608,2018,04528,Meteran,10141706102765,,ARJASARI,107.6464183,-7.0764535,320416,,3204162001,ARJASARI,bf388dd866d46be9c89d81c3cc70646f,"['nib:04528', 'persilpasifid:7029085efd957de7e053031d0b0a9f2b', 'nomor:10141706102765', 'geometry:bf388dd866d46be9c89d81c3cc70646f']",nib:04528
AE9CF9498AD80B70E040A8C010017A76,,Hak Milik,351,2012,01760,,10141706100680,,ARJASARI,107.6464183,-7.0552359,320416,,3204162001,ARJASARI,01e6096ab57c1b7679af18608f925ddc,"['nib:01760', 'persilpasifid:ae9cf9498ad80b70e040a8c010017a76', 'nomor:10141706100680', 'geometry:01e6096ab57c1b7679af18608f925ddc']",nib:01760
734E08CCAC12F361E053131D0B0AFCD1,,Hak Milik,215,2018,05371,Meteran,10141706104092,,ARJASARI,107.6464183,-7.0533638,320416,,3204162001,ARJASARI,538aba2d7bdeb4427e9ec448d24f61dd,"['nib:05371', 'persilpasifid:734e08ccac12f361e053131d0b0afcd1', 'nomor:10141706104092', 'geometry:538aba2d7bdeb4427e9ec448d24f61dd']",nib:05371
74B33A73F1109065E053141D0B0AFC66,,Hak Milik,489,2018,05811,Meteran,10141706103500,,ARJASARI,107.6464183,-7.0546119,320416,,3204162001,ARJASARI,5fc476b70b7fc80f7b36b85d4807f104,"['nib:05811', 'persilpasifid:74b33a73f1109065e053141d0b0afc66', 'nomor:10141706103500', 'geometry:5fc476b70b7fc80f7b36b85d4807f104']",nib:05811
734E08CCAC0AF361E053131D0B0AFCD1,,Hak Milik,970,2018,05346,Meteran,10141706104104,,ARJASARI,107.6464183,-7.0527397,320416,,3204162001,ARJASARI,5d9ad66eb5bc8da22c5152f50a106da6,"['nib:05346', 'persilpasifid:734e08ccac0af361e053131d0b0afcd1', 'nomor:10141706104104', 'geometry:5d9ad66eb5bc8da22c5152f50a106da6']",nib:05346
0C4BD5846FC0114BE063B416140AE9FD,,Kosong,508,,,,,0.5,ARJASARI,107.6464183,-7.0496194,320416,,3204162001,ARJASARI,bb7e4bd2c59092fe74a7e1344527fb45,"['persilpasifid:0c4bd5846fc0114be063b416140ae9fd', 'geometry:bb7e4bd2c59092fe74a7e1344527fb45']",persilpasifid:0c4bd5846fc0114be063b416140ae9fd
4E1F834CDD384763E053031D0B0A99DC,,Kosong,675,,02642,,,,ARJASARI,107.6464183,-7.0446268,320416,,3204162001,ARJASARI,bf42d127110c3d432e4853122f0100ef,"['nib:02642', 'persilpasifid:4e1f834cdd384763e053031d0b0a99dc', 'geometry:bf42d127110c3d432e4853122f0100ef']",nib:02642
4E9BA8675A260CB2E053141D0B0A75B9,,Hak Milik,99,2017,02763,,10141708101349,,ARJASARI,107.6464183,-7.0440027,320416,,3204162001,ARJASARI,0249922b36cc1a71fd3da82e0ca58802,"['nib:02763', 'persilpasifid:4e9ba8675a260cb2e053141d0b0a75b9', 'nomor:10141708101349', 'geometry:0249922b36cc1a71fd3da82e0ca58802']",nib:02763
734EBADE9A8117AEE053031D0B0AC640,,Hak Milik,267,2018,05381,Meteran,10141706105898,,ARJASARI,107.6464183,-7.0539878,320416,,3204162001,ARJASARI,f4a1ded51fb39f648eb3c80f17dfc890,"['nib:05381', 'persilpasifid:734ebade9a8117aee053031d0b0ac640', 'nomor:10141706105898', 'geometry:f4a1ded51fb39f648eb3c80f17dfc890']",nib:05381
46CFB2AC9A47C795E053031D0B0A020F,,Hak Milik,330,2017,02080,,10141706100965,,ARJASARI,107.6470471,-7.0614765,320416,,3204162001,ARJASARI,a816c5c7412cc9dc0331a8aadb821815,"['nib:02080', 'persilpasifid:46cfb2ac9a47c795e053031d0b0a020f', 'nomor:10141706100965', 'geometry:a816c5c7412cc9dc0331a8aadb821815']",nib:02080
74B2D1764C336C03E053021D0B0A47AB,,Hak Milik,122,2018,05724,Meteran,10141706103450,,ARJASARI,107.6470471,-7.0546119,320416,,3204162001,ARJASARI,ca65542f147fe62ce68c0d1399cbd13d,"['nib:05724', 'persilpasifid:74b2d1764c336c03e053021d0b0a47ab', 'nomor:10141706103450', 'geometry:ca65542f147fe62ce68c0d1399cbd13d']",nib:05724
0EE0A176194D168DE053021D0B0A182E,,Kosong,7084,,01835,,,,ARJASARI,107.6470471,-7.0608524,320416,,3204162001,ARJASARI,e4f54acddbd673e141187f6e3684e201,"['nib:01835', 'persilpasifid:0ee0a176194d168de053021d0b0a182e', 'geometry:e4f54acddbd673e141187f6e3684e201']",nib:01835
74B3410AC6DD8F0AE053141D0B0A8521,,Hak Milik,119,2018,05817,Meteran,10141706103513,,ARJASARI,107.6470471,-7.0552359,320416,,3204162001,ARJASARI,8c65f6577a1aee45434b4e7566be5502,"['nib:05817', 'persilpasifid:74b3410ac6dd8f0ae053141d0b0a8521', 'nomor:10141706103513', 'geometry:8c65f6577a1aee45434b4e7566be5502']",nib:05817
6900AF348521BA94E053131D0B0A0E61,,Hak Milik,898,2018,02649,Meteran,10141706101531,,ARJASARI,107.6470471,-7.0502434,320416,,3204162001,ARJASARI,1bc97b5e42381a05c0a0d29d5a25ebe3,"['nib:02649', 'persilpasifid:6900af348521ba94e053131d0b0a0e61', 'nomor:10141706101531', 'geometry:1bc97b5e42381a05c0a0d29d5a25ebe3']",nib:02649
6900B47760BFA2FAE053031D0B0AF2A5,,Hak Milik,284,2018,02633,Meteran,10141706105442,,ARJASARI,107.6470471,-7.0508675,320416,,3204162001,ARJASARI,1a6f01650ee072c50f8cff9dcf5ea366,"['nib:02633', 'persilpasifid:6900b47760bfa2fae053031d0b0af2a5', 'nomor:10141706105442', 'geometry:1a6f01650ee072c50f8cff9dcf5ea366']",nib:02633
4E22DF8A0FC57453E053141D0B0ACED1,,Kosong,120,,02714,,,,ARJASARI,107.6470471,-7.0446268,320416,,3204162001,ARJASARI,e8b0cd298e139121d55ba2b58fc30406,"['nib:02714', 'persilpasifid:4e22df8a0fc57453e053141d0b0aced1', 'geometry:e8b0cd298e139121d55ba2b58fc30406']",nib:02714
4E22DF8A0FD77453E053141D0B0ACED1,,Kosong,83,,02732,,,,ARJASARI,107.6470471,-7.0452509,320416,,3204162001,ARJASARI,4b200764385bd8e496136d82687f1cf6,"['nib:02732', 'persilpasifid:4e22df8a0fd77453e053141d0b0aced1', 'geometry:4b200764385bd8e496136d82687f1cf6']",nib:02732
74B2D1764C396C03E053021D0B0A47AB,,Hak Milik,943,2018,05730,Meteran,10141706104011,,ARJASARI,107.6470471,-7.0539878,320416,,3204162001,ARJASARI,8203b4987b1209fdcf1c4b61dfbe3cb0,"['nib:05730', 'persilpasifid:74b2d1764c396c03e053021d0b0a47ab', 'nomor:10141706104011', 'geometry:8203b4987b1209fdcf1c4b61dfbe3cb0']",nib:05730
9486B6470F131D19E0530C1D140A940B,,Hak Guna Bangunan,60,2020,07945,,10141706300288,,ARJASARI,107.6476759,-7.0583562,320416,,3204162001,ARJASARI,69973e713cd49fcea17460b09fa4c8f8,"['nib:07945', 'persilpasifid:9486b6470f131d19e0530c1d140a940b', 'nomor:10141706300288', 'geometry:69973e713cd49fcea17460b09fa4c8f8']",nib:07945
46CF73FE7F33AE3EE053021D0B0ABA44,,Hak Milik,407,2017,02063,,10141706100948,,ARJASARI,107.6476759,-7.0608524,320416,,3204162001,ARJASARI,2c976652feda259cc0faf44c77e46bb6,"['nib:02063', 'persilpasifid:46cf73fe7f33ae3ee053021d0b0aba44', 'nomor:10141706100948', 'geometry:2c976652feda259cc0faf44c77e46bb6']",nib:02063
7869BE7AAF44EB54E053031D0B0AA675,,Hak Milik,301,2018,07405,,10141706105203,,ARJASARI,107.6476759,-7.05586,320416,,3204162001,ARJASARI,46f1e58c3fe8d81306c5beac38e9c8e0,"['nib:07405', 'persilpasifid:7869be7aaf44eb54e053031d0b0aa675', 'nomor:10141706105203', 'geometry:46f1e58c3fe8d81306c5beac38e9c8e0']",nib:07405
74B3410AC6D68F0AE053141D0B0A8521,,Hak Milik,218,2018,05804,Meteran,10141706103441,,ARJASARI,107.6476759,-7.0546119,320416,,3204162001,ARJASARI,907d1c89c5b8a299fd89f4b8c4703086,"['nib:05804', 'persilpasifid:74b3410ac6d68f0ae053141d0b0a8521', 'nomor:10141706103441', 'geometry:907d1c89c5b8a299fd89f4b8c4703086']",nib:05804
291CC70F4E552725E053031D0B0ACD44,,Hak Milik,659,2016,01935,,10141706100781,,ARJASARI,107.6476759,-7.0589803,320416,,3204162001,ARJASARI,0b351504e3154fdf25f8db17c9405db1,"['nib:01935', 'persilpasifid:291cc70f4e552725e053031d0b0acd44', 'nomor:10141706100781', 'geometry:0b351504e3154fdf25f8db17c9405db1']",nib:01935
291CC70F4E5F2725E053031D0B0ACD44,,Hak Milik,290,2016,01940,,10141706100786,,ARJASARI,107.6476759,-7.0596043,320416,,3204162001,ARJASARI,66d8a3a83340043d2d18fa882ba5c57d,"['nib:01940', 'persilpasifid:291cc70f4e5f2725e053031d0b0acd44', 'nomor:10141706100786', 'geometry:66d8a3a83340043d2d18fa882ba5c57d']",nib:01940
68FCBD3A0337F543E053021D0B0AC89D,,Hak Milik,126,2018,02622,Meteran,10141706105435,,ARJASARI,107.6476759,-7.0496194,320416,,3204162001,ARJASARI,027f3306b893a00871f140be4ca602cb,"['nib:02622', 'persilpasifid:68fcbd3a0337f543e053021d0b0ac89d', 'nomor:10141706105435', 'geometry:027f3306b893a00871f140be4ca602cb']",nib:02622
68FCBD3A0339F543E053021D0B0AC89D,,Hak Milik,122,2018,02624,Meteran,10141706101501,,ARJASARI,107.6476759,-7.0489953,320416,,3204162001,ARJASARI,f2e1c4ee6a23bacb9d66bed298296139,"['nib:02624', 'persilpasifid:68fcbd3a0339f543e053021d0b0ac89d', 'nomor:10141706101501', 'geometry:f2e1c4ee6a23bacb9d66bed298296139']",nib:02624
68FD03DB27992339E053131D0B0ACF46,,Hak Milik,407,2018,02581,Meteran,10141706102053,,ARJASARI,107.6476759,-7.0489953,320416,,3204162001,ARJASARI,96ceee0b09d62bbf47494f24a738f594,"['nib:02581', 'persilpasifid:68fd03db27992339e053131d0b0acf46', 'nomor:10141706102053', 'geometry:96ceee0b09d62bbf47494f24a738f594']",nib:02581
c3ad899cf43e4923b141c3027fa80df9,,Hak Milik,78,1998,,,10141706100112,,ARJASARI,107.6483048,-7.0633486,320416,,3204162001,ARJASARI,c715d988651fcd6cb4880f400381ca87,"['persilpasifid:c3ad899cf43e4923b141c3027fa80df9', 'nomor:10141706100112', 'geometry:c715d988651fcd6cb4880f400381ca87']",persilpasifid:c3ad899cf43e4923b141c3027fa80df9
13d5ac20fe484826bf76bf95c1995a7d,,Hak Milik,60,1999,00213,,10141706100322,,ARJASARI,107.6483048,-7.0621006,320416,,3204162001,ARJASARI,519ad435cb70e7a3fae3fe906b4873bc,"['nib:00213', 'persilpasifid:13d5ac20fe484826bf76bf95c1995a7d', 'nomor:10141706100322', 'geometry:519ad435cb70e7a3fae3fe906b4873bc']",nib:00213
23e546b91bb34e3fb11a9ab68ed75ca7,,Hak Milik,60,1998,00168,,10141706100237,,ARJASARI,107.6483048,-7.0621006,320416,,3204162001,ARJASARI,7073d107e5f1c5fae11adce4565a071b,"['nib:00168', 'persilpasifid:23e546b91bb34e3fb11a9ab68ed75ca7', 'nomor:10141706100237', 'geometry:7073d107e5f1c5fae11adce4565a071b']",nib:00168
6e5d8a28ec584680a5e0b937a4017c5a,,Hak Milik,60,1999,00176,,10141706100426,,ARJASARI,107.6483048,-7.0614765,320416,,3204162001,ARJASARI,221affbd1f6aada10923d5b3611fb465,"['nib:00176', 'persilpasifid:6e5d8a28ec584680a5e0b937a4017c5a', 'nomor:10141706100426', 'geometry:221affbd1f6aada10923d5b3611fb465']",nib:00176
290BDC217E991E5FE053031D0B0A68D7,,Hak Milik,262,2016,01907,,10141706100829,,ARJASARI,107.6483048,-7.0608524,320416,,3204162001,ARJASARI,23548de4092dfb78b839480bb35b7627,"['nib:01907', 'persilpasifid:290bdc217e991e5fe053031d0b0a68d7', 'nomor:10141706100829', 'geometry:23548de4092dfb78b839480bb35b7627']",nib:01907
291CC70F4E512725E053031D0B0ACD44,,Hak Milik,1254,2016,01933,,10141706100779,,ARJASARI,107.6483048,-7.0589803,320416,,3204162001,ARJASARI,2974a2af4aef9ed27ec2de0d6b38b10f,"['nib:01933', 'persilpasifid:291cc70f4e512725e053031d0b0acd44', 'nomor:10141706100779', 'geometry:2974a2af4aef9ed27ec2de0d6b38b10f']",nib:01933
46D419A1583BD377E053031D0B0ABDD6,,Hak Milik,323,2017,02103,,10141706100988,,ARJASARI,107.6483048,-7.0596043,320416,,3204162001,ARJASARI,42ac2fbd8c3ddab9158c38a73a37c17a,"['nib:02103', 'persilpasifid:46d419a1583bd377e053031d0b0abdd6', 'nomor:10141706100988', 'geometry:42ac2fbd8c3ddab9158c38a73a37c17a']",nib:02103
68EE95117D39CB31E053141D0B0A1237,,Hak Milik,413,2018,02518,Meteran,10141706105383,,ARJASARI,107.6483048,-7.0552359,320416,,3204162001,ARJASARI,d516c1d44aecbfefb0e36782a08c0a82,"['nib:02518', 'persilpasifid:68ee95117d39cb31e053141d0b0a1237', 'nomor:10141706105383', 'geometry:d516c1d44aecbfefb0e36782a08c0a82']",nib:02518
6CD7F82950E8CC40E053141D0B0A0A1F,,Hak Milik,374,2018,03634,Meteran,10141706105702,,ARJASARI,107.6483048,-7.0546119,320416,,3204162001,ARJASARI,9e310666e066409e66b18b1dd7eae2bb,"['nib:03634', 'persilpasifid:6cd7f82950e8cc40e053141d0b0a0a1f', 'nomor:10141706105702', 'geometry:9e310666e066409e66b18b1dd7eae2bb']",nib:03634
6D000D11585D8146E053031D0B0A4F26,,Hak Milik,328,2018,03731,Meteran,10141706101729,,ARJASARI,107.6483048,-7.0527397,320416,,3204162001,ARJASARI,269ca443f8db16edcd48236cdabac785,"['nib:03731', 'persilpasifid:6d000d11585d8146e053031d0b0a4f26', 'nomor:10141706101729', 'geometry:269ca443f8db16edcd48236cdabac785']",nib:03731
7230A733121F4A48E053141D0B0A8B0F,,Hak Milik,1200,2018,05310,Meteran,10141706102163,,ARJASARI,107.6483048,-7.0508675,320416,,3204162001,ARJASARI,96aef068f4ed9732615ccb0d4ac58754,"['nib:05310', 'persilpasifid:7230a733121f4a48e053141d0b0a8b0f', 'nomor:10141706102163', 'geometry:96aef068f4ed9732615ccb0d4ac58754']",nib:05310
68FD03C9DE842F15E053031D0B0A2A61,,Hak Milik,149,2018,02566,Meteran,10141706101495,,ARJASARI,107.6483048,-7.0496194,320416,,3204162001,ARJASARI,daa274e2992e9bac9e53aca0766da2a7,"['nib:02566', 'persilpasifid:68fd03c9de842f15e053031d0b0a2a61', 'nomor:10141706101495', 'geometry:daa274e2992e9bac9e53aca0766da2a7']",nib:02566
630B89534008B7DBE053031D0B0A3282,,Kosong,1064,,02239,,,,ARJASARI,107.6483048,-7.0502434,320416,,3204162001,ARJASARI,afde2674d0f292899b156bea56cd5c1e,"['nib:02239', 'persilpasifid:630b89534008b7dbe053031d0b0a3282', 'geometry:afde2674d0f292899b156bea56cd5c1e']",nib:02239
7230A73312214A48E053141D0B0A8B0F,,Hak Milik,1064,2018,05313,Meteran,10141706102164,,ARJASARI,107.6483048,-7.0502434,320416,,3204162001,ARJASARI,41ac9bf72d527a4c9271a4b6e36532d3,"['nib:05313', 'persilpasifid:7230a73312214a48e053141d0b0a8b0f', 'nomor:10141706102164', 'geometry:41ac9bf72d527a4c9271a4b6e36532d3']",nib:05313
0dd964ab59124acc9d313a283882fd68,,Hak Milik,60,1999,,,10141706100336,,ARJASARI,107.6483048,-7.0627246,320416,,3204162001,ARJASARI,c08bd66ad489a7e801c5834779e55d3e,"['persilpasifid:0dd964ab59124acc9d313a283882fd68', 'nomor:10141706100336', 'geometry:c08bd66ad489a7e801c5834779e55d3e']",persilpasifid:0dd964ab59124acc9d313a283882fd68
823dd25582ae413bb7e97b77720fe68c,,Hak Milik,60,2017,,,10141706100106,,ARJASARI,107.6483048,-7.0627246,320416,,3204162001,ARJASARI,10f46d8ce9698e0a60ae2fbc81e5448c,"['persilpasifid:823dd25582ae413bb7e97b77720fe68c', 'nomor:10141706100106', 'geometry:10f46d8ce9698e0a60ae2fbc81e5448c']",persilpasifid:823dd25582ae413bb7e97b77720fe68c
2d3bb29670a64b5bb6710df5973615ab,,Hak Milik,60,1998,,,10141706100181,,ARJASARI,107.6489336,-7.0627246,320416,,3204162001,ARJASARI,7d64db6fd322a99f4145f3aafd914cd6,"['persilpasifid:2d3bb29670a64b5bb6710df5973615ab', 'nomor:10141706100181', 'geometry:7d64db6fd322a99f4145f3aafd914cd6']",persilpasifid:2d3bb29670a64b5bb6710df5973615ab
756474ceb3f04848881bf10080f14301,,Hak Milik,60,2001,01375,,10141706100543,,ARJASARI,107.6489336,-7.0621006,320416,,3204162001,ARJASARI,22ce2a68b7406f591dfa40c17acd7ca3,"['nib:01375', 'persilpasifid:756474ceb3f04848881bf10080f14301', 'nomor:10141706100543', 'geometry:22ce2a68b7406f591dfa40c17acd7ca3']",nib:01375
290BDC217E851E5FE053031D0B0A68D7,,Hak Milik,200,2016,01897,,10141706100819,,ARJASARI,107.6489336,-7.0608524,320416,,3204162001,ARJASARI,d8416e18fe701c4871f23de1890a4b65,"['nib:01897', 'persilpasifid:290bdc217e851e5fe053031d0b0a68d7', 'nomor:10141706100819', 'geometry:d8416e18fe701c4871f23de1890a4b65']",nib:01897
46D419A15843D377E053031D0B0ABDD6,,Hak Milik,730,2017,02107,,10141706100992,,ARJASARI,107.6489336,-7.0596043,320416,,3204162001,ARJASARI,64d8e1c1ccb64349a5669e0ad7200d87,"['nib:02107', 'persilpasifid:46d419a15843d377e053031d0b0abdd6', 'nomor:10141706100992', 'geometry:64d8e1c1ccb64349a5669e0ad7200d87']",nib:02107
cc66155e9f2f4aacafb532ce8fb7cbcf,,Hak Milik,10280,1994,,,10141706100029,,ARJASARI,107.6489336,-7.0596043,320416,,3204162001,ARJASARI,3ef78d80acc3fcb09a13c5217c71162e,"['persilpasifid:cc66155e9f2f4aacafb532ce8fb7cbcf', 'nomor:10141706100029', 'geometry:3ef78d80acc3fcb09a13c5217c71162e']",persilpasifid:cc66155e9f2f4aacafb532ce8fb7cbcf
F4DD79381E76B298E0530C1D140ACFF1,,Hak Milik,66,2023,,,10141706106712,,ARJASARI,107.6489336,-7.0564841,320416,,3204162001,ARJASARI,d42b710080ba42f8e64c88e1f30321c4,"['persilpasifid:f4dd79381e76b298e0530c1d140acff1', 'nomor:10141706106712', 'geometry:d42b710080ba42f8e64c88e1f30321c4']",persilpasifid:f4dd79381e76b298e0530c1d140acff1
9C8FE9EB273A0FE7E0530B1D140A7FBE,,Hak Milik,700,2020,,,10141706106339,,ARJASARI,107.6489336,-7.0583562,320416,,3204162001,ARJASARI,1ad73a264b1ba0445f40065ba4eb1129,"['persilpasifid:9c8fe9eb273a0fe7e0530b1d140a7fbe', 'nomor:10141706106339', 'geometry:1ad73a264b1ba0445f40065ba4eb1129']",persilpasifid:9c8fe9eb273a0fe7e0530b1d140a7fbe
4ee4fafa4e6849cfb9321a146387ddb7,,Hak Milik,351,2011,01746,,10141706100671,,ARJASARI,107.6489336,-7.05586,320416,,3204162001,ARJASARI,297889ed3c7b96d746f7e0a13f823367,"['nib:01746', 'persilpasifid:4ee4fafa4e6849cfb9321a146387ddb7', 'nomor:10141706100671', 'geometry:297889ed3c7b96d746f7e0a13f823367']",nib:01746
6CD7D668C2A29C6BE053141D0B0A48F8,,Hak Milik,359,2018,03648,Meteran,10141706104543,,ARJASARI,107.6489336,-7.0552359,320416,,3204162001,ARJASARI,4f3c299d1d49bdc1d6cae094426bf0f8,"['nib:03648', 'persilpasifid:6cd7d668c2a29c6be053141d0b0a48f8', 'nomor:10141706104543', 'geometry:4f3c299d1d49bdc1d6cae094426bf0f8']",nib:03648
6CD7E4B1400DC989E053031D0B0AEC24,,Hak Milik,203,2018,03652,Meteran,10141706101682,,ARJASARI,107.6489336,-7.0552359,320416,,3204162001,ARJASARI,1dd05e7842ba11ba0c1d26d7c9cdfab8,"['nib:03652', 'persilpasifid:6cd7e4b1400dc989e053031d0b0aec24', 'nomor:10141706101682', 'geometry:1dd05e7842ba11ba0c1d26d7c9cdfab8']",nib:03652
6CD819C891AA5BB7E053031D0B0A788F,,Hak Milik,138,2018,03599,Meteran,10141706102285,,ARJASARI,107.6489336,-7.0546119,320416,,3204162001,ARJASARI,2e25ac319877e008d0e11793ce9986e5,"['nib:03599', 'persilpasifid:6cd819c891aa5bb7e053031d0b0a788f', 'nomor:10141706102285', 'geometry:2e25ac319877e008d0e11793ce9986e5']",nib:03599
1BFCB7C578C43BF8E053131D0B0A38F8,,Hak Milik,674,2018,01865,,10141706100741,,ARJASARI,107.6489336,-7.0589803,320416,,3204162001,ARJASARI,1649cad50ec244c00f2e478b09ad3d8e,"['nib:01865', 'persilpasifid:1bfcb7c578c43bf8e053131d0b0a38f8', 'nomor:10141706100741', 'geometry:1649cad50ec244c00f2e478b09ad3d8e']",nib:01865
6CD7F6D48E28B350E053141D0B0A767E,,Hak Milik,843,2018,03608,Meteran,10141706101739,,ARJASARI,107.6489336,-7.0539878,320416,,3204162001,ARJASARI,8275d86ded6ba5eeefd45099e96c034b,"['nib:03608', 'persilpasifid:6cd7f6d48e28b350e053141d0b0a767e', 'nomor:10141706101739', 'geometry:8275d86ded6ba5eeefd45099e96c034b']",nib:03608
6D000D7D08E98148E053031D0B0A18B9,,Hak Milik,1281,2018,03702,Meteran,10141706101738,,ARJASARI,107.6489336,-7.0533638,320416,,3204162001,ARJASARI,73c1ccf9cdbe2bd9ad9c586097b6ca18,"['nib:03702', 'persilpasifid:6d000d7d08e98148e053031d0b0a18b9', 'nomor:10141706101738', 'geometry:73c1ccf9cdbe2bd9ad9c586097b6ca18']",nib:03702
6D000D11584D8146E053031D0B0A4F26,,Hak Milik,271,2018,03683,Meteran,10141706101758,,ARJASARI,107.6489336,-7.0527397,320416,,3204162001,ARJASARI,fb09bdd6cf9f913d3483721049bf6c5d,"['nib:03683', 'persilpasifid:6d000d11584d8146e053031d0b0a4f26', 'nomor:10141706101758', 'geometry:fb09bdd6cf9f913d3483721049bf6c5d']",nib:03683
630BCF3A6B750200E053141D0B0A7419,,Kosong,546,,02240,Meteran,,,ARJASARI,107.6489336,-7.0502434,320416,,3204162001,ARJASARI,ab4e1f4d4b8f118b342d60a41734ceee,"['nib:02240', 'persilpasifid:630bcf3a6b750200e053141d0b0a7419', 'geometry:ab4e1f4d4b8f118b342d60a41734ceee']",nib:02240
7230B782C29DFFF2E053131D0B0AFA1F,,Hak Milik,545,2018,05312,Meteran,10141706102160,,ARJASARI,107.6489336,-7.0502434,320416,,3204162001,ARJASARI,0bd95e42b565c0b0f8ce5bdfd7fdbe89,"['nib:05312', 'persilpasifid:7230b782c29dfff2e053131d0b0afa1f', 'nomor:10141706102160', 'geometry:0bd95e42b565c0b0f8ce5bdfd7fdbe89']",nib:05312
A2C2B5AF7A4023EBE0530C1D140AD318,,Hak Milik,60,2021,,,10141706106503,,ARJASARI,107.6495624,-7.068341,320416,,3204162001,ARJASARI,a47c6f0f87e7f31478889adcac6f17d3,"['persilpasifid:a2c2b5af7a4023ebe0530c1d140ad318', 'nomor:10141706106503', 'geometry:a47c6f0f87e7f31478889adcac6f17d3']",persilpasifid:a2c2b5af7a4023ebe0530c1d140ad318
68DB0F0A3DB285C6E053131D0B0A93CB,,Hak Milik,387,2018,02401,Meteran,10141706101268,,ARJASARI,107.6489336,-7.0514916,320416,,3204162001,ARJASARI,7ebbc916f4c6000eaac09811f0ea8d19,"['nib:02401', 'persilpasifid:68db0f0a3db285c6e053131d0b0a93cb', 'nomor:10141706101268', 'geometry:7ebbc916f4c6000eaac09811f0ea8d19']",nib:02401
E21B6E81D1E5166DE0530B1D140AB1FA,,Hak Milik,60,2023,,,10141706106690,,ARJASARI,107.6495624,-7.0689651,320416,,3204162001,ARJASARI,c73208120b235861f49d12270ed8210d,"['persilpasifid:e21b6e81d1e5166de0530b1d140ab1fa', 'nomor:10141706106690', 'geometry:c73208120b235861f49d12270ed8210d']",persilpasifid:e21b6e81d1e5166de0530b1d140ab1fa
EAA9EFE45751A41AE0530C1D140A4F6D,,Hak Milik,60,2023,,GPS Geodetic,10141706106874,,ARJASARI,107.6495624,-7.0658448,320416,,3204162001,ARJASARI,1eb27ea487037bb5a94ef745cf1910fd,"['persilpasifid:eaa9efe45751a41ae0530c1d140a4f6d', 'nomor:10141706106874', 'geometry:1eb27ea487037bb5a94ef745cf1910fd']",persilpasifid:eaa9efe45751a41ae0530c1d140a4f6d
EAA9EFE45752A41AE0530C1D140A4F6D,,Hak Milik,60,2023,,GPS Geodetic,10141706106912,,ARJASARI,107.6495624,-7.0658448,320416,,3204162001,ARJASARI,c1109598331305be40e6c17290610337,"['persilpasifid:eaa9efe45752a41ae0530c1d140a4f6d', 'nomor:10141706106912', 'geometry:c1109598331305be40e6c17290610337']",persilpasifid:eaa9efe45752a41ae0530c1d140a4f6d
FF0047647EE40568E0530C1D140A2D61,,Hak Milik,90,2023,,,10141706301482,,ARJASARI,107.6495624,-7.0664689,320416,,3204162001,ARJASARI,efd3af45f33b7ab2d05a754671ae9752,"['persilpasifid:ff0047647ee40568e0530c1d140a2d61', 'nomor:10141706301482', 'geometry:efd3af45f33b7ab2d05a754671ae9752']",persilpasifid:ff0047647ee40568e0530c1d140a2d61
290C1BEF59EC90CEE053031D0B0A95FD,,Hak Milik,155,2016,01884,,10141706100806,,ARJASARI,107.6495624,-7.0602284,320416,,3204162001,ARJASARI,d27f2659211a5fbd6452a15084d8b7da,"['nib:01884', 'persilpasifid:290c1bef59ec90cee053031d0b0a95fd', 'nomor:10141706100806', 'geometry:d27f2659211a5fbd6452a15084d8b7da']",nib:01884
290C1BEF59EE90CEE053031D0B0A95FD,,Hak Milik,165,2016,01885,,10141706100807,,ARJASARI,107.6495624,-7.0602284,320416,,3204162001,ARJASARI,411b2f6da9c2daf3fc049ee3ebcd153c,"['nib:01885', 'persilpasifid:290c1bef59ee90cee053031d0b0a95fd', 'nomor:10141706100807', 'geometry:411b2f6da9c2daf3fc049ee3ebcd153c']",nib:01885
290BDC217E751E5FE053031D0B0A68D7,,Hak Milik,263,2016,01889,,10141706100811,,ARJASARI,107.6495624,-7.0608524,320416,,3204162001,ARJASARI,977314401791e820532b1acd6846facb,"['nib:01889', 'persilpasifid:290bdc217e751e5fe053031d0b0a68d7', 'nomor:10141706100811', 'geometry:977314401791e820532b1acd6846facb']",nib:01889
2D82C760C2933B37E053031D0B0A3314,,Hak Milik,86,2016,01971,,10141706100860,,ARJASARI,107.6495624,-7.0596043,320416,,3204162001,ARJASARI,45df82bcb3b0cab17843759fd55848d0,"['nib:01971', 'persilpasifid:2d82c760c2933b37e053031d0b0a3314', 'nomor:10141706100860', 'geometry:45df82bcb3b0cab17843759fd55848d0']",nib:01971
EAAA0825621032F8E0530B1D140A88EF,,Hak Milik,90,2024,,GPS Geodetic,10141706107240,,ARJASARI,107.6495624,-7.0645967,320416,,3204162001,ARJASARI,157ac964c4c33eb49d122455869e87ad,"['persilpasifid:eaaa0825621032f8e0530b1d140a88ef', 'nomor:10141706107240', 'geometry:157ac964c4c33eb49d122455869e87ad']",persilpasifid:eaaa0825621032f8e0530b1d140a88ef
EAAA082561F032F8E0530B1D140A88EF,,Hak Milik,60,2023,,GPS Geodetic,10141706106930,,ARJASARI,107.6495624,-7.0652208,320416,,3204162001,ARJASARI,87526df04b3def0c7e9b05fc5abfea01,"['persilpasifid:eaaa082561f032f8e0530b1d140a88ef', 'nomor:10141706106930', 'geometry:87526df04b3def0c7e9b05fc5abfea01']",persilpasifid:eaaa082561f032f8e0530b1d140a88ef
2D830B1600E3D6E1E053031D0B0A949F,,Hak Milik,153,2016,01977,,10141706100866,,ARJASARI,107.6495624,-7.0589803,320416,,3204162001,ARJASARI,dc70942ea39ed6e9a2ca62c1ec1b54fa,"['nib:01977', 'persilpasifid:2d830b1600e3d6e1e053031d0b0a949f', 'nomor:10141706100866', 'geometry:dc70942ea39ed6e9a2ca62c1ec1b54fa']",nib:01977
6CD7F6D48E26B350E053141D0B0A767E,,Hak Milik,571,2018,03606,Meteran,10141706103934,,ARJASARI,107.6495624,-7.0539878,320416,,3204162001,ARJASARI,c3b6e428191832dd32cadb73835b47ee,"['nib:03606', 'persilpasifid:6cd7f6d48e26b350e053141d0b0a767e', 'nomor:10141706103934', 'geometry:c3b6e428191832dd32cadb73835b47ee']",nib:03606
6CD7F6D48E25B350E053141D0B0A767E,,Hak Milik,193,2018,03588,Meteran,10141706102068,,ARJASARI,107.6495624,-7.0546119,320416,,3204162001,ARJASARI,ae2c786709016077c4a31478c923c7b8,"['nib:03588', 'persilpasifid:6cd7f6d48e25b350e053141d0b0a767e', 'nomor:10141706102068', 'geometry:ae2c786709016077c4a31478c923c7b8']",nib:03588
6D000D11584A8146E053031D0B0A4F26,,Hak Milik,126,2018,03678,Meteran,10141706101939,,ARJASARI,107.6495624,-7.0527397,320416,,3204162001,ARJASARI,5a7fccf45e7065f209f1170913c2397d,"['nib:03678', 'persilpasifid:6d000d11584a8146e053031d0b0a4f26', 'nomor:10141706101939', 'geometry:5a7fccf45e7065f209f1170913c2397d']",nib:03678
75B9F803FB6A8EC0E053021D0B0A176D,,Hak Milik,132,2018,06135,Meteran,10141706104073,,ARJASARI,107.6495624,-7.0552359,320416,,3204162001,ARJASARI,67873ad454f2f89e4900110b89e4397a,"['nib:06135', 'persilpasifid:75b9f803fb6a8ec0e053021d0b0a176d', 'nomor:10141706104073', 'geometry:67873ad454f2f89e4900110b89e4397a']",nib:06135
75BA111FC05DB246E053141D0B0AD234,,Hak Milik,143,2018,06137,Meteran,10141706104044,,ARJASARI,107.6495624,-7.0552359,320416,,3204162001,ARJASARI,3a45538b7b4a4ad33b4612d2e339fb88,"['nib:06137', 'persilpasifid:75ba111fc05db246e053141d0b0ad234', 'nomor:10141706104044', 'geometry:3a45538b7b4a4ad33b4612d2e339fb88']",nib:06137
68EE41836D36354BE053141D0B0A1071,,Hak Milik,158,2018,02554,Meteran,10141706101161,,ARJASARI,107.6495624,-7.0489953,320416,,3204162001,ARJASARI,70f42d9b7914eb0fa87d3fdd68ef7c0b,"['nib:02554', 'persilpasifid:68ee41836d36354be053141d0b0a1071', 'nomor:10141706101161', 'geometry:70f42d9b7914eb0fa87d3fdd68ef7c0b']",nib:02554
68EECDCC6BAC1906E053021D0B0A630D,,Hak Milik,236,2018,02547,Meteran,10141706101314,,ARJASARI,107.6495624,-7.0489953,320416,,3204162001,ARJASARI,17216274a2a65a896a632d96025675e8,"['nib:02547', 'persilpasifid:68eecdcc6bac1906e053021d0b0a630d', 'nomor:10141706101314', 'geometry:17216274a2a65a896a632d96025675e8']",nib:02547
68EF11168DEFEFC3E053031D0B0AA68F,,Hak Milik,134,2018,02550,Meteran,10141706102009,,ARJASARI,107.6495624,-7.0489953,320416,,3204162001,ARJASARI,3919780faa3852172c7047998779a3cd,"['nib:02550', 'persilpasifid:68ef11168defefc3e053031d0b0aa68f', 'nomor:10141706102009', 'geometry:3919780faa3852172c7047998779a3cd']",nib:02550
68DA10FDB258684CE053141D0B0AF78D,,Hak Milik,123,2018,02395,Meteran,10141706101265,,ARJASARI,107.6495624,-7.0514916,320416,,3204162001,ARJASARI,6e98182772ca54aec0087778d1885954,"['nib:02395', 'persilpasifid:68da10fdb258684ce053141d0b0af78d', 'nomor:10141706101265', 'geometry:6e98182772ca54aec0087778d1885954']",nib:02395
68DAD9FE6D8A9A5EE053141D0B0A0DE8,,Hak Milik,271,2018,02406,Meteran,10141706101267,,ARJASARI,107.6495624,-7.0508675,320416,,3204162001,ARJASARI,89fc097fd896ba41a1d76539545db1f4,"['nib:02406', 'persilpasifid:68dad9fe6d8a9a5ee053141d0b0a0de8', 'nomor:10141706101267', 'geometry:89fc097fd896ba41a1d76539545db1f4']",nib:02406
CD81E19CB936CFF5E0530C1D140A0FAA,,Hak Milik,60,2021,,,10141706301005,,ARJASARI,107.6501912,-7.068341,320416,,3204162001,ARJASARI,bb9b5d420374223d8aad9c8bf453c350,"['persilpasifid:cd81e19cb936cff5e0530c1d140a0faa', 'nomor:10141706301005', 'geometry:bb9b5d420374223d8aad9c8bf453c350']",persilpasifid:cd81e19cb936cff5e0530c1d140a0faa
CD81E19CDD5001D1E0530B1D140AAA43,,Hak Guna Bangunan,60,2021,,,10141706301004,,ARJASARI,107.6501912,-7.068341,320416,,3204162001,ARJASARI,64cab74c81ef79b833df999105060d7d,"['persilpasifid:cd81e19cdd5001d1e0530b1d140aaa43', 'nomor:10141706301004', 'geometry:64cab74c81ef79b833df999105060d7d']",persilpasifid:cd81e19cdd5001d1e0530b1d140aaa43
EAAA031BAE1C2BF3E0530C1D140A80C3,,Hak Guna Bangunan,60,2022,,GPS Geodetic,10141706301204,,ARJASARI,107.6501912,-7.0652208,320416,,3204162001,ARJASARI,9780d4afefeaff28f69f6f5d9b780509,"['persilpasifid:eaaa031bae1c2bf3e0530c1d140a80c3', 'nomor:10141706301204', 'geometry:9780d4afefeaff28f69f6f5d9b780509']",persilpasifid:eaaa031bae1c2bf3e0530c1d140a80c3
EAA9DAA8A3EDEA27E0530C1D140A90FC,,Hak Guna Bangunan,90,2022,,GPS Geodetic,10141706301191,,ARJASARI,107.6501912,-7.0645967,320416,,3204162001,ARJASARI,48e8fd3d66af7bf7a0b2861e7c39d3e1,"['persilpasifid:eaa9daa8a3edea27e0530c1d140a90fc', 'nomor:10141706301191', 'geometry:48e8fd3d66af7bf7a0b2861e7c39d3e1']",persilpasifid:eaa9daa8a3edea27e0530c1d140a90fc
FF0043817DDBEC5AE0530C1D140AF324,,Hak Milik,60,2024,,,10141706107349,,ARJASARI,107.6501912,-7.0689651,320416,,3204162001,ARJASARI,60120b24248bb737f295f76ccec9dfc3,"['persilpasifid:ff0043817ddbec5ae0530c1d140af324', 'nomor:10141706107349', 'geometry:60120b24248bb737f295f76ccec9dfc3']",persilpasifid:ff0043817ddbec5ae0530c1d140af324
2D82B6738ACF6A86E053021D0B0A378A,,Hak Milik,105,2016,01997,,10141706100886,,ARJASARI,107.6501912,-7.0589803,320416,,3204162001,ARJASARI,9e42aff70bc70d9b26a2046f6d4c4d91,"['nib:01997', 'persilpasifid:2d82b6738acf6a86e053021d0b0a378a', 'nomor:10141706100886', 'geometry:9e42aff70bc70d9b26a2046f6d4c4d91']",nib:01997
68EE951183A1CB31E053141D0B0A1237,,Hak Milik,1453,2018,02532,Meteran,10141706101475,,ARJASARI,107.6501912,-7.0527397,320416,,3204162001,ARJASARI,5bd72edaaead28872dd4bab5c03f44b9,"['nib:02532', 'persilpasifid:68ee951183a1cb31e053141d0b0a1237', 'nomor:10141706101475', 'geometry:5bd72edaaead28872dd4bab5c03f44b9']",nib:02532
68EE95117D3DCB31E053141D0B0A1237,,Hak Milik,1856,2018,02524,Meteran,10141706101160,,ARJASARI,107.6501912,-7.0514916,320416,,3204162001,ARJASARI,37d216ca5ba906caaf61cfd5c22c4c8e,"['nib:02524', 'persilpasifid:68ee95117d3dcb31e053141d0b0a1237', 'nomor:10141706101160', 'geometry:37d216ca5ba906caaf61cfd5c22c4c8e']",nib:02524
7ee3f7cd8fcc4644a074b3175bd1d6aa,,Hak Milik,426,1994,00459,,10141706100036,,ARJASARI,107.6501912,-7.0571081,320416,,3204162001,ARJASARI,e9c8d2c0fde07639950261db9de9bc3c,"['nib:00459', 'persilpasifid:7ee3f7cd8fcc4644a074b3175bd1d6aa', 'nomor:10141706100036', 'geometry:e9c8d2c0fde07639950261db9de9bc3c']",nib:00459
75BA0D72094F5B33E053131D0B0AEA42,,Hak Milik,293,2018,06126,Meteran,10141706105836,,ARJASARI,107.6501912,-7.0552359,320416,,3204162001,ARJASARI,2045ab3543c6603640350cc59ddad343,"['nib:06126', 'persilpasifid:75ba0d72094f5b33e053131d0b0aea42', 'nomor:10141706105836', 'geometry:2045ab3543c6603640350cc59ddad343']",nib:06126
2D82B87796472431E053141D0B0AB13E,,Hak Milik,301,2016,01958,,10141706100847,,ARJASARI,107.6501912,-7.0596043,320416,,3204162001,ARJASARI,a92c3c439e655b670e57f32f17592daf,"['nib:01958', 'persilpasifid:2d82b87796472431e053141d0b0ab13e', 'nomor:10141706100847', 'geometry:a92c3c439e655b670e57f32f17592daf']",nib:01958
68DDD7B986A3C974E053021D0B0A6138,,Hak Milik,122,2018,02440,Meteran,10141706101304,,ARJASARI,107.6501912,-7.0502434,320416,,3204162001,ARJASARI,d45cf2eec9b2c725168838570d049704,"['nib:02440', 'persilpasifid:68ddd7b986a3c974e053021d0b0a6138', 'nomor:10141706101304', 'geometry:d45cf2eec9b2c725168838570d049704']",nib:02440
68EECDCC6B981906E053021D0B0A630D,,Hak Milik,239,2018,02542,Meteran,10141706101241,,ARJASARI,107.6501912,-7.0489953,320416,,3204162001,ARJASARI,0dd851390d1fa77192b41d97e072dad4,"['nib:02542', 'persilpasifid:68eecdcc6b981906e053021d0b0a630d', 'nomor:10141706101241', 'geometry:0dd851390d1fa77192b41d97e072dad4']",nib:02542
4803112CC76ED25BE053141D0B0AC547,,Hak Milik,139,2017,02133,,10141706101017,,ARJASARI,107.6501912,-7.0583562,320416,,3204162001,ARJASARI,19e56d63a406e0be656091dcde46549f,"['nib:02133', 'persilpasifid:4803112cc76ed25be053141d0b0ac547', 'nomor:10141706101017', 'geometry:19e56d63a406e0be656091dcde46549f']",nib:02133
2FA8776C28D54C8FE053021D0B0AECD4,,Hak Milik,20000,1981,01708,,10141706100643,,ARJASARI,107.6501912,-7.0583562,320416,,3204162001,ARJASARI,1c976c477a38ce6931b4a30611a2521a,"['nib:01708', 'persilpasifid:2fa8776c28d54c8fe053021d0b0aecd4', 'nomor:10141706100643', 'geometry:1c976c477a38ce6931b4a30611a2521a']",nib:01708
f6ac08140c0641e3a83c7ba7644d97b0,,Hak Guna Bangunan,60,2008,01573,,10141706300195,,ARJASARI,107.65082,-7.068341,320416,,3204162001,ARJASARI,2120906b88e5c4e13309b2863c66eac9,"['nib:01573', 'persilpasifid:f6ac08140c0641e3a83c7ba7644d97b0', 'nomor:10141706300195', 'geometry:2120906b88e5c4e13309b2863c66eac9']",nib:01573
ffe8c6f1020747808a2941b8856dbd17,,Hak Milik,60,2002,01537,,10141706100563,,ARJASARI,107.65082,-7.068341,320416,,3204162001,ARJASARI,0f4ce2707335bdf17550d54f185365fc,"['nib:01537', 'persilpasifid:ffe8c6f1020747808a2941b8856dbd17', 'nomor:10141706100563', 'geometry:0f4ce2707335bdf17550d54f185365fc']",nib:01537
7AFD2049FDF90658E053021D0B0A03BD,,Hak Guna Bangunan,60,2019,07467,,10141706300242,,ARJASARI,107.65082,-7.067717,320416,,3204162001,ARJASARI,c0110ace86769ce8e11e33633761bc4d,"['nib:07467', 'persilpasifid:7afd2049fdf90658e053021d0b0a03bd', 'nomor:10141706300242', 'geometry:c0110ace86769ce8e11e33633761bc4d']",nib:07467
68D5872C18F593A7E053141D0B0A4DF9,,Hak Milik,330,2018,02336,Meteran,10141706101166,,ARJASARI,107.6501912,-7.0496194,320416,,3204162001,ARJASARI,8ec6303205b076d82f725fa2b0a24544,"['nib:02336', 'persilpasifid:68d5872c18f593a7e053141d0b0a4df9', 'nomor:10141706101166', 'geometry:8ec6303205b076d82f725fa2b0a24544']",nib:02336
62cd2a7a64ab4370a0eba46a1a6dc460,,Hak Guna Bangunan,60,2004,01582,,10141706300168,,ARJASARI,107.65082,-7.0670929,320416,,3204162001,ARJASARI,e79a00203a53ab4434bbbc147fcef930,"['nib:01582', 'persilpasifid:62cd2a7a64ab4370a0eba46a1a6dc460', 'nomor:10141706300168', 'geometry:e79a00203a53ab4434bbbc147fcef930']",nib:01582
68DDD7B986A9C974E053021D0B0A6138,,Hak Milik,203,2018,02446,Meteran,10141706101219,,ARJASARI,107.6501912,-7.0508675,320416,,3204162001,ARJASARI,727d2fc966ca1f9c3f855a1a95f2a5f2,"['nib:02446', 'persilpasifid:68ddd7b986a9c974e053021d0b0a6138', 'nomor:10141706101219', 'geometry:727d2fc966ca1f9c3f855a1a95f2a5f2']",nib:02446
B5468A14F259E787E040A8C010016350,,Hak Milik,242,2018,,,10141706100689,,ARJASARI,107.65082,-7.0577322,320416,,3204162001,ARJASARI,88e7e56bc67b7da06ed0c387ce1f0a53,"['persilpasifid:b5468a14f259e787e040a8c010016350', 'nomor:10141706100689', 'geometry:88e7e56bc67b7da06ed0c387ce1f0a53']",persilpasifid:b5468a14f259e787e040a8c010016350
45B4CD2427156175E053141D0B0AFE3E,,Hak Milik,1178,2019,02056,,10141706102013,,ARJASARI,107.65082,-7.0508675,320416,,3204162001,ARJASARI,fa308dc8471dbd314f3aea38690f18b8,"['nib:02056', 'persilpasifid:45b4cd2427156175e053141d0b0afe3e', 'nomor:10141706102013', 'geometry:fa308dc8471dbd314f3aea38690f18b8']",nib:02056
C8B4756B2A1B5C6CE0530B1D140A1165,,Hak Milik,627,2021,,,10141708103072,,ARJASARI,107.65082,-7.0571081,320416,,3204162001,ARJASARI,c7ebfd4f065bec1bed8a0f754309898f,"['persilpasifid:c8b4756b2a1b5c6ce0530b1d140a1165', 'nomor:10141708103072', 'geometry:c7ebfd4f065bec1bed8a0f754309898f']",persilpasifid:c8b4756b2a1b5c6ce0530b1d140a1165
1981BEB2CB1989A5E063B416140A97BE,,Hak Milik,60,2024,,,10141706301996,,ARJASARI,107.6520777,-7.0689651,320416,,3204162001,ARJASARI,3bcc1269d91e1d42409841f2ada4e7aa,"['persilpasifid:1981beb2cb1989a5e063b416140a97be', 'nomor:10141706301996', 'geometry:3bcc1269d91e1d42409841f2ada4e7aa']",persilpasifid:1981beb2cb1989a5e063b416140a97be
FF0048009171066CE0530C1D140AA9E7,,Hak Milik,60,2024,,CORS,10141706107101,,ARJASARI,107.6520777,-7.0708372,320416,,3204162001,ARJASARI,15b1bf654ae5fcc352085c2ce8cc3c8f,"['persilpasifid:ff0048009171066ce0530c1d140aa9e7', 'nomor:10141706107101', 'geometry:15b1bf654ae5fcc352085c2ce8cc3c8f']",persilpasifid:ff0048009171066ce0530c1d140aa9e7
FAEB821A8CD67E36E043021D0B0A4543,,Hak Milik,1308,2014,01251,,10141708100486,,ARJASARI,107.6527065,-7.0708372,320416,,3204162001,ARJASARI,b11717847f50c0655f6cb0502c629297,"['nib:01251', 'persilpasifid:faeb821a8cd67e36e043021d0b0a4543', 'nomor:10141708100486', 'geometry:b11717847f50c0655f6cb0502c629297']",nib:01251
FF0047647F090568E0530C1D140A2D61,,Hak Milik,60,2024,,CORS,10141706107106,,ARJASARI,107.6520777,-7.0702131,320416,,3204162001,ARJASARI,c6c750cfb6efe1b98a8b291e1b96d078,"['persilpasifid:ff0047647f090568e0530c1d140a2d61', 'nomor:10141706107106', 'geometry:c6c750cfb6efe1b98a8b291e1b96d078']",persilpasifid:ff0047647f090568e0530c1d140a2d61
FF0051CA52BC398EE0530C1D140AC7DF,,Hak Milik,60,2023,,CORS,10141706301642,,ARJASARI,107.6520777,-7.0702131,320416,,3204162001,ARJASARI,60f426c26f355823dc55f22b6b2723ae,"['persilpasifid:ff0051ca52bc398ee0530c1d140ac7df', 'nomor:10141706301642', 'geometry:60f426c26f355823dc55f22b6b2723ae']",persilpasifid:ff0051ca52bc398ee0530c1d140ac7df
EDF22A3D729D23D8E0530C1D140A682C,,Hak Milik,162,2023,,Meteran,10141701103913,,ARJASARI,107.6240952,-7.0496194,320416,,3204162001,ARJASARI,1d69950faaa691c3ace0662da7990a1f,"['persilpasifid:edf22a3d729d23d8e0530c1d140a682c', 'nomor:10141701103913', 'geometry:1d69950faaa691c3ace0662da7990a1f']",persilpasifid:edf22a3d729d23d8e0530c1d140a682c
753079889CD9D961E053031D0B0AB988,,Hak Milik,148,2018,05992,Meteran,10141706103713,,ARJASARI,107.624724,-7.0508675,320416,,3204162001,ARJASARI,e055992c4934d85681f79a354a5ebb24,"['nib:05992', 'persilpasifid:753079889cd9d961e053031d0b0ab988', 'nomor:10141706103713', 'geometry:e055992c4934d85681f79a354a5ebb24']",nib:05992
6DCCA7B957EC2C21E053021D0B0AC8F0,,Hak Milik,575,2018,02014,Meteran,10141703100658,,ARJASARI,107.624724,-7.0521156,320416,,3204162001,ARJASARI,80b62fefea903607354772a0825b8ce2,"['nib:02014', 'persilpasifid:6dcca7b957ec2c21e053021d0b0ac8f0', 'nomor:10141703100658', 'geometry:80b62fefea903607354772a0825b8ce2']",nib:02014
7532CB1EFD9592B1E053021D0B0AEA1F,,Hak Milik,818,2018,06000,Meteran,10141706103674,,ARJASARI,107.6253528,-7.0514916,320416,,3204162001,ARJASARI,ca4b588abae8525f62d4478714f8adf8,"['nib:06000', 'persilpasifid:7532cb1efd9592b1e053021d0b0aea1f', 'nomor:10141706103674', 'geometry:ca4b588abae8525f62d4478714f8adf8']",nib:06000
7532CB1EFD9A92B1E053021D0B0AEA1F,,Hak Milik,106,2018,06011,Meteran,10141706103687,,ARJASARI,107.6253528,-7.0508675,320416,,3204162001,ARJASARI,255c985bb8dbf0d5b8e644cfb70c8d85,"['nib:06011', 'persilpasifid:7532cb1efd9a92b1e053021d0b0aea1f', 'nomor:10141706103687', 'geometry:255c985bb8dbf0d5b8e644cfb70c8d85']",nib:06011
08623B9B8C1B5CC7E063B416140A8204,,Kosong,17760,,,,,0.5,ARJASARI,107.6240952,-7.0527397,320416,,3204162001,ARJASARI,b93c1da16544e7d0796101cec54179c7,"['persilpasifid:08623b9b8c1b5cc7e063b416140a8204', 'geometry:b93c1da16544e7d0796101cec54179c7']",persilpasifid:08623b9b8c1b5cc7e063b416140a8204
6DCCA922D7ACDCEDE053131D0B0AA507,,Hak Milik,257,2018,02111,Meteran,10141703100466,,ARJASARI,107.6259816,-7.0527397,320416,,3204162001,ARJASARI,7d82c65801c9122602d2ca974e65da32,"['nib:02111', 'persilpasifid:6dcca922d7acdcede053131d0b0aa507', 'nomor:10141703100466', 'geometry:7d82c65801c9122602d2ca974e65da32']",nib:02111
753079889CE3D961E053031D0B0AB988,,Hak Milik,249,2018,06030,Meteran,10141706103694,,ARJASARI,107.6266104,-7.0514916,320416,,3204162001,ARJASARI,20d598c0a25e7e2e227447d0b4602f00,"['nib:06030', 'persilpasifid:753079889ce3d961e053031d0b0ab988', 'nomor:10141706103694', 'geometry:20d598c0a25e7e2e227447d0b4602f00']",nib:06030
75331060C832907BE053021D0B0AF978,,Hak Milik,198,2018,06083,Meteran,10141706103716,,ARJASARI,107.6272393,-7.0508675,320416,,3204162001,ARJASARI,1c32b5041a3f22b5e1113331eb73fd2f,"['nib:06083', 'persilpasifid:75331060c832907be053021d0b0af978', 'nomor:10141706103716', 'geometry:1c32b5041a3f22b5e1113331eb73fd2f']",nib:06083
7532CB1EFDB692B1E053021D0B0AEA1F,,Hak Milik,279,2018,06078,Meteran,10141706104025,,ARJASARI,107.6272393,-7.0496194,320416,,3204162001,ARJASARI,343fd3b3563dd9bf74c69bf896032448,"['nib:06078', 'persilpasifid:7532cb1efdb692b1e053021d0b0aea1f', 'nomor:10141706104025', 'geometry:343fd3b3563dd9bf74c69bf896032448']",nib:06078
72492B6784AA4236E053141D0B0A93EA,,Hak Milik,404,2018,03596,Meteran,10141703101475,,ARJASARI,107.6272393,-7.0533638,320416,,3204162001,ARJASARI,71bdfe3eaaf34e89c227515dba69f290,"['nib:03596', 'persilpasifid:72492b6784aa4236e053141d0b0a93ea', 'nomor:10141703101475', 'geometry:71bdfe3eaaf34e89c227515dba69f290']",nib:03596
6DEF926E41F296D3E053131D0B0A4062,,Hak Milik,404,2018,02490,Meteran,10141703100544,,ARJASARI,107.6278681,-7.0527397,320416,,3204162001,ARJASARI,116bd19a08db18fc1218ae1b58b7cfee,"['nib:02490', 'persilpasifid:6def926e41f296d3e053131d0b0a4062', 'nomor:10141703100544', 'geometry:116bd19a08db18fc1218ae1b58b7cfee']",nib:02490
6DEF926E41F396D3E053131D0B0A4062,,Hak Milik,154,2018,02491,Meteran,10141703102722,,ARJASARI,107.6278681,-7.0527397,320416,,3204162001,ARJASARI,c4cff0949f67abdab50a8d4266b81a17,"['nib:02491', 'persilpasifid:6def926e41f396d3e053131d0b0a4062', 'nomor:10141703102722', 'geometry:c4cff0949f67abdab50a8d4266b81a17']",nib:02491
7558BE22B0D26CE3E053021D0B0A2A4F,,Hak Milik,728,2018,06105,Meteran,10141706105826,,ARJASARI,107.6272393,-7.0514916,320416,,3204162001,ARJASARI,34b7a05fbaece66b249df56ef9bbb2a1,"['nib:06105', 'persilpasifid:7558be22b0d26ce3e053021d0b0a2a4f', 'nomor:10141706105826', 'geometry:34b7a05fbaece66b249df56ef9bbb2a1']",nib:06105
6DEF926E41EA96D3E053131D0B0A4062,,Hak Milik,794,2018,02473,Meteran,10141703100648,,ARJASARI,107.6272393,-7.0527397,320416,,3204162001,ARJASARI,c9c22a74ed6c35dd22187ef7b3086329,"['nib:02473', 'persilpasifid:6def926e41ea96d3e053131d0b0a4062', 'nomor:10141703100648', 'geometry:c9c22a74ed6c35dd22187ef7b3086329']",nib:02473
6DEF926E420B96D3E053131D0B0A4062,,Hak Milik,159,2018,02523,Meteran,10141703100536,,ARJASARI,107.6284969,-7.0527397,320416,,3204162001,ARJASARI,144b87e2a13c7c162dae769688b67f12,"['nib:02523', 'persilpasifid:6def926e420b96d3e053131d0b0a4062', 'nomor:10141703100536', 'geometry:144b87e2a13c7c162dae769688b67f12']",nib:02523
7519D7FE6167C960E053141D0B0AF6E1,,Hak Milik,559,2018,05932,Meteran,10141706103585,,ARJASARI,107.6284969,-7.0508675,320416,,3204162001,ARJASARI,be9f9f86a2526fbdf8b758ad5544a319,"['nib:05932', 'persilpasifid:7519d7fe6167c960e053141d0b0af6e1', 'nomor:10141706103585', 'geometry:be9f9f86a2526fbdf8b758ad5544a319']",nib:05932
751A3CF8DFB79865E053021D0B0A512D,,Hak Milik,150,2018,05843,Meteran,10141706104056,,ARJASARI,107.6284969,-7.0483712,320416,,3204162001,ARJASARI,59eaaefa7a604b84cb33184a60f89a2e,"['nib:05843', 'persilpasifid:751a3cf8dfb79865e053021d0b0a512d', 'nomor:10141706104056', 'geometry:59eaaefa7a604b84cb33184a60f89a2e']",nib:05843
06CCE1C180451427E063B416140A6A2E,,Hak Milik,602,2023,,,10141706107009,,ARJASARI,107.6278681,-7.0514916,320416,,3204162001,ARJASARI,e24530e743396ea4c3bd2afba92d2f89,"['persilpasifid:06cce1c180451427e063b416140a6a2e', 'nomor:10141706107009', 'geometry:e24530e743396ea4c3bd2afba92d2f89']",persilpasifid:06cce1c180451427e063b416140a6a2e
7558BE2A860DB6B0E053141D0B0A12B4,,Hak Milik,467,2018,06109,Meteran,10141706105819,,ARJASARI,107.6284969,-7.0514916,320416,,3204162001,ARJASARI,a051bc68c5991cc1001adcf786cf8a28,"['nib:06109', 'persilpasifid:7558be2a860db6b0e053141d0b0a12b4', 'nomor:10141706105819', 'geometry:a051bc68c5991cc1001adcf786cf8a28']",nib:06109
7558BE2A860EB6B0E053141D0B0A12B4,,Hak Milik,817,2018,06110,,10141706103733,,ARJASARI,107.6291257,-7.0521156,320416,,3204162001,ARJASARI,5702c5a31a38737a52465309585bd2cc,"['nib:06110', 'persilpasifid:7558be2a860eb6b0e053141d0b0a12b4', 'nomor:10141706103733', 'geometry:5702c5a31a38737a52465309585bd2cc']",nib:06110
6DEF9294637C6F4AE053131D0B0AE582,,Hak Milik,704,2018,02540,Meteran,10141703100540,,ARJASARI,107.6297545,-7.0539878,320416,,3204162001,ARJASARI,1c9007f0ce86683483a104cb51f17806,"['nib:02540', 'persilpasifid:6def9294637c6f4ae053131d0b0ae582', 'nomor:10141703100540', 'geometry:1c9007f0ce86683483a104cb51f17806']",nib:02540
751A3CF8DFEC9865E053021D0B0A512D,,Hak Milik,423,2018,05915,Meteran,10141706105869,,ARJASARI,107.6291257,-7.0496194,320416,,3204162001,ARJASARI,dfe19c3742bf5f5b0168a1387901792b,"['nib:05915', 'persilpasifid:751a3cf8dfec9865e053021d0b0a512d', 'nomor:10141706105869', 'geometry:dfe19c3742bf5f5b0168a1387901792b']",nib:05915
76D54365B75D0316E053021D0B0A8D3E,,Hak Milik,242,2018,06378,Meteran,10141706104312,,ARJASARI,107.6297545,-7.0502434,320416,,3204162001,ARJASARI,96d6923cae331f180cdd216bfee509c1,"['nib:06378', 'persilpasifid:76d54365b75d0316e053021d0b0a8d3e', 'nomor:10141706104312', 'geometry:96d6923cae331f180cdd216bfee509c1']",nib:06378
5C6AE6F72595762EE053021D0B0ACF5A,,Hak Milik,446,2018,02229,,10141706101272,,ARJASARI,107.6303834,-7.0521156,320416,,3204162001,ARJASARI,319fc3d6b89e0ec14f719a2e9e5e4b42,"['nib:02229', 'persilpasifid:5c6ae6f72595762ee053021d0b0acf5a', 'nomor:10141706101272', 'geometry:319fc3d6b89e0ec14f719a2e9e5e4b42']",nib:02229
75B9F269CE4BB9D1E053141D0B0A0C87,,Hak Milik,619,2018,06162,Meteran,10141706105026,,ARJASARI,107.6291257,-7.0477472,320416,,3204162001,ARJASARI,bd2670753127a3a9d7985ddad09c9dfe,"['nib:06162', 'persilpasifid:75b9f269ce4bb9d1e053141d0b0a0c87', 'nomor:10141706105026', 'geometry:bd2670753127a3a9d7985ddad09c9dfe']",nib:06162
c604dc7ad1614fcd9bf62a8fa87131c6,,Hak Milik,661,1998,01790,,10141706100068,,ARJASARI,107.6303834,-7.0502434,320416,,3204162001,ARJASARI,9a5dea784e75dd09d844c5d9c8f2b2d2,"['nib:01790', 'persilpasifid:c604dc7ad1614fcd9bf62a8fa87131c6', 'nomor:10141706100068', 'geometry:9a5dea784e75dd09d844c5d9c8f2b2d2']",nib:01790
76D561ADB6AF53CEE053031D0B0A4552,,Hak Milik,252,2018,06406,Meteran,10141706104209,,ARJASARI,107.6303834,-7.0496194,320416,,3204162001,ARJASARI,18aecf8cd221eef473c153198253d544,"['nib:06406', 'persilpasifid:76d561adb6af53cee053031d0b0a4552', 'nomor:10141706104209', 'geometry:18aecf8cd221eef473c153198253d544']",nib:06406
76D56A5B374FECD5E053141D0B0A3C9C,,Hak Milik,631,2018,06317,Meteran,10141706106018,,ARJASARI,107.6291257,-7.0514916,320416,,3204162001,ARJASARI,ddab4ef641df268a4780d3c78f15d739,"['nib:06317', 'persilpasifid:76d56a5b374fecd5e053141d0b0a3c9c', 'nomor:10141706106018', 'geometry:ddab4ef641df268a4780d3c78f15d739']",nib:06317
7776803018EAE0FEE053141D0B0AA6B2,,Hak Milik,965,2018,06712,Meteran,10141706104458,,ARJASARI,107.6291257,-7.0452509,320416,,3204162001,ARJASARI,9cb936c8e966dd7d3007eeaeea0e53c5,"['nib:06712', 'persilpasifid:7776803018eae0fee053141d0b0aa6b2', 'nomor:10141706104458', 'geometry:9cb936c8e966dd7d3007eeaeea0e53c5']",nib:06712
76D54365B7540316E053021D0B0A8D3E,,Hak Milik,208,2018,06360,Meteran,10141706104140,,ARJASARI,107.6297545,-7.0514916,320416,,3204162001,ARJASARI,5d79f00922e550953cbb8b3bc62875c7,"['nib:06360', 'persilpasifid:76d54365b7540316e053021d0b0a8d3e', 'nomor:10141706104140', 'geometry:5d79f00922e550953cbb8b3bc62875c7']",nib:06360
7519D7FE6159C960E053141D0B0AF6E1,,Hak Milik,365,2018,05902,Meteran,10141706103628,,ARJASARI,107.6297545,-7.0496194,320416,,3204162001,ARJASARI,bc966ce5fa0629913868e9b15e2898da,"['nib:05902', 'persilpasifid:7519d7fe6159c960e053141d0b0af6e1', 'nomor:10141706103628', 'geometry:bc966ce5fa0629913868e9b15e2898da']",nib:05902
751A3CF8DFCD9865E053021D0B0A512D,,Hak Milik,431,2018,05865,Meteran,10141706103587,,ARJASARI,107.6291257,-7.0489953,320416,,3204162001,ARJASARI,da5b09feb478c25dff5c0fd62b5f1d4c,"['nib:05865', 'persilpasifid:751a3cf8dfcd9865e053021d0b0a512d', 'nomor:10141706103587', 'geometry:da5b09feb478c25dff5c0fd62b5f1d4c']",nib:05865
783E1F88ADF6825DE053131D0B0ABBA4,,Hak Milik,1179,2018,07003,Meteran,10141706104895,,ARJASARI,107.6297545,-7.0452509,320416,,3204162001,ARJASARI,2c01b2e999365da00609aff8d8e7dbc4,"['nib:07003', 'persilpasifid:783e1f88adf6825de053131d0b0abba4', 'nomor:10141706104895', 'geometry:2c01b2e999365da00609aff8d8e7dbc4']",nib:07003
76D54365B74D0316E053021D0B0A8D3E,,Hak Milik,1314,2018,06347,Meteran,10141706106095,,ARJASARI,107.6303834,-7.0527397,320416,,3204162001,ARJASARI,37d40f97bf7665116288555264bfd5cd,"['nib:06347', 'persilpasifid:76d54365b74d0316e053021d0b0a8d3e', 'nomor:10141706106095', 'geometry:37d40f97bf7665116288555264bfd5cd']",nib:06347
75B9F05CC239C258E053141D0B0A7A6F,,Hak Milik,955,2018,06180,Meteran,10141706104078,,ARJASARI,107.6303834,-7.0483712,320416,,3204162001,ARJASARI,0bf7ab89629b23506f52f131cab32e84,"['nib:06180', 'persilpasifid:75b9f05cc239c258e053141d0b0a7a6f', 'nomor:10141706104078', 'geometry:0bf7ab89629b23506f52f131cab32e84']",nib:06180
7844193853B89F2FE053021D0B0ACA2E,,Hak Milik,306,2018,07278,Meteran,10141706106211,,ARJASARI,107.6297545,-7.0489953,320416,,3204162001,ARJASARI,bf0afba5f395a341639153d82992c723,"['nib:07278', 'persilpasifid:7844193853b89f2fe053021d0b0aca2e', 'nomor:10141706106211', 'geometry:bf0afba5f395a341639153d82992c723']",nib:07278
9EE9F62C75B8D651E0530B1D140A7575,,Hak Guna Bangunan,3152,2020,,,10141703301084,,ARJASARI,107.631641,-7.0571081,320416,,3204162001,ARJASARI,2ab8c14e8b792997f1eb8661edac20f5,"['persilpasifid:9ee9f62c75b8d651e0530b1d140a7575', 'nomor:10141703301084', 'geometry:2ab8c14e8b792997f1eb8661edac20f5']",persilpasifid:9ee9f62c75b8d651e0530b1d140a7575
77764DDB038DC28FE053141D0B0A1D26,,Hak Milik,989,2018,06751,Meteran,10141706104756,,ARJASARI,107.6310122,-7.045875,320416,,3204162001,ARJASARI,f225df8a8659db9c6fc78f01a206aa15,"['nib:06751', 'persilpasifid:77764ddb038dc28fe053141d0b0a1d26', 'nomor:10141706104756', 'geometry:f225df8a8659db9c6fc78f01a206aa15']",nib:06751
71B5B6235D1DA937E053131D0B0AD20B,,Hak Milik,1925,2018,05036,Meteran,10141706103595,,ARJASARI,107.631641,-7.0546119,320416,,3204162001,ARJASARI,8848e7f03240be173923f6cba0b9d452,"['nib:05036', 'persilpasifid:71b5b6235d1da937e053131d0b0ad20b', 'nomor:10141706103595', 'geometry:8848e7f03240be173923f6cba0b9d452']",nib:05036
78164ED4577872BFE053021D0B0A6986,,Hak Milik,1339,2018,06955,Meteran,10141706104720,,ARJASARI,107.6310122,-7.0471231,320416,,3204162001,ARJASARI,aae187654791651527386e9349dd5702,"['nib:06955', 'persilpasifid:78164ed4577872bfe053021d0b0a6986', 'nomor:10141706104720', 'geometry:aae187654791651527386e9349dd5702']",nib:06955
783E079D160D940CE053141D0B0A4664,,Hak Milik,1483,2018,07006,Meteran,10141706104892,,ARJASARI,107.6310122,-7.0452509,320416,,3204162001,ARJASARI,85b0ba3cb2b863f03c45b40e0b7f3bae,"['nib:07006', 'persilpasifid:783e079d160d940ce053141d0b0a4664', 'nomor:10141706104892', 'geometry:85b0ba3cb2b863f03c45b40e0b7f3bae']",nib:07006
940D8410B1698642E0530B1D140AF90B,,Hak Guna Bangunan,60,2019,07622,,10141706300595,,ARJASARI,107.631641,-7.0527397,320416,,3204162001,ARJASARI,fe8cb91b52a52f95bd3e24d24db8e217,"['nib:07622', 'persilpasifid:940d8410b1698642e0530b1d140af90b', 'nomor:10141706300595', 'geometry:fe8cb91b52a52f95bd3e24d24db8e217']",nib:07622
76D5435EA15353F6E053031D0B0AA0F9,,Hak Milik,785,2018,06496,Meteran,10141706104129,,ARJASARI,107.6310122,-7.0502434,320416,,3204162001,ARJASARI,02e1a0623d2dfccfa9a6723271e3c430,"['nib:06496', 'persilpasifid:76d5435ea15353f6e053031d0b0aa0f9', 'nomor:10141706104129', 'geometry:02e1a0623d2dfccfa9a6723271e3c430']",nib:06496
76D565DF1392E7D1E053141D0B0AA6F5,,Hak Milik,146,2018,06444,Meteran,10141706104517,,ARJASARI,107.631641,-7.0508675,320416,,3204162001,ARJASARI,a24942c34b3aed85b2ddd2976cd64b2b,"['nib:06444', 'persilpasifid:76d565df1392e7d1e053141d0b0aa6f5', 'nomor:10141706104517', 'geometry:a24942c34b3aed85b2ddd2976cd64b2b']",nib:06444
76D544A903F3E8D0E053141D0B0A5F15,,Hak Milik,878,2018,06500,Meteran,10141706104196,,ARJASARI,107.6310122,-7.0496194,320416,,3204162001,ARJASARI,d2fb900ad065c5234d3b6d712ac511d3,"['nib:06500', 'persilpasifid:76d544a903f3e8d0e053141d0b0a5f15', 'nomor:10141706104196', 'geometry:d2fb900ad065c5234d3b6d712ac511d3']",nib:06500
783DE0D3B5CF8261E053131D0B0A70E1,,Hak Milik,980,2018,07065,Meteran,10141706104864,,ARJASARI,107.631641,-7.0477472,320416,,3204162001,ARJASARI,9f869e136d4ec9c5c7220e633a171d69,"['nib:07065', 'persilpasifid:783de0d3b5cf8261e053131d0b0a70e1', 'nomor:10141706104864', 'geometry:9f869e136d4ec9c5c7220e633a171d69']",nib:07065
713F0998261F85C7E053141D0B0AE98E,,Kosong,1138,,03425,,,,ARJASARI,107.6322698,-7.0564841,320416,,3204162001,ARJASARI,262fb74bbd011b8f8055da17bbace99e,"['nib:03425', 'persilpasifid:713f0998261f85c7e053141d0b0ae98e', 'geometry:262fb74bbd011b8f8055da17bbace99e']",nib:03425
7079690C16A86B02E053031D0B0AD00E,,Hak Milik,1259,2018,02843,Meteran,10141703101959,,ARJASARI,107.6322698,-7.0596043,320416,,3204162001,ARJASARI,8810aedbe30a442e048cfd63b6fa1a1b,"['nib:02843', 'persilpasifid:7079690c16a86b02e053031d0b0ad00e', 'nomor:10141703101959', 'geometry:8810aedbe30a442e048cfd63b6fa1a1b']",nib:02843
76D5435EA15153F6E053031D0B0AA0F9,,Hak Milik,778,2018,06494,Meteran,10141706106060,,ARJASARI,107.631641,-7.0502434,320416,,3204162001,ARJASARI,91eeefaf30bbe4f2c3b3af5feb9c7053,"['nib:06494', 'persilpasifid:76d5435ea15153f6e053031d0b0aa0f9', 'nomor:10141706106060', 'geometry:91eeefaf30bbe4f2c3b3af5feb9c7053']",nib:06494
783DE0D3B5D58261E053131D0B0A70E1,,Hak Milik,984,2018,07071,Meteran,10141706104859,,ARJASARI,107.631641,-7.0483712,320416,,3204162001,ARJASARI,905c3eb41f221af4860abfe67b03dd38,"['nib:07071', 'persilpasifid:783de0d3b5d58261e053131d0b0a70e1', 'nomor:10141706104859', 'geometry:905c3eb41f221af4860abfe67b03dd38']",nib:07071
940A8FFB0196A6F4E0530B1D140A39E2,,Hak Guna Bangunan,60,2019,07511,,10141706300411,,ARJASARI,107.6322698,-7.0533638,320416,,3204162001,ARJASARI,e8456cf6fb4f3e51e8cdf53821935399,"['nib:07511', 'persilpasifid:940a8ffb0196a6f4e0530b1d140a39e2', 'nomor:10141706300411', 'geometry:e8456cf6fb4f3e51e8cdf53821935399']",nib:07511
783DE0D3B5D88261E053131D0B0A70E1,,Hak Milik,807,2018,07080,Meteran,10141706104943,,ARJASARI,107.631641,-7.0496194,320416,,3204162001,ARJASARI,621666c1b14b86a6210db175a2f33fdb,"['nib:07080', 'persilpasifid:783de0d3b5d88261e053131d0b0a70e1', 'nomor:10141706104943', 'geometry:621666c1b14b86a6210db175a2f33fdb']",nib:07080
940D627EBC4B0B8CE0530B1D140AB475,,Hak Guna Bangunan,60,2019,07561,,10141706300534,,ARJASARI,107.6322698,-7.0527397,320416,,3204162001,ARJASARI,30409b69722aee553f6f58b218a7c2cd,"['nib:07561', 'persilpasifid:940d627ebc4b0b8ce0530b1d140ab475', 'nomor:10141706300534', 'geometry:30409b69722aee553f6f58b218a7c2cd']",nib:07561
940D7E8DB6B28644E0530B1D140A0D67,,Hak Guna Bangunan,60,2019,07564,,10141706300537,,ARJASARI,107.6322698,-7.0527397,320416,,3204162001,ARJASARI,74dd09b5f4689db84d582bc3bd734ada,"['nib:07564', 'persilpasifid:940d7e8db6b28644e0530b1d140a0d67', 'nomor:10141706300537', 'geometry:74dd09b5f4689db84d582bc3bd734ada']",nib:07564
76D5435EA15053F6E053031D0B0AA0F9,,Hak Milik,1110,2018,06491,Meteran,10141706104207,,ARJASARI,107.6322698,-7.0502434,320416,,3204162001,ARJASARI,0f1515d21a5826763c82ab03e24d196a,"['nib:06491', 'persilpasifid:76d5435ea15053f6e053031d0b0aa0f9', 'nomor:10141706104207', 'geometry:0f1515d21a5826763c82ab03e24d196a']",nib:06491
708954707C212544E053021D0B0A85C2,,Hak Milik,279,2018,02954,Meteran,10141703101381,,ARJASARI,107.6328987,-7.0596043,320416,,3204162001,ARJASARI,045c7b346c97a0ba88209e62a5a29587,"['nib:02954', 'persilpasifid:708954707c212544e053021d0b0a85c2', 'nomor:10141703101381', 'geometry:045c7b346c97a0ba88209e62a5a29587']",nib:02954
76D5A3AF4B09E6BFE053141D0B0A9785,,Hak Milik,133,2018,06467,Meteran,10141706104528,,ARJASARI,107.6322698,-7.0514916,320416,,3204162001,ARJASARI,ffe2954997645a15852ac67d6f87287d,"['nib:06467', 'persilpasifid:76d5a3af4b09e6bfe053141d0b0a9785', 'nomor:10141706104528', 'geometry:ffe2954997645a15852ac67d6f87287d']",nib:06467
78164E54308C7FE1E053141D0B0A62BC,,Hak Milik,135,2018,06993,Meteran,10141706104918,,ARJASARI,107.6322698,-7.0477472,320416,,3204162001,ARJASARI,92d86ad1dd50a16255365b8d7bd0496f,"['nib:06993', 'persilpasifid:78164e54308c7fe1e053141d0b0a62bc', 'nomor:10141706104918', 'geometry:92d86ad1dd50a16255365b8d7bd0496f']",nib:06993
78167E735B47FF92E053021D0B0A54B3,,Hak Milik,512,2018,06972,Meteran,10141706104732,,ARJASARI,107.6322698,-7.0471231,320416,,3204162001,ARJASARI,b9c9b7d063829598c95f23692859ee9d,"['nib:06972', 'persilpasifid:78167e735b47ff92e053021d0b0a54b3', 'nomor:10141706104732', 'geometry:b9c9b7d063829598c95f23692859ee9d']",nib:06972
708953C98D232540E053021D0B0AAA59,,Kosong,231,,03040,,,,ARJASARI,107.6328987,-7.0589803,320416,,3204162001,ARJASARI,1b169faec61850581df92ef519c030b3,"['nib:03040', 'persilpasifid:708953c98d232540e053021d0b0aaa59', 'geometry:1b169faec61850581df92ef519c030b3']",nib:03040
71B5B6235D21A937E053131D0B0AD20B,,Hak Milik,549,2018,05040,Meteran,10141706104259,,ARJASARI,107.6328987,-7.0552359,320416,,3204162001,ARJASARI,21c9a4ee99c8e05383afe6816a728f6a,"['nib:05040', 'persilpasifid:71b5b6235d21a937e053131d0b0ad20b', 'nomor:10141706104259', 'geometry:21c9a4ee99c8e05383afe6816a728f6a']",nib:05040
71B61303A8EBB482E053131D0B0AA7E2,,Hak Milik,274,2018,05115,Meteran,10141706102119,,ARJASARI,107.6328987,-7.0539878,320416,,3204162001,ARJASARI,fcdb2daae3a1ea16985ac92aa366cf5e,"['nib:05115', 'persilpasifid:71b61303a8ebb482e053131d0b0aa7e2', 'nomor:10141706102119', 'geometry:fcdb2daae3a1ea16985ac92aa366cf5e']",nib:05115
71B5B69A68DC654CE053141D0B0A10A0,,Hak Milik,365,2018,05236,Meteran,10141706102192,,ARJASARI,107.6328987,-7.0514916,320416,,3204162001,ARJASARI,cf741b9fac11104e695208e34033099d,"['nib:05236', 'persilpasifid:71b5b69a68dc654ce053141d0b0a10a0', 'nomor:10141706102192', 'geometry:cf741b9fac11104e695208e34033099d']",nib:05236
71B5B69A68DD654CE053141D0B0A10A0,,Hak Milik,338,2018,05237,Meteran,10141706102196,,ARJASARI,107.6328987,-7.0514916,320416,,3204162001,ARJASARI,2ebad12d876b1db0a1b9e3341ac8b156,"['nib:05237', 'persilpasifid:71b5b69a68dd654ce053141d0b0a10a0', 'nomor:10141706102196', 'geometry:2ebad12d876b1db0a1b9e3341ac8b156']",nib:05237
783E1F88AE04825DE053131D0B0ABBA4,,Hak Milik,1548,2018,07019,Meteran,10141706104968,,ARJASARI,107.6328987,-7.0446268,320416,,3204162001,ARJASARI,63edb875703b013a355a5d56f876c197,"['nib:07019', 'persilpasifid:783e1f88ae04825de053131d0b0abba4', 'nomor:10141706104968', 'geometry:63edb875703b013a355a5d56f876c197']",nib:07019
7089568690E31412E053031D0B0AB1C9,,Kosong,130,,02951,,,,ARJASARI,107.6335275,-7.0589803,320416,,3204162001,ARJASARI,f2e9e8b28d52946ca8f87aafddbfee0b,"['nib:02951', 'persilpasifid:7089568690e31412e053031d0b0ab1c9', 'geometry:f2e9e8b28d52946ca8f87aafddbfee0b']",nib:02951
76D544A903F0E8D0E053141D0B0A5F15,,Hak Milik,1013,2018,06485,Meteran,10141706104125,,ARJASARI,107.6328987,-7.0502434,320416,,3204162001,ARJASARI,998b713b70ae4fbd92e3f55f2091398d,"['nib:06485', 'persilpasifid:76d544a903f0e8d0e053141d0b0a5f15', 'nomor:10141706104125', 'geometry:998b713b70ae4fbd92e3f55f2091398d']",nib:06485
71B59609374A21C7E053131D0B0A0C4A,,Hak Milik,151,2018,05085,Meteran,10141706104539,,ARJASARI,107.6328987,-7.0546119,320416,,3204162001,ARJASARI,87b663889abb38a8d49b219e4529cab7,"['nib:05085', 'persilpasifid:71b59609374a21c7e053131d0b0a0c4a', 'nomor:10141706104539', 'geometry:87b663889abb38a8d49b219e4529cab7']",nib:05085
708953C98CF12540E053021D0B0AAA59,,Hak Milik,184,2018,02898,Meteran,10141703102471,,ARJASARI,107.6335275,-7.0577322,320416,,3204162001,ARJASARI,ae9660a750a8b63a7fea2aa05934f73b,"['nib:02898', 'persilpasifid:708953c98cf12540e053021d0b0aaa59', 'nomor:10141703102471', 'geometry:ae9660a750a8b63a7fea2aa05934f73b']",nib:02898
940E00AAB32FDCDEE0530C1D140A5D06,,Hak Guna Bangunan,60,2019,07705,,10141706300448,,ARJASARI,107.6328987,-7.0521156,320416,,3204162001,ARJASARI,81cb15a82442d49526acf7d1ad842bb3,"['nib:07705', 'persilpasifid:940e00aab32fdcdee0530c1d140a5d06', 'nomor:10141706300448', 'geometry:81cb15a82442d49526acf7d1ad842bb3']",nib:07705
7089568690E61412E053031D0B0AB1C9,,Kosong,251,,02968,,,,ARJASARI,107.6335275,-7.0583562,320416,,3204162001,ARJASARI,c0999b1a38d56ab34599af4fdb8f167e,"['nib:02968', 'persilpasifid:7089568690e61412e053031d0b0ab1c9', 'geometry:c0999b1a38d56ab34599af4fdb8f167e']",nib:02968
71B5B69A68D2654CE053141D0B0A10A0,,Hak Milik,167,2018,05221,Meteran,10141706103825,,ARJASARI,107.6335275,-7.0521156,320416,,3204162001,ARJASARI,bb7894551a851b18e7c7dbadb7485fc4,"['nib:05221', 'persilpasifid:71b5b69a68d2654ce053141d0b0a10a0', 'nomor:10141706103825', 'geometry:bb7894551a851b18e7c7dbadb7485fc4']",nib:05221
71B5B69A67C1654CE053141D0B0A10A0,,Hak Milik,185,2018,05129,Meteran,10141706102123,,ARJASARI,107.6335275,-7.0539878,320416,,3204162001,ARJASARI,609a5e693a87a8aa8c9eb8bbf36b5b58,"['nib:05129', 'persilpasifid:71b5b69a67c1654ce053141d0b0a10a0', 'nomor:10141706102123', 'geometry:609a5e693a87a8aa8c9eb8bbf36b5b58']",nib:05129
71B61AB1228DD789E053031D0B0AF31C,,Hak Milik,177,2018,05130,Meteran,10141706103807,,ARJASARI,107.6335275,-7.0539878,320416,,3204162001,ARJASARI,77cde71f89a7484c266a70d1825a1444,"['nib:05130', 'persilpasifid:71b61ab1228dd789e053031d0b0af31c', 'nomor:10141706103807', 'geometry:77cde71f89a7484c266a70d1825a1444']",nib:05130
71B61AB1227DD789E053031D0B0AF31C,,Hak Milik,498,2018,05063,Meteran,10141706104598,,ARJASARI,107.6335275,-7.05586,320416,,3204162001,ARJASARI,996ea82cf5d4e93049cb9d8350bbc79a,"['nib:05063', 'persilpasifid:71b61ab1227dd789e053031d0b0af31c', 'nomor:10141706104598', 'geometry:996ea82cf5d4e93049cb9d8350bbc79a']",nib:05063
B38BEF6CEEB70593E040A8C010014E69,,Hak Milik,560,2012,01761,,10141706100686,,ARJASARI,107.6335275,-7.0527397,320416,,3204162001,ARJASARI,c8a94f136a7c4e8588c1d90cbb4b056f,"['nib:01761', 'persilpasifid:b38bef6ceeb70593e040a8c010014e69', 'nomor:10141706100686', 'geometry:c8a94f136a7c4e8588c1d90cbb4b056f']",nib:01761
71B6281104A616C4E053031D0B0A17B6,,Hak Milik,321,2018,05234,Meteran,10141706102205,,ARJASARI,107.6335275,-7.0514916,320416,,3204162001,ARJASARI,006c9dde3186c48ad2c23a4e2518a752,"['nib:05234', 'persilpasifid:71b6281104a616c4e053031d0b0a17b6', 'nomor:10141706102205', 'geometry:006c9dde3186c48ad2c23a4e2518a752']",nib:05234
708953C98D1C2540E053021D0B0AAA59,,Hak Milik,888,2018,03033,Meteran,10141703100790,,ARJASARI,107.6341563,-7.0614765,320416,,3204162001,ARJASARI,3160ceb815bd11d6479f8486809d6166,"['nib:03033', 'persilpasifid:708953c98d1c2540e053021d0b0aaa59', 'nomor:10141703100790', 'geometry:3160ceb815bd11d6479f8486809d6166']",nib:03033
77764DDB0380C28FE053141D0B0A1D26,,Hak Milik,2174,2018,06703,Meteran,10141706104457,,ARJASARI,107.6335275,-7.0440027,320416,,3204162001,ARJASARI,2b7d01aee16901ee786b8f26713a2ebe,"['nib:06703', 'persilpasifid:77764ddb0380c28fe053141d0b0a1d26', 'nomor:10141706104457', 'geometry:2b7d01aee16901ee786b8f26713a2ebe']",nib:06703
783E1F88AE0D825DE053131D0B0ABBA4,,Hak Milik,1491,2018,07028,Meteran,10141706104850,,ARJASARI,107.6335275,-7.0446268,320416,,3204162001,ARJASARI,98fdeb05ecff80663e7fa6e9f3ddd96e,"['nib:07028', 'persilpasifid:783e1f88ae0d825de053131d0b0abba4', 'nomor:10141706104850', 'geometry:98fdeb05ecff80663e7fa6e9f3ddd96e']",nib:07028
708954707C3E2544E053021D0B0A85C2,,Kosong,610,,02986,,,,ARJASARI,107.6341563,-7.0589803,320416,,3204162001,ARJASARI,74adaaa16e6a763373a9bb57087f6ae8,"['nib:02986', 'persilpasifid:708954707c3e2544e053021d0b0a85c2', 'geometry:74adaaa16e6a763373a9bb57087f6ae8']",nib:02986
708953C98D1E2540E053021D0B0AAA59,,Hak Milik,712,2018,03035,Meteran,10141703102507,,ARJASARI,107.6341563,-7.0583562,320416,,3204162001,ARJASARI,a5ba8a258ef51d8354f03db814918bf6,"['nib:03035', 'persilpasifid:708953c98d1e2540e053021d0b0aaa59', 'nomor:10141703102507', 'geometry:a5ba8a258ef51d8354f03db814918bf6']",nib:03035
6DF3A7747A5327F6E053131D0B0A9EDC,,Hak Milik,299,2018,04017,Meteran,10141706104688,,ARJASARI,107.6341563,-7.0571081,320416,,3204162001,ARJASARI,584940bb29e48a5ecb7fe46c0601e259,"['nib:04017', 'persilpasifid:6df3a7747a5327f6e053131d0b0a9edc', 'nomor:10141706104688', 'geometry:584940bb29e48a5ecb7fe46c0601e259']",nib:04017
6DF38ABB76E94E2DE053031D0B0A28B4,,Hak Milik,180,2018,03922,Meteran,10141706103921,,ARJASARI,107.6341563,-7.0552359,320416,,3204162001,ARJASARI,91b5e8f5d8163e25cd5c624815d04ca8,"['nib:03922', 'persilpasifid:6df38abb76e94e2de053031d0b0a28b4', 'nomor:10141706103921', 'geometry:91b5e8f5d8163e25cd5c624815d04ca8']",nib:03922
6D15D892C18E3881E053141D0B0A12EB,,Hak Milik,532,2018,03787,Meteran,10141706101973,,ARJASARI,107.6341563,-7.0546119,320416,,3204162001,ARJASARI,0ea7160dcdeb32ed701cacf8db4a1368,"['nib:03787', 'persilpasifid:6d15d892c18e3881e053141d0b0a12eb', 'nomor:10141706101973', 'geometry:0ea7160dcdeb32ed701cacf8db4a1368']",nib:03787
6D15D892C1B33881E053141D0B0A12EB,,Hak Milik,418,2018,03834,Meteran,10141706105652,,ARJASARI,107.6341563,-7.0546119,320416,,3204162001,ARJASARI,7d341fa8613ec26f06a8c24049d31970,"['nib:03834', 'persilpasifid:6d15d892c1b33881e053141d0b0a12eb', 'nomor:10141706105652', 'geometry:7d341fa8613ec26f06a8c24049d31970']",nib:03834
71B621A6C1B065CCE053021D0B0AF7DE,,Hak Milik,186,2018,05139,Meteran,10141706106305,,ARJASARI,107.6341563,-7.0533638,320416,,3204162001,ARJASARI,e9701d8a0c2893b152d879c03dcd35f0,"['nib:05139', 'persilpasifid:71b621a6c1b065cce053021d0b0af7de', 'nomor:10141706106305', 'geometry:e9701d8a0c2893b152d879c03dcd35f0']",nib:05139
71B59609375121C7E053131D0B0A0C4A,,Hak Milik,297,2018,05093,Meteran,10141706104604,,ARJASARI,107.6335275,-7.0546119,320416,,3204162001,ARJASARI,1208ef4e63423e630e46a86e910f8e4b,"['nib:05093', 'persilpasifid:71b59609375121c7e053131d0b0a0c4a', 'nomor:10141706104604', 'geometry:1208ef4e63423e630e46a86e910f8e4b']",nib:05093
71B4F2046766949FE053131D0B0A86BB,,Hak Milik,620,2018,05178,Meteran,10141706102091,,ARJASARI,107.6335275,-7.0552359,320416,,3204162001,ARJASARI,0377406f15eccae43339becec1698148,"['nib:05178', 'persilpasifid:71b4f2046766949fe053131d0b0a86bb', 'nomor:10141706102091', 'geometry:0377406f15eccae43339becec1698148']",nib:05178
71B4F2046767949FE053131D0B0A86BB,,Hak Milik,249,2018,05179,Meteran,10141706102088,,ARJASARI,107.6335275,-7.0552359,320416,,3204162001,ARJASARI,aa70bf8ebf9c046a5e5c9a2809832bc5,"['nib:05179', 'persilpasifid:71b4f2046767949fe053131d0b0a86bb', 'nomor:10141706102088', 'geometry:aa70bf8ebf9c046a5e5c9a2809832bc5']",nib:05179
6D15D892C1A23881E053141D0B0A12EB,,Hak Milik,187,2018,03814,Meteran,10141706102026,,ARJASARI,107.6347851,-7.0552359,320416,,3204162001,ARJASARI,4af6c20359dab0a242e713ab08585f27,"['nib:03814', 'persilpasifid:6d15d892c1a23881e053141d0b0a12eb', 'nomor:10141706102026', 'geometry:4af6c20359dab0a242e713ab08585f27']",nib:03814
6DF32C33E0EB5180E053031D0B0A6000,,Hak Milik,99,2018,03970,Meteran,10141706103919,,ARJASARI,107.6347851,-7.05586,320416,,3204162001,ARJASARI,241d52da83ca2cf45063b9d1d96547a1,"['nib:03970', 'persilpasifid:6df32c33e0eb5180e053031d0b0a6000', 'nomor:10141706103919', 'geometry:241d52da83ca2cf45063b9d1d96547a1']",nib:03970
6DF3FA1FE771410BE053141D0B0A7411,,Hak Milik,721,2018,04145,Meteran,10141706101886,,ARJASARI,107.6347851,-7.0589803,320416,,3204162001,ARJASARI,600b65a850803c50144b7ff25e820d59,"['nib:04145', 'persilpasifid:6df3fa1fe771410be053141d0b0a7411', 'nomor:10141706101886', 'geometry:600b65a850803c50144b7ff25e820d59']",nib:04145
6DF32C33E0E55180E053031D0B0A6000,,Hak Milik,697,2018,03941,Meteran,10141706105620,,ARJASARI,107.6347851,-7.0539878,320416,,3204162001,ARJASARI,c0f4e01ee245dc22cfc2c90eaf2619c2,"['nib:03941', 'persilpasifid:6df32c33e0e55180e053031d0b0a6000', 'nomor:10141706105620', 'geometry:c0f4e01ee245dc22cfc2c90eaf2619c2']",nib:03941
6DF3F9B82CB379E7E053031D0B0A703F,,Hak Milik,490,2018,04131,Meteran,10141706105674,,ARJASARI,107.6354139,-7.0608524,320416,,3204162001,ARJASARI,896dda9e0721d6984eb9b0522c2ec80a,"['nib:04131', 'persilpasifid:6df3f9b82cb379e7e053031d0b0a703f', 'nomor:10141706105674', 'geometry:896dda9e0721d6984eb9b0522c2ec80a']",nib:04131
6DCA1221BD23BA69E053021D0B0A169A,,Hak Milik,462,2018,03881,Meteran,10141706105741,,ARJASARI,107.6354139,-7.0546119,320416,,3204162001,ARJASARI,588902bbc54b374eb083ea74f2d803af,"['nib:03881', 'persilpasifid:6dca1221bd23ba69e053021d0b0a169a', 'nomor:10141706105741', 'geometry:588902bbc54b374eb083ea74f2d803af']",nib:03881
6DF3FA1FE752410BE053141D0B0A7411,,Hak Milik,1120,2018,04095,Meteran,10141706105643,,ARJASARI,107.6354139,-7.0589803,320416,,3204162001,ARJASARI,e2115780c3b599a909201d88b80ec38f,"['nib:04095', 'persilpasifid:6df3fa1fe752410be053141d0b0a7411', 'nomor:10141706105643', 'geometry:e2115780c3b599a909201d88b80ec38f']",nib:04095
6DCA1221BD1FBA69E053021D0B0A169A,,Hak Milik,673,2018,03877,Meteran,10141706105737,,ARJASARI,107.6354139,-7.0552359,320416,,3204162001,ARJASARI,4e070f09d00add51757da2d7881646bf,"['nib:03877', 'persilpasifid:6dca1221bd1fba69e053021d0b0a169a', 'nomor:10141706105737', 'geometry:4e070f09d00add51757da2d7881646bf']",nib:03877
6DCA0F6A4E70E1FCE053131D0B0A6342,,Hak Milik,464,2018,03903,Meteran,10141706105616,,ARJASARI,107.6354139,-7.0533638,320416,,3204162001,ARJASARI,ed2d2118a0de67e9b62cc78443900bab,"['nib:03903', 'persilpasifid:6dca0f6a4e70e1fce053131d0b0a6342', 'nomor:10141706105616', 'geometry:ed2d2118a0de67e9b62cc78443900bab']",nib:03903
6DF32C33E0FB5180E053031D0B0A6000,,Hak Milik,271,2018,04057,Meteran,10141706105748,,ARJASARI,107.6360428,-7.0596043,320416,,3204162001,ARJASARI,f9c2af6f1f1b1abac7ca651c6bc445a9,"['nib:04057', 'persilpasifid:6df32c33e0fb5180e053031d0b0a6000', 'nomor:10141706105748', 'geometry:f9c2af6f1f1b1abac7ca651c6bc445a9']",nib:04057
6DF32C33E0F05180E053031D0B0A6000,,Hak Milik,244,2018,04011,Meteran,10141706101895,,ARJASARI,107.6360428,-7.0589803,320416,,3204162001,ARJASARI,7bfb77a5dbd996682b4fd7254f984fb2,"['nib:04011', 'persilpasifid:6df32c33e0f05180e053031d0b0a6000', 'nomor:10141706101895', 'geometry:7bfb77a5dbd996682b4fd7254f984fb2']",nib:04011
6DF38ABB77334E2DE053031D0B0A28B4,,Hak Milik,176,2018,03990,Meteran,10141706101915,,ARJASARI,107.6360428,-7.0577322,320416,,3204162001,ARJASARI,4b04933491001bddd1766e2d46cee2d3,"['nib:03990', 'persilpasifid:6df38abb77334e2de053031d0b0a28b4', 'nomor:10141706101915', 'geometry:4b04933491001bddd1766e2d46cee2d3']",nib:03990
6DCA1221BD13BA69E053021D0B0A169A,,Hak Milik,333,2018,03861,Meteran,10141706101979,,ARJASARI,107.6360428,-7.0552359,320416,,3204162001,ARJASARI,4b800812aabd99d175d67e8b8233a8e7,"['nib:03861', 'persilpasifid:6dca1221bd13ba69e053021d0b0a169a', 'nomor:10141706101979', 'geometry:4b800812aabd99d175d67e8b8233a8e7']",nib:03861
7729DF7CAC0BBD06E053021D0B0A2FBA,,Hak Milik,1142,2018,06623,Meteran,10141706104290,,ARJASARI,107.6354139,-7.0508675,320416,,3204162001,ARJASARI,b69a77bb38b7765343a140f46de16a9a,"['nib:06623', 'persilpasifid:7729df7cac0bbd06e053021d0b0a2fba', 'nomor:10141706104290', 'geometry:b69a77bb38b7765343a140f46de16a9a']",nib:06623
772A7D56F360F218E053141D0B0A11EA,,Hak Milik,536,2018,06509,Meteran,10141706106066,,ARJASARI,107.6360428,-7.0477472,320416,,3204162001,ARJASARI,95a93c3acc5fd20d4c18a5389c27a97d,"['nib:06509', 'persilpasifid:772a7d56f360f218e053141d0b0a11ea', 'nomor:10141706106066', 'geometry:95a93c3acc5fd20d4c18a5389c27a97d']",nib:06509
6DF3A7747A5227F6E053131D0B0A9EDC,,Hak Milik,599,2018,04007,Meteran,10141706101899,,ARJASARI,107.6360428,-7.0583562,320416,,3204162001,ARJASARI,55d6ef6161d47590036da3279116836e,"['nib:04007', 'persilpasifid:6df3a7747a5227f6e053131d0b0a9edc', 'nomor:10141706101899', 'geometry:55d6ef6161d47590036da3279116836e']",nib:04007
7106E685400E77BAE053031D0B0AAE55,,Kosong,686,,03277,,,,ARJASARI,107.6366716,-7.0664689,320416,,3204162001,ARJASARI,dc3a317c09cf79c79eceb6f07022d265,"['nib:03277', 'persilpasifid:7106e685400e77bae053031d0b0aae55', 'geometry:dc3a317c09cf79c79eceb6f07022d265']",nib:03277
6DF32DEA115E87E1E053021D0B0A74DD,,Hak Milik,687,2018,03953,Meteran,10141706104571,,ARJASARI,107.6366716,-7.0564841,320416,,3204162001,ARJASARI,ffef35424dbbde0825c21da2124a7625,"['nib:03953', 'persilpasifid:6df32dea115e87e1e053021d0b0a74dd', 'nomor:10141706104571', 'geometry:ffef35424dbbde0825c21da2124a7625']",nib:03953
772A7F0649B3BD91E053021D0B0A6F0D,,Hak Milik,378,2018,06530,Meteran,10141706105985,,ARJASARI,107.6366716,-7.0483712,320416,,3204162001,ARJASARI,9854b263363a144860a56b75fc1dd7da,"['nib:06530', 'persilpasifid:772a7f0649b3bd91e053021d0b0a6f0d', 'nomor:10141706105985', 'geometry:9854b263363a144860a56b75fc1dd7da']",nib:06530
7729DF7CAC04BD06E053021D0B0A2FBA,,Hak Milik,1618,2018,06616,Meteran,10141706104331,,ARJASARI,107.6366716,-7.0502434,320416,,3204162001,ARJASARI,2b2f6f6eaec1d8e40c48f2e6398c5b9b,"['nib:06616', 'persilpasifid:7729df7cac04bd06e053021d0b0a2fba', 'nomor:10141706104331', 'geometry:2b2f6f6eaec1d8e40c48f2e6398c5b9b']",nib:06616
7106E6853FEA77BAE053031D0B0AAE55,,Hak Milik,853,2018,03237,Meteran,10141703102406,,ARJASARI,107.6373004,-7.0689651,320416,,3204162001,ARJASARI,5c3ad5ac52a63e6dec51c0a2feb1a6a4,"['nib:03237', 'persilpasifid:7106e6853fea77bae053031d0b0aae55', 'nomor:10141703102406', 'geometry:5c3ad5ac52a63e6dec51c0a2feb1a6a4']",nib:03237
7106E6853FFC77BAE053031D0B0AAE55,,Hak Milik,171,2018,03255,Meteran,10141703101064,,ARJASARI,107.6373004,-7.068341,320416,,3204162001,ARJASARI,0c1b342e7e99c76b2322ba70293c80db,"['nib:03255', 'persilpasifid:7106e6853ffc77bae053031d0b0aae55', 'nomor:10141703101064', 'geometry:0c1b342e7e99c76b2322ba70293c80db']",nib:03255
7816BA89AAF3AF67E053031D0B0A8805,,Hak Milik,2552,2018,06859,Meteran,10141706104917,,ARJASARI,107.6366716,-7.0427546,320416,,3204162001,ARJASARI,812ad18936ed0233e30789e9e6c507f3,"['nib:06859', 'persilpasifid:7816ba89aaf3af67e053031d0b0a8805', 'nomor:10141706104917', 'geometry:812ad18936ed0233e30789e9e6c507f3']",nib:06859
7106E685400C77BAE053031D0B0AAE55,,Kosong,156,,03275,,,,ARJASARI,107.6373004,-7.0670929,320416,,3204162001,ARJASARI,f9e5c06bd63451cd8207fe4755822e5e,"['nib:03275', 'persilpasifid:7106e685400c77bae053031d0b0aae55', 'geometry:f9e5c06bd63451cd8207fe4755822e5e']",nib:03275
7106E685400577BAE053031D0B0AAE55,,Hak Milik,1019,2018,03264,Meteran,10141703100994,,ARJASARI,107.6373004,-7.067717,320416,,3204162001,ARJASARI,b0e2d533294d9d36097b591416a4a064,"['nib:03264', 'persilpasifid:7106e685400577bae053031d0b0aae55', 'nomor:10141703100994', 'geometry:b0e2d533294d9d36097b591416a4a064']",nib:03264
772A7F0649DEBD91E053021D0B0A6F0D,,Hak Milik,252,2018,06577,Meteran,10141706104286,,ARJASARI,107.6366716,-7.0496194,320416,,3204162001,ARJASARI,5d3c733c1b7ab80cc7b1866f98d2ade4,"['nib:06577', 'persilpasifid:772a7f0649debd91e053021d0b0a6f0d', 'nomor:10141706104286', 'geometry:5d3c733c1b7ab80cc7b1866f98d2ade4']",nib:06577
F51D8E2AE134F9E2E0530B1D140AC87B,,Hak Milik,1564,2023,,GPS Geodetic,10141706106771,,ARJASARI,107.6373004,-7.0571081,320416,,3204162001,ARJASARI,21f812de120ec3a968477cfece390cb3,"['persilpasifid:f51d8e2ae134f9e2e0530b1d140ac87b', 'nomor:10141706106771', 'geometry:21f812de120ec3a968477cfece390cb3']",persilpasifid:f51d8e2ae134f9e2e0530b1d140ac87b
764478A7E8FB8ED2E053031D0B0AEB3C,,Hak Milik,712,2018,06214,Meteran,10141706103987,,ARJASARI,107.6373004,-7.0564841,320416,,3204162001,ARJASARI,c5f414cac5d02281547bd0282cc89d09,"['nib:06214', 'persilpasifid:764478a7e8fb8ed2e053031d0b0aeb3c', 'nomor:10141706103987', 'geometry:c5f414cac5d02281547bd0282cc89d09']",nib:06214
772A7F0649ECBD91E053021D0B0A6F0D,,Hak Milik,208,2018,06592,Meteran,10141706104319,,ARJASARI,107.6373004,-7.0489953,320416,,3204162001,ARJASARI,e0cb3f8976c5ce5c9136e76c02d5c6ce,"['nib:06592', 'persilpasifid:772a7f0649ecbd91e053021d0b0a6f0d', 'nomor:10141706104319', 'geometry:e0cb3f8976c5ce5c9136e76c02d5c6ce']",nib:06592
7843293BF217316CE053141D0B0AF00A,,Hak Milik,874,2018,07201,Meteran,10141706104995,,ARJASARI,107.6373004,-7.0502434,320416,,3204162001,ARJASARI,10462c162c4035f9a11baaf40e91b4ce,"['nib:07201', 'persilpasifid:7843293bf217316ce053141d0b0af00a', 'nomor:10141706104995', 'geometry:10462c162c4035f9a11baaf40e91b4ce']",nib:07201
772A7F0649AFBD91E053021D0B0A6F0D,,Hak Milik,1059,2018,06525,Meteran,10141706104280,,ARJASARI,107.6373004,-7.0477472,320416,,3204162001,ARJASARI,9a702ca144758b4e70cb80652b829270,"['nib:06525', 'persilpasifid:772a7f0649afbd91e053021d0b0a6f0d', 'nomor:10141706104280', 'geometry:9a702ca144758b4e70cb80652b829270']",nib:06525
751A3CF8E01C9865E053021D0B0A512D,,Hak Milik,212,2018,05975,Meteran,10141706105848,,ARJASARI,107.6373004,-7.0596043,320416,,3204162001,ARJASARI,313cfaeecd00ebb32db337fcd25f8cbb,"['nib:05975', 'persilpasifid:751a3cf8e01c9865e053021d0b0a512d', 'nomor:10141706105848', 'geometry:313cfaeecd00ebb32db337fcd25f8cbb']",nib:05975
7519D7FE6156C960E053141D0B0AF6E1,,Hak Milik,150,2018,05878,Meteran,10141706105886,,ARJASARI,107.6373004,-7.0596043,320416,,3204162001,ARJASARI,3f20812d9df3149dbaf9433971f13718,"['nib:05878', 'persilpasifid:7519d7fe6156c960e053141d0b0af6e1', 'nomor:10141706105886', 'geometry:3f20812d9df3149dbaf9433971f13718']",nib:05878
717B90CC03FC8939E053031D0B0A67C1,,Hak Milik,808,2018,04997,Meteran,10141706103864,,ARJASARI,107.6373004,-7.0583562,320416,,3204162001,ARJASARI,4dfd9d4bfae4e8e1f72670e94972c92b,"['nib:04997', 'persilpasifid:717b90cc03fc8939e053031d0b0a67c1', 'nomor:10141706103864', 'geometry:4dfd9d4bfae4e8e1f72670e94972c92b']",nib:04997
784728ABDD6624DEE053131D0B0AA8C3,,Hak Milik,1314,2018,07304,Meteran,10141706106182,,ARJASARI,107.6373004,-7.0508675,320416,,3204162001,ARJASARI,76b402cf86e2e76acda67e218f682903,"['nib:07304', 'persilpasifid:784728abdd6624dee053131d0b0aa8c3', 'nomor:10141706106182', 'geometry:76b402cf86e2e76acda67e218f682903']",nib:07304
7106E6853FE577BAE053031D0B0AAE55,,Hak Milik,600,2018,03232,Meteran,10141703100953,,ARJASARI,107.6379292,-7.0689651,320416,,3204162001,ARJASARI,be6530d77c12ce65dd1aa3f226625780,"['nib:03232', 'persilpasifid:7106e6853fe577bae053031d0b0aae55', 'nomor:10141703100953', 'geometry:be6530d77c12ce65dd1aa3f226625780']",nib:03232
764478A2AA0827F4E053021D0B0A01B6,,Hak Milik,271,2018,06285,Meteran,10141706103970,,ARJASARI,107.6379292,-7.0602284,320416,,3204162001,ARJASARI,b868959cda4cfd3e5b1cdbb863d1ee1b,"['nib:06285', 'persilpasifid:764478a2aa0827f4e053021d0b0a01b6', 'nomor:10141706103970', 'geometry:b868959cda4cfd3e5b1cdbb863d1ee1b']",nib:06285
7644372CF55FF60EE053141D0B0A4154,,Hak Milik,226,2018,06258,Meteran,10141706104547,,ARJASARI,107.6379292,-7.0571081,320416,,3204162001,ARJASARI,437c6091775d96b4b345edb06270f0d3,"['nib:06258', 'persilpasifid:7644372cf55ff60ee053141d0b0a4154', 'nomor:10141706104547', 'geometry:437c6091775d96b4b345edb06270f0d3']",nib:06258
7644372EB8A4D42BE053021D0B0AB577,,Hak Milik,108,2018,06260,Meteran,10141706103983,,ARJASARI,107.6379292,-7.0571081,320416,,3204162001,ARJASARI,0e1db1d7ed0132fa5cb0962808ec34f6,"['nib:06260', 'persilpasifid:7644372eb8a4d42be053021d0b0ab577', 'nomor:10141706103983', 'geometry:0e1db1d7ed0132fa5cb0962808ec34f6']",nib:06260
6A1D09E2777931BBE053141D0B0A3356,,Hak Milik,167,2018,03034,Meteran,10141706101550,,ARJASARI,107.6379292,-7.0614765,320416,,3204162001,ARJASARI,0197a025895db8c7fc392dd8a811afc1,"['nib:03034', 'persilpasifid:6a1d09e2777931bbe053141d0b0a3356', 'nomor:10141706101550', 'geometry:0197a025895db8c7fc392dd8a811afc1']",nib:03034
7845A740A382BBBBE053021D0B0AE2EC,,Hak Milik,692,2018,07379,Meteran,10141706105157,,ARJASARI,107.6379292,-7.0564841,320416,,3204162001,ARJASARI,a46d6e410be239e7c1c910632b20ae5c,"['nib:07379', 'persilpasifid:7845a740a382bbbbe053021d0b0ae2ec', 'nomor:10141706105157', 'geometry:a46d6e410be239e7c1c910632b20ae5c']",nib:07379
7644A129E34CB409E053141D0B0AC7CA,,Hak Milik,95,2018,06261,Meteran,10141706106289,,ARJASARI,107.6379292,-7.0583562,320416,,3204162001,ARJASARI,f73b765bb8c64e00a25c508346ea2eec,"['nib:06261', 'persilpasifid:7644a129e34cb409e053141d0b0ac7ca', 'nomor:10141706106289', 'geometry:f73b765bb8c64e00a25c508346ea2eec']",nib:06261
71B61354ED84EE8FE053141D0B0AFCE7,,Hak Milik,679,2018,05189,,10141706102235,,ARJASARI,107.6379292,-7.0514916,320416,,3204162001,ARJASARI,7b0b36101c66923093c7948253a02d29,"['nib:05189', 'persilpasifid:71b61354ed84ee8fe053141d0b0afce7', 'nomor:10141706102235', 'geometry:7b0b36101c66923093c7948253a02d29']",nib:05189
7845A740A35CBBBBE053021D0B0AE2EC,,Hak Milik,225,2018,07295,Meteran,10141706104998,,ARJASARI,107.6379292,-7.0508675,320416,,3204162001,ARJASARI,2ee37502372edcb32e5374bdd4df3846,"['nib:07295', 'persilpasifid:7845a740a35cbbbbe053021d0b0ae2ec', 'nomor:10141706104998', 'geometry:2ee37502372edcb32e5374bdd4df3846']",nib:07295
77EC8E67ADEFFF87E053131D0B0A5690,,Hak Milik,901,2018,06821,Meteran,10141706104638,,ARJASARI,107.6379292,-7.0496194,320416,,3204162001,ARJASARI,7a37e995300cb53229475cad42898e5f,"['nib:06821', 'persilpasifid:77ec8e67adefff87e053131d0b0a5690', 'nomor:10141706104638', 'geometry:7a37e995300cb53229475cad42898e5f']",nib:06821
77EC64500691A94AE053031D0B0A08E9,,Hak Milik,322,2018,06786,Meteran,10141706104699,,ARJASARI,107.6379292,-7.0483712,320416,,3204162001,ARJASARI,a292627c32288c44f3c7f0cc9f24ee20,"['nib:06786', 'persilpasifid:77ec64500691a94ae053031d0b0a08e9', 'nomor:10141706104699', 'geometry:a292627c32288c44f3c7f0cc9f24ee20']",nib:06786
77EC8B2289965AF7E053141D0B0A9D68,,Hak Milik,328,2018,06774,Meteran,10141706105174,,ARJASARI,107.6379292,-7.0477472,320416,,3204162001,ARJASARI,9f8739e5ace6298e3163902a6ccb637e,"['nib:06774', 'persilpasifid:77ec8b2289965af7e053141d0b0a9d68', 'nomor:10141706105174', 'geometry:9f8739e5ace6298e3163902a6ccb637e']",nib:06774
7119203E8B1CD024E053141D0B0AF986,,Kosong,417,,03411,,,,ARJASARI,107.638558,-7.0702131,320416,,3204162001,ARJASARI,0d63c7e803dcbe76d568a55f7b74bc91,"['nib:03411', 'persilpasifid:7119203e8b1cd024e053141d0b0af986', 'geometry:0d63c7e803dcbe76d568a55f7b74bc91']",nib:03411
7843293BF21C316CE053141D0B0AF00A,,Hak Milik,258,2018,07206,Meteran,10141706105023,,ARJASARI,107.6379292,-7.0502434,320416,,3204162001,ARJASARI,ef9271b2c2b304e5f1ee36d18d2bf4a2,"['nib:07206', 'persilpasifid:7843293bf21c316ce053141d0b0af00a', 'nomor:10141706105023', 'geometry:ef9271b2c2b304e5f1ee36d18d2bf4a2']",nib:07206
6A1D09E2779731BBE053141D0B0A3356,,Hak Milik,223,2018,03076,Meteran,10141706101831,,ARJASARI,107.638558,-7.0633486,320416,,3204162001,ARJASARI,f1c157c72a914a79bd9b0d4cc054cc15,"['nib:03076', 'persilpasifid:6a1d09e2779731bbe053141d0b0a3356', 'nomor:10141706101831', 'geometry:f1c157c72a914a79bd9b0d4cc054cc15']",nib:03076
77EC6B2997A1AB49E053131D0B0A2B41,,Hak Milik,392,2018,06798,Meteran,10141706104657,,ARJASARI,107.638558,-7.0477472,320416,,3204162001,ARJASARI,a0d539a4b759a8760012474e3c632ddd,"['nib:06798', 'persilpasifid:77ec6b2997a1ab49e053131d0b0a2b41', 'nomor:10141706104657', 'geometry:a0d539a4b759a8760012474e3c632ddd']",nib:06798
77EC64500692A94AE053031D0B0A08E9,,Hak Milik,723,2018,06792,Meteran,10141706104678,,ARJASARI,107.638558,-7.0471231,320416,,3204162001,ARJASARI,8354323b0e3728e8be37219c2475f5fd,"['nib:06792', 'persilpasifid:77ec64500692a94ae053031d0b0a08e9', 'nomor:10141706104678', 'geometry:8354323b0e3728e8be37219c2475f5fd']",nib:06792
E8002C1697A5116CE0530C1D140AA997,,Kosong,29111,,,Delineasi,,,ARJASARI,107.638558,-7.0415064,320416,,3204162001,ARJASARI,1f7050d961992d72d5b35326acdaf2ea,"['persilpasifid:e8002c1697a5116ce0530c1d140aa997', 'geometry:1f7050d961992d72d5b35326acdaf2ea']",persilpasifid:e8002c1697a5116ce0530c1d140aa997
73EB41201770CE03E053021D0B0AFC6F,,Hak Milik,532,2018,05290,Meteran,10141703102972,,ARJASARI,107.6391869,-7.0745814,320416,,3204162001,ARJASARI,64c3336f4b7f155bd128fe7e3e136ac2,"['nib:05290', 'persilpasifid:73eb41201770ce03e053021d0b0afc6f', 'nomor:10141703102972', 'geometry:64c3336f4b7f155bd128fe7e3e136ac2']",nib:05290
0C4BDF59C1C108BAE063B516140A112E,,Kosong,886,,,,,0.5,ARJASARI,107.6391869,-7.0658448,320416,,3204162001,ARJASARI,a38e2479138c3d37e2bdaa1175ef75be,"['persilpasifid:0c4bdf59c1c108bae063b516140a112e', 'geometry:a38e2479138c3d37e2bdaa1175ef75be']",persilpasifid:0c4bdf59c1c108bae063b516140a112e
6B4D28B28592B157E053031D0B0A70F4,,Hak Milik,292,2018,03182,Meteran,10141706101669,,ARJASARI,107.6391869,-7.0670929,320416,,3204162001,ARJASARI,1f4cba796e54d3b2a90e8da501142b14,"['nib:03182', 'persilpasifid:6b4d28b28592b157e053031d0b0a70f4', 'nomor:10141706101669', 'geometry:1f4cba796e54d3b2a90e8da501142b14']",nib:03182
6B4D791CDEEAFE76E053031D0B0A0242,,Hak Milik,318,2018,03181,Meteran,10141706101651,,ARJASARI,107.6391869,-7.0670929,320416,,3204162001,ARJASARI,eb7acdaff96b0935cfbd846e08a20702,"['nib:03181', 'persilpasifid:6b4d791cdeeafe76e053031d0b0a0242', 'nomor:10141706101651', 'geometry:eb7acdaff96b0935cfbd846e08a20702']",nib:03181
6A1D09E2779A31BBE053141D0B0A3356,,Hak Milik,962,2018,03106,Meteran,10141706101845,,ARJASARI,107.6391869,-7.0633486,320416,,3204162001,ARJASARI,1e24dfa6b75280096d5eae8f05e75ad6,"['nib:03106', 'persilpasifid:6a1d09e2779a31bbe053141d0b0a3356', 'nomor:10141706101845', 'geometry:1e24dfa6b75280096d5eae8f05e75ad6']",nib:03106
6B4D791CDF68FE76E053031D0B0A0242,,Hak Milik,177,2018,03340,Meteran,10141706102774,,ARJASARI,107.6391869,-7.068341,320416,,3204162001,ARJASARI,7226ca474a05ee795d860812c8dabc65,"['nib:03340', 'persilpasifid:6b4d791cdf68fe76e053031d0b0a0242', 'nomor:10141706102774', 'geometry:7226ca474a05ee795d860812c8dabc65']",nib:03340
7119203E8B08D024E053141D0B0AF986,,Hak Milik,989,2018,03373,Meteran,10141703100849,,ARJASARI,107.6391869,-7.0733333,320416,,3204162001,ARJASARI,ddac5ded5b41cb69d686a73df01d9df6,"['nib:03373', 'persilpasifid:7119203e8b08d024e053141d0b0af986', 'nomor:10141703100849', 'geometry:ddac5ded5b41cb69d686a73df01d9df6']",nib:03373
7118C1A0B3691D35E053031D0B0A510F,,Hak Milik,365,2018,03353,Meteran,10141703101026,,ARJASARI,107.6391869,-7.0708372,320416,,3204162001,ARJASARI,179fb06eccc1951cad803bbc89dc4bd5,"['nib:03353', 'persilpasifid:7118c1a0b3691d35e053031d0b0a510f', 'nomor:10141703101026', 'geometry:179fb06eccc1951cad803bbc89dc4bd5']",nib:03353
784728ABDD8D24DEE053131D0B0AA8C3,,Hak Milik,2257,2018,07368,Meteran,10141706106215,,ARJASARI,107.6391869,-7.0564841,320416,,3204162001,ARJASARI,3b04530f8f7825e63763935f3829ef1b,"['nib:07368', 'persilpasifid:784728abdd8d24dee053131d0b0aa8c3', 'nomor:10141706106215', 'geometry:3b04530f8f7825e63763935f3829ef1b']",nib:07368
7845A740A36FBBBBE053021D0B0AE2EC,,Hak Milik,911,2018,07322,Meteran,10141706106192,,ARJASARI,107.6391869,-7.0533638,320416,,3204162001,ARJASARI,4d61ace4e037d65e56cb12e52601f763,"['nib:07322', 'persilpasifid:7845a740a36fbbbbe053021d0b0ae2ec', 'nomor:10141706106192', 'geometry:4d61ace4e037d65e56cb12e52601f763']",nib:07322
7845A740A36CBBBBE053021D0B0AE2EC,,Hak Milik,107,2018,07319,Meteran,10141706104979,,ARJASARI,107.6391869,-7.0527397,320416,,3204162001,ARJASARI,29f731f480208bd3bc765786c7d4e30a,"['nib:07319', 'persilpasifid:7845a740a36cbbbbe053021d0b0ae2ec', 'nomor:10141706104979', 'geometry:29f731f480208bd3bc765786c7d4e30a']",nib:07319
7844193853989F2FE053021D0B0ACA2E,,Hak Milik,1401,2018,07237,Meteran,10141706104990,,ARJASARI,107.6391869,-7.0502434,320416,,3204162001,ARJASARI,09bae0934d1e46f0f62715d4a0f0bacd,"['nib:07237', 'persilpasifid:7844193853989f2fe053021d0b0aca2e', 'nomor:10141706104990', 'geometry:09bae0934d1e46f0f62715d4a0f0bacd']",nib:07237
7844193853B69F2FE053021D0B0ACA2E,,Hak Milik,622,2018,07276,Meteran,10141706104982,,ARJASARI,107.6391869,-7.046499,320416,,3204162001,ARJASARI,7823c8ab48c83fcd542dcfb30667b88f,"['nib:07276', 'persilpasifid:7844193853b69f2fe053021d0b0aca2e', 'nomor:10141706104982', 'geometry:7823c8ab48c83fcd542dcfb30667b88f']",nib:07276
7844193853869F2FE053021D0B0ACA2E,,Hak Milik,145,2018,07218,Meteran,10141706105012,,ARJASARI,107.6391869,-7.0514916,320416,,3204162001,ARJASARI,f77da31023324a35f0bc4cf863b79ac9,"['nib:07218', 'persilpasifid:7844193853869f2fe053021d0b0aca2e', 'nomor:10141706105012', 'geometry:f77da31023324a35f0bc4cf863b79ac9']",nib:07218
7844193853A79F2FE053021D0B0ACA2E,,Hak Milik,2021,2018,07260,Meteran,10141706105118,,ARJASARI,107.6391869,-7.0471231,320416,,3204162001,ARJASARI,3a47843016de5c74637f4c07e6034040,"['nib:07260', 'persilpasifid:7844193853a79f2fe053021d0b0aca2e', 'nomor:10141706105118', 'geometry:3a47843016de5c74637f4c07e6034040']",nib:07260
737714DDF5A19BF2E053141D0B0AC45E,,Hak Milik,1208,2018,05172,Meteran,10141703101977,,ARJASARI,107.6398157,-7.0783256,320416,,3204162001,ARJASARI,604e94fad04cb0eb51463b81d61383d7,"['nib:05172', 'persilpasifid:737714ddf5a19bf2e053141d0b0ac45e', 'nomor:10141703101977', 'geometry:604e94fad04cb0eb51463b81d61383d7']",nib:05172
7469EBC40391ACC7E053131D0B0ACB86,,Hak Milik,215,2018,05465,Meteran,10141703102548,,ARJASARI,107.6398157,-7.0789496,320416,,3204162001,ARJASARI,b6010b8b9f51ee95c984faca37d69693,"['nib:05465', 'persilpasifid:7469ebc40391acc7e053131d0b0acb86', 'nomor:10141703102548', 'geometry:b6010b8b9f51ee95c984faca37d69693']",nib:05465
6B4D71323F252D0DE053021D0B0A0A0A,,Hak Milik,138,2018,03308,Meteran,10141706104111,,ARJASARI,107.6398157,-7.0702131,320416,,3204162001,ARJASARI,079fa77da509de7789c27e677ec22a05,"['nib:03308', 'persilpasifid:6b4d71323f252d0de053021d0b0a0a0a', 'nomor:10141706104111', 'geometry:079fa77da509de7789c27e677ec22a05']",nib:03308
6B4D71323F272D0DE053021D0B0A0A0A,,Hak Milik,164,2018,03310,Meteran,10141706101644,,ARJASARI,107.6398157,-7.0702131,320416,,3204162001,ARJASARI,f9d5d37b9bfe2ed3af3d6468b30acab5,"['nib:03310', 'persilpasifid:6b4d71323f272d0de053021d0b0a0a0a', 'nomor:10141706101644', 'geometry:f9d5d37b9bfe2ed3af3d6468b30acab5']",nib:03310
6B4D791CDF50FE76E053031D0B0A0242,,Hak Milik,263,2018,03273,Meteran,10141706101695,,ARJASARI,107.6398157,-7.0689651,320416,,3204162001,ARJASARI,330a3d03acb4da1972b08c3dc75f25f3,"['nib:03273', 'persilpasifid:6b4d791cdf50fe76e053031d0b0a0242', 'nomor:10141706101695', 'geometry:330a3d03acb4da1972b08c3dc75f25f3']",nib:03273
6CC200F38F818C06E053141D0B0AA149,,Hak Milik,315,2018,03542,Meteran,10141706103773,,ARJASARI,107.6398157,-7.0689651,320416,,3204162001,ARJASARI,90c38ff65ae5ec1d5d623dc9cfbeaa76,"['nib:03542', 'persilpasifid:6cc200f38f818c06e053141d0b0aa149', 'nomor:10141706103773', 'geometry:90c38ff65ae5ec1d5d623dc9cfbeaa76']",nib:03542
6B4D71323F0F2D0DE053021D0B0A0A0A,,Hak Milik,452,2018,03215,Meteran,10141706101649,,ARJASARI,107.6398157,-7.067717,320416,,3204162001,ARJASARI,7965d30ffeef18c13a1ac3d922946cb2,"['nib:03215', 'persilpasifid:6b4d71323f0f2d0de053021d0b0a0a0a', 'nomor:10141706101649', 'geometry:7965d30ffeef18c13a1ac3d922946cb2']",nib:03215
6D0456B3A8686F59E053131D0B0A7D49,,Hak Milik,970,2018,03764,Meteran,10141706104496,,ARJASARI,107.6404445,-7.0758294,320416,,3204162001,ARJASARI,d814bbbbe019c60b19c0476d4c8a74cf,"['nib:03764', 'persilpasifid:6d0456b3a8686f59e053131d0b0a7d49', 'nomor:10141706104496', 'geometry:d814bbbbe019c60b19c0476d4c8a74cf']",nib:03764
6D0456B3A8696F59E053131D0B0A7D49,,Hak Milik,970,2018,03765,Meteran,10141706104236,,ARJASARI,107.6404445,-7.0758294,320416,,3204162001,ARJASARI,27e8eee0fff15ae929715753993dc04c,"['nib:03765', 'persilpasifid:6d0456b3a8696f59e053131d0b0a7d49', 'nomor:10141706104236', 'geometry:27e8eee0fff15ae929715753993dc04c']",nib:03765
6D0456B3A8706F59E053131D0B0A7D49,,Hak Milik,306,2018,03774,Meteran,10141706105166,,ARJASARI,107.6404445,-7.0739574,320416,,3204162001,ARJASARI,d76509c00b07c7bc7ba06308c7d027b8,"['nib:03774', 'persilpasifid:6d0456b3a8706f59e053131d0b0a7d49', 'nomor:10141706105166', 'geometry:d76509c00b07c7bc7ba06308c7d027b8']",nib:03774
78F2BEAF8B1509E3E053021D0B0A178D,,Hak Milik,759,2018,07452,Meteran,10141706105279,,ARJASARI,107.6404445,-7.0508675,320416,,3204162001,ARJASARI,41a59054a99cea65dd755f5a19c65b4e,"['nib:07452', 'persilpasifid:78f2beaf8b1509e3e053021d0b0a178d', 'nomor:10141706105279', 'geometry:41a59054a99cea65dd755f5a19c65b4e']",nib:07452
784728ABDD6C24DEE053131D0B0AA8C3,,Hak Milik,461,2018,07334,Meteran,10141706105002,,ARJASARI,107.6404445,-7.0521156,320416,,3204162001,ARJASARI,e9accb50703db26105d9c9224f88460d,"['nib:07334', 'persilpasifid:784728abdd6c24dee053131d0b0aa8c3', 'nomor:10141706105002', 'geometry:e9accb50703db26105d9c9224f88460d']",nib:07334
71df0eec5cd7400cb57372be7553d651,,Hak Milik,955,1979,,,10141703100026,,ARJASARI,107.6410733,-7.0820697,320416,,3204162001,ARJASARI,cebb884e4db77cda2a8770fe489024d2,"['persilpasifid:71df0eec5cd7400cb57372be7553d651', 'nomor:10141703100026', 'geometry:cebb884e4db77cda2a8770fe489024d2']",persilpasifid:71df0eec5cd7400cb57372be7553d651
746764726C26E01BE053031D0B0AF189,,Hak Milik,380,2018,05407,Meteran,10141706102425,,ARJASARI,107.6410733,-7.0539878,320416,,3204162001,ARJASARI,38b7e0da1eb0c2d6e0b2f56ef8ee9080,"['nib:05407', 'persilpasifid:746764726c26e01be053031d0b0af189', 'nomor:10141706102425', 'geometry:38b7e0da1eb0c2d6e0b2f56ef8ee9080']",nib:05407
746764726C3FE01BE053031D0B0AF189,,Hak Milik,223,2018,05432,Meteran,10141706102408,,ARJASARI,107.6410733,-7.0546119,320416,,3204162001,ARJASARI,4362cc8da4ec81e8a45f8b0a5a9510a9,"['nib:05432', 'persilpasifid:746764726c3fe01be053031d0b0af189', 'nomor:10141706102408', 'geometry:4362cc8da4ec81e8a45f8b0a5a9510a9']",nib:05432
aa9789c44b6649e7ae555906eb27a3f0,,Hak Milik,3350,1998,,,10141706100226,,ARJASARI,107.6410733,-7.0508675,320416,,3204162001,ARJASARI,5ec0d8a99df7545d909f199ed0c822df,"['persilpasifid:aa9789c44b6649e7ae555906eb27a3f0', 'nomor:10141706100226', 'geometry:5ec0d8a99df7545d909f199ed0c822df']",persilpasifid:aa9789c44b6649e7ae555906eb27a3f0
75042262A121596BE053021D0B0AEBC7,,Hak Milik,543,2018,05825,Meteran,10141706103241,,ARJASARI,107.6417021,-7.0820697,320416,,3204162001,ARJASARI,597e61a3aca984cb4616162ad5c75706,"['nib:05825', 'persilpasifid:75042262a121596be053021d0b0aebc7', 'nomor:10141706103241', 'geometry:597e61a3aca984cb4616162ad5c75706']",nib:05825
70B571DAFE1F8998E053031D0B0A342A,,Hak Milik,764,2018,04641,Meteran,10141706103065,,ARJASARI,107.6417021,-7.0783256,320416,,3204162001,ARJASARI,f49892365514950dc1ac35d746a4b716,"['nib:04641', 'persilpasifid:70b571dafe1f8998e053031d0b0a342a', 'nomor:10141706103065', 'geometry:f49892365514950dc1ac35d746a4b716']",nib:04641
0C4BC7A32331A46CE063B416140A5504,,Kosong,978,,,,,0.5,ARJASARI,107.6417021,-7.0502434,320416,,3204162001,ARJASARI,cff3ae897cd0a2f6ffcd133406667c2d,"['persilpasifid:0c4bc7a32331a46ce063b416140a5504', 'geometry:cff3ae897cd0a2f6ffcd133406667c2d']",persilpasifid:0c4bc7a32331a46ce063b416140a5504
746764726C38E01BE053031D0B0AF189,,Hak Milik,327,2018,05425,Meteran,10141706105953,,ARJASARI,107.6417021,-7.0546119,320416,,3204162001,ARJASARI,0ddf1bc10c540eabef61a30201bf53cc,"['nib:05425', 'persilpasifid:746764726c38e01be053031d0b0af189', 'nomor:10141706105953', 'geometry:0ddf1bc10c540eabef61a30201bf53cc']",nib:05425
70252B049CA3D345E053031D0B0A818C,,Hak Milik,836,2018,04162,Meteran,10141706102615,,ARJASARI,107.642331,-7.0864379,320416,,3204162001,ARJASARI,535c68e1ed1ec828c0dbacd057195150,"['nib:04162', 'persilpasifid:70252b049ca3d345e053031d0b0a818c', 'nomor:10141706102615', 'geometry:535c68e1ed1ec828c0dbacd057195150']",nib:04162
70B5614CCB5C13A5E053131D0B0AFDC2,,Hak Milik,565,2018,04689,Meteran,10141706103123,,ARJASARI,107.642331,-7.0733333,320416,,3204162001,ARJASARI,862d12ca2d679945b2b96db5696af046,"['nib:04689', 'persilpasifid:70b5614ccb5c13a5e053131d0b0afdc2', 'nomor:10141706103123', 'geometry:862d12ca2d679945b2b96db5696af046']",nib:04689
70B56FCEE94243DEE053021D0B0AF211,,Hak Milik,796,2018,04627,Meteran,10141706103086,,ARJASARI,107.642331,-7.0764535,320416,,3204162001,ARJASARI,f33be1764a9006713b5454f66792fdbb,"['nib:04627', 'persilpasifid:70b56fcee94243dee053021d0b0af211', 'nomor:10141706103086', 'geometry:f33be1764a9006713b5454f66792fdbb']",nib:04627
7467671145611AF1E053031D0B0A9139,,Hak Milik,779,2018,05553,Meteran,10141706102393,,ARJASARI,107.642331,-7.0552359,320416,,3204162001,ARJASARI,6ef63cc2c7a7c99039b689f16149f383,"['nib:05553', 'persilpasifid:7467671145611af1e053031d0b0a9139', 'nomor:10141706102393', 'geometry:6ef63cc2c7a7c99039b689f16149f383']",nib:05553
7024BFE52C399E11E053021D0B0A2F0E,,Hak Milik,1052,2018,04221,Meteran,10141706102750,,ARJASARI,107.6429598,-7.0858138,320416,,3204162001,ARJASARI,809526dcfc122f2d19a6cbf80df7382e,"['nib:04221', 'persilpasifid:7024bfe52c399e11e053021d0b0a2f0e', 'nomor:10141706102750', 'geometry:809526dcfc122f2d19a6cbf80df7382e']",nib:04221
702830775E37D750E053031D0B0A0352,,Hak Milik,728,2018,04405,Meteran,10141706102987,,ARJASARI,107.6429598,-7.0801976,320416,,3204162001,ARJASARI,03980ed5bb2022e06f927cca142df42d,"['nib:04405', 'persilpasifid:702830775e37d750e053031d0b0a0352', 'nomor:10141706102987', 'geometry:03980ed5bb2022e06f927cca142df42d']",nib:04405
70B483D8B0B607D1E053031D0B0AA589,,Hak Wakaf,770,2023,04759,,10141706800135,,ARJASARI,107.6429598,-7.0702131,320416,,3204162001,ARJASARI,18592005d94ffa987cf67c05c1fa50f9,"['nib:04759', 'persilpasifid:70b483d8b0b607d1e053031d0b0aa589', 'nomor:10141706800135', 'geometry:18592005d94ffa987cf67c05c1fa50f9']",nib:04759
70B62F0A897C6B6BE053031D0B0A7903,,Hak Milik,915,2018,04896,Meteran,10141706105337,,ARJASARI,107.6429598,-7.0695891,320416,,3204162001,ARJASARI,53d002732cbd5a8a06afbed4f147cf7e,"['nib:04896', 'persilpasifid:70b62f0a897c6b6be053031d0b0a7903', 'nomor:10141706105337', 'geometry:53d002732cbd5a8a06afbed4f147cf7e']",nib:04896
70B54E3206422776E053031D0B0AA024,,Hak Milik,371,2018,04619,Meteran,10141706103060,,ARJASARI,107.6429598,-7.0764535,320416,,3204162001,ARJASARI,d98c40e313c42cf6fa139a851cb251c3,"['nib:04619', 'persilpasifid:70b54e3206422776e053031d0b0aa024', 'nomor:10141706103060', 'geometry:d98c40e313c42cf6fa139a851cb251c3']",nib:04619
70B638A0B44D170BE053131D0B0A926A,,Hak Milik,469,2018,04883,,10141706103354,,ARJASARI,107.6429598,-7.068341,320416,,3204162001,ARJASARI,9430f53e251f66605cff21243b7d59f8,"['nib:04883', 'persilpasifid:70b638a0b44d170be053131d0b0a926a', 'nomor:10141706103354', 'geometry:9430f53e251f66605cff21243b7d59f8']",nib:04883
7024BFE52C279E11E053021D0B0A2F0E,,Hak Milik,1007,2018,04182,Meteran,10141706102634,,ARJASARI,107.6429598,-7.0864379,320416,,3204162001,ARJASARI,82e4170d72fa38e31843344e94f1f55a,"['nib:04182', 'persilpasifid:7024bfe52c279e11e053021d0b0a2f0e', 'nomor:10141706102634', 'geometry:82e4170d72fa38e31843344e94f1f55a']",nib:04182
7467671145371AF1E053031D0B0A9139,,Hak Milik,190,2018,05490,Meteran,10141706102456,,ARJASARI,107.6429598,-7.0546119,320416,,3204162001,ARJASARI,11ca158688ccdf595bbffde82edb0202,"['nib:05490', 'persilpasifid:7467671145371af1e053031d0b0a9139', 'nomor:10141706102456', 'geometry:11ca158688ccdf595bbffde82edb0202']",nib:05490
692C4346047C3F4EE053141D0B0A2F8F,,Hak Milik,191,2018,02797,Meteran,10141706102128,,ARJASARI,107.6429598,-7.0514916,320416,,3204162001,ARJASARI,b128da770b45dbdc08ec6b49b92bb70b,"['nib:02797', 'persilpasifid:692c4346047c3f4ee053141d0b0a2f8f', 'nomor:10141706102128', 'geometry:b128da770b45dbdc08ec6b49b92bb70b']",nib:02797
6B617414B9714AD6E053131D0B0AD83E,,Hak Milik,1188,2018,03455,Meteran,10141706102591,,ARJASARI,107.6435886,-7.0895579,320416,,3204162001,ARJASARI,3d466f0cf24ae1c67b2db4ff050febe5,"['nib:03455', 'persilpasifid:6b617414b9714ad6e053131d0b0ad83e', 'nomor:10141706102591', 'geometry:3d466f0cf24ae1c67b2db4ff050febe5']",nib:03455
7029D4E92DD4C10CE053141D0B0A4F42,,Hak Milik,723,2018,04541,Meteran,10141706102928,,ARJASARI,107.6435886,-7.0764535,320416,,3204162001,ARJASARI,ddf3dcf44a7e8c9316b266203a8d4ccb,"['nib:04541', 'persilpasifid:7029d4e92dd4c10ce053141d0b0a4f42', 'nomor:10141706102928', 'geometry:ddf3dcf44a7e8c9316b266203a8d4ccb']",nib:04541
70B571DAFE2D8998E053031D0B0A342A,,Hak Milik,807,2018,04664,Meteran,10141706103119,,ARJASARI,107.6435886,-7.0733333,320416,,3204162001,ARJASARI,cc3e9abb51a40024f90012607467ccec,"['nib:04664', 'persilpasifid:70b571dafe2d8998e053031d0b0a342a', 'nomor:10141706103119', 'geometry:cc3e9abb51a40024f90012607467ccec']",nib:04664
70B5AE7C1A06DFF6E053021D0B0A7DF1,,Hak Milik,998,2018,04743,Meteran,10141706103188,,ARJASARI,107.6435886,-7.0720852,320416,,3204162001,ARJASARI,ca8566f52e203fe7139a1a0f4e7acdba,"['nib:04743', 'persilpasifid:70b5ae7c1a06dff6e053021d0b0a7df1', 'nomor:10141706103188', 'geometry:ca8566f52e203fe7139a1a0f4e7acdba']",nib:04743
70B62F0A896F6B6BE053031D0B0A7903,,Hak Milik,738,2018,04814,Meteran,10141706105331,,ARJASARI,107.6435886,-7.067717,320416,,3204162001,ARJASARI,5674ab372bd0f42c927a203144af634e,"['nib:04814', 'persilpasifid:70b62f0a896f6b6be053031d0b0a7903', 'nomor:10141706105331', 'geometry:5674ab372bd0f42c927a203144af634e']",nib:04814
70B62F0A89726B6BE053031D0B0A7903,,Hak Milik,744,2018,04818,Meteran,10141706105330,,ARJASARI,107.6435886,-7.067717,320416,,3204162001,ARJASARI,38ee971f2b57a3d538622712d712afd7,"['nib:04818', 'persilpasifid:70b62f0a89726b6be053031d0b0a7903', 'nomor:10141706105330', 'geometry:38ee971f2b57a3d538622712d712afd7']",nib:04818
70B4EC2BB7CD7B2FE053131D0B0A1D09,,Hak Wakaf,675,2023,04761,,10141706800110,,ARJASARI,107.6435886,-7.0702131,320416,,3204162001,ARJASARI,9e411a5507bce0e9c2dafbe9e6a36428,"['nib:04761', 'persilpasifid:70b4ec2bb7cd7b2fe053131d0b0a1d09', 'nomor:10141706800110', 'geometry:9e411a5507bce0e9c2dafbe9e6a36428']",nib:04761
7467671145471AF1E053031D0B0A9139,,Hak Milik,201,2018,05506,Meteran,10141706102360,,ARJASARI,107.6435886,-7.0552359,320416,,3204162001,ARJASARI,04a5d63e95884b0ce5fa496d40141fad,"['nib:05506', 'persilpasifid:7467671145471af1e053031d0b0a9139', 'nomor:10141706102360', 'geometry:04a5d63e95884b0ce5fa496d40141fad']",nib:05506
749F7AAB36A3B535E053031D0B0A4DF4,,Hak Milik,70,2018,05651,Meteran,10141706103423,,ARJASARI,107.6435886,-7.0533638,320416,,3204162001,ARJASARI,050304bf800516dc0767e8a9a16bf3f9,"['nib:05651', 'persilpasifid:749f7aab36a3b535e053031d0b0a4df4', 'nomor:10141706103423', 'geometry:050304bf800516dc0767e8a9a16bf3f9']",nib:05651
749F7AB7C64E9350E053141D0B0AA0E6,,Hak Milik,210,2018,05652,Meteran,10141706103464,,ARJASARI,107.6435886,-7.0533638,320416,,3204162001,ARJASARI,0207865fcf7490175a4fab52d478e543,"['nib:05652', 'persilpasifid:749f7ab7c64e9350e053141d0b0aa0e6', 'nomor:10141706103464', 'geometry:0207865fcf7490175a4fab52d478e543']",nib:05652
749F869466DACDB0E053031D0B0ACB32,,Hak Milik,521,2018,05683,Meteran,10141706106169,,ARJASARI,107.6435886,-7.0527397,320416,,3204162001,ARJASARI,e520d91d9f6df75a4339cef3bb499467,"['nib:05683', 'persilpasifid:749f869466dacdb0e053031d0b0acb32', 'nomor:10141706106169', 'geometry:e520d91d9f6df75a4339cef3bb499467']",nib:05683
692BCEBDE793E399E053021D0B0A6E7B,,Hak Milik,92,2018,02851,Meteran,10141706101409,,ARJASARI,107.6435886,-7.0508675,320416,,3204162001,ARJASARI,adb0c7cd4f68fc63e7f51b46253baeed,"['nib:02851', 'persilpasifid:692bcebde793e399e053021d0b0a6e7b', 'nomor:10141706101409', 'geometry:adb0c7cd4f68fc63e7f51b46253baeed']",nib:02851
692BCEBDE795E399E053021D0B0A6E7B,,Hak Milik,164,2019,02853,Meteran,10141706101347,,ARJASARI,107.6435886,-7.0508675,320416,,3204162001,ARJASARI,ae9dbe248b788b15022636129b02107e,"['nib:02853', 'persilpasifid:692bcebde795e399e053021d0b0a6e7b', 'nomor:10141706101347', 'geometry:ae9dbe248b788b15022636129b02107e']",nib:02853
7467671145561AF1E053031D0B0A9139,,Hak Milik,290,2018,05542,Meteran,10141706102398,,ARJASARI,107.6435886,-7.0546119,320416,,3204162001,ARJASARI,50a72a29ce895a5f170ae15bf6307ba9,"['nib:05542', 'persilpasifid:7467671145561af1e053031d0b0a9139', 'nomor:10141706102398', 'geometry:50a72a29ce895a5f170ae15bf6307ba9']",nib:05542
153E73E206CA2FE5E053021D0B0A1EB8,,Hak Milik,1224,2015,01871,,10141708100951,,ARJASARI,107.6442174,-7.0883099,320416,,3204162001,ARJASARI,2d3112d782f3615e65c9be12a6cacae9,"['nib:01871', 'persilpasifid:153e73e206ca2fe5e053021d0b0a1eb8', 'nomor:10141708100951', 'geometry:2d3112d782f3615e65c9be12a6cacae9']",nib:01871
702833FD168C412AE053031D0B0A01A7,,Hak Milik,1095,2018,04296,Meteran,10141706102847,,ARJASARI,107.6442174,-7.0833178,320416,,3204162001,ARJASARI,11a15b4907d9590441074ea8894c01bf,"['nib:04296', 'persilpasifid:702833fd168c412ae053031d0b0a01a7', 'nomor:10141706102847', 'geometry:11a15b4907d9590441074ea8894c01bf']",nib:04296
70282EE08068884FE053021D0B0A790A,,Hak Milik,1096,2018,04330,Meteran,10141706105507,,ARJASARI,107.6442174,-7.0814457,320416,,3204162001,ARJASARI,6b620d93a88f9e67e63504ddbecc7ec4,"['nib:04330', 'persilpasifid:70282ee08068884fe053021d0b0a790a', 'nomor:10141706105507', 'geometry:6b620d93a88f9e67e63504ddbecc7ec4']",nib:04330
7028EEBD380AC1CDE053141D0B0AB5CA,,Hak Milik,297,2018,04575,Meteran,10141706105569,,ARJASARI,107.6442174,-7.0783256,320416,,3204162001,ARJASARI,9c7b14766a39aeaac56718d7fce75a90,"['nib:04575', 'persilpasifid:7028eebd380ac1cde053141d0b0ab5ca', 'nomor:10141706105569', 'geometry:9c7b14766a39aeaac56718d7fce75a90']",nib:04575
7029D4E92DD8C10CE053141D0B0A4F42,,Hak Milik,937,2018,04545,Meteran,10141706102932,,ARJASARI,107.6442174,-7.0758294,320416,,3204162001,ARJASARI,876ec92323f44b692e5708b61046acc1,"['nib:04545', 'persilpasifid:7029d4e92dd8c10ce053141d0b0a4f42', 'nomor:10141706102932', 'geometry:876ec92323f44b692e5708b61046acc1']",nib:04545
70B62F0A89776B6BE053031D0B0A7903,,Hak Milik,987,2018,04869,Meteran,10141706103373,,ARJASARI,107.6442174,-7.0695891,320416,,3204162001,ARJASARI,97463b7e61f9f9e1453901ac6dec2c00,"['nib:04869', 'persilpasifid:70b62f0a89776b6be053031d0b0a7903', 'nomor:10141706103373', 'geometry:97463b7e61f9f9e1453901ac6dec2c00']",nib:04869
7028EDD5B0C93DA1E053031D0B0AEB16,,Hak Milik,181,2018,04537,Meteran,10141706102947,,ARJASARI,107.6442174,-7.0770775,320416,,3204162001,ARJASARI,1e9e7eff1abe249ed0308572631e6e20,"['nib:04537', 'persilpasifid:7028edd5b0c93da1e053031d0b0aeb16', 'nomor:10141706102947', 'geometry:1e9e7eff1abe249ed0308572631e6e20']",nib:04537
749F7E4DC791514BE053131D0B0AE33E,,Hak Milik,130,2018,05576,Meteran,10141706103002,,ARJASARI,107.6442174,-7.0546119,320416,,3204162001,ARJASARI,25f91426296140e21a61d3392177d07d,"['nib:05576', 'persilpasifid:749f7e4dc791514be053131d0b0ae33e', 'nomor:10141706103002', 'geometry:25f91426296140e21a61d3392177d07d']",nib:05576
692BCEBDE7A1E399E053021D0B0A6E7B,,Hak Milik,1822,2018,02865,Meteran,10141706101812,,ARJASARI,107.6442174,-7.0508675,320416,,3204162001,ARJASARI,c84af07a7b7eec3907b68e24fac9befb,"['nib:02865', 'persilpasifid:692bcebde7a1e399e053021d0b0a6e7b', 'nomor:10141706101812', 'geometry:c84af07a7b7eec3907b68e24fac9befb']",nib:02865
692C6C87080FF578E053031D0B0A1289,,Hak Milik,421,2018,02923,Meteran,10141706101364,,ARJASARI,107.6442174,-7.0521156,320416,,3204162001,ARJASARI,8492f3b2cb1a07b7636f91b8720ed861,"['nib:02923', 'persilpasifid:692c6c87080ff578e053031d0b0a1289', 'nomor:10141706101364', 'geometry:8492f3b2cb1a07b7636f91b8720ed861']",nib:02923
692BCEBDE78FE399E053021D0B0A6E7B,,Hak Milik,713,2018,02847,Meteran,10141706101814,,ARJASARI,107.6442174,-7.0502434,320416,,3204162001,ARJASARI,fe4d2fc227b254e6f9a7d99a4aef1cd2,"['nib:02847', 'persilpasifid:692bcebde78fe399e053021d0b0a6e7b', 'nomor:10141706101814', 'geometry:fe4d2fc227b254e6f9a7d99a4aef1cd2']",nib:02847
7024BFE52C329E11E053021D0B0A2F0E,,Hak Milik,983,2018,04204,Meteran,10141706102654,,ARJASARI,107.6448462,-7.0864379,320416,,3204162001,ARJASARI,f33a63042be56d4daf58b5b9c77f2b39,"['nib:04204', 'persilpasifid:7024bfe52c329e11e053021d0b0a2f0e', 'nomor:10141706102654', 'geometry:f33a63042be56d4daf58b5b9c77f2b39']",nib:04204
7024BFE52C409E11E053021D0B0A2F0E,,Hak Milik,1013,2018,04275,Meteran,10141706102826,,ARJASARI,107.6448462,-7.0839418,320416,,3204162001,ARJASARI,6eb075bbf80d00aad66435a20e4fe0a1,"['nib:04275', 'persilpasifid:7024bfe52c409e11e053021d0b0a2f0e', 'nomor:10141706102826', 'geometry:6eb075bbf80d00aad66435a20e4fe0a1']",nib:04275
749F7CAF12879158E053141D0B0A6E45,,Hak Milik,368,2018,05674,Meteran,10141706103477,,ARJASARI,107.6442174,-7.0527397,320416,,3204162001,ARJASARI,4084e064e4ec5ebaab86457539d906e7,"['nib:05674', 'persilpasifid:749f7caf12879158e053141d0b0a6e45', 'nomor:10141706103477', 'geometry:4084e064e4ec5ebaab86457539d906e7']",nib:05674
7027566C3F691BB3E053021D0B0A5E8B,,Hak Milik,1157,2018,04324,Meteran,10141706102963,,ARJASARI,107.6448462,-7.0820697,320416,,3204162001,ARJASARI,4eb8fc8e4b6d0118ca273bfc71a48b94,"['nib:04324', 'persilpasifid:7027566c3f691bb3e053021d0b0a5e8b', 'nomor:10141706102963', 'geometry:4eb8fc8e4b6d0118ca273bfc71a48b94']",nib:04324
7028348CD6AD0EFAE053131D0B0AB6F0,,Hak Milik,1062,2018,04339,Meteran,10141706102883,,ARJASARI,107.6448462,-7.0808217,320416,,3204162001,ARJASARI,77d1e82bca5f26c1a6899b3d30876218,"['nib:04339', 'persilpasifid:7028348cd6ad0efae053131d0b0ab6f0', 'nomor:10141706102883', 'geometry:77d1e82bca5f26c1a6899b3d30876218']",nib:04339
702746CB37F3A780E053131D0B0AB811,,Hak Milik,1007,2018,04332,Meteran,10141706102877,,ARJASARI,107.6448462,-7.0814457,320416,,3204162001,ARJASARI,5db9112b93ecb7fbd50395c5f3ded53d,"['nib:04332', 'persilpasifid:702746cb37f3a780e053131d0b0ab811', 'nomor:10141706102877', 'geometry:5db9112b93ecb7fbd50395c5f3ded53d']",nib:04332
7029085EFD897DE7E053031D0B0A9F2B,,Hak Milik,697,2018,04448,Meteran,10141706102680,,ARJASARI,107.6448462,-7.0795736,320416,,3204162001,ARJASARI,4772885549310452511a63cd2edca520,"['nib:04448', 'persilpasifid:7029085efd897de7e053031d0b0a9f2b', 'nomor:10141706102680', 'geometry:4772885549310452511a63cd2edca520']",nib:04448
7029085EFD8C7DE7E053031D0B0A9F2B,,Hak Milik,708,2018,04456,Meteran,10141706102688,,ARJASARI,107.6448462,-7.0783256,320416,,3204162001,ARJASARI,5a726a35707280a351a7df89d126ab8f,"['nib:04456', 'persilpasifid:7029085efd8c7de7e053031d0b0a9f2b', 'nomor:10141706102688', 'geometry:5a726a35707280a351a7df89d126ab8f']",nib:04456
7029D4E92D72C10CE053141D0B0A4F42,,Hak Milik,1001,2018,04466,Meteran,10141706102698,,ARJASARI,107.6448462,-7.0777015,320416,,3204162001,ARJASARI,30cdac2661c8362cbd712add9744ce53,"['nib:04466', 'persilpasifid:7029d4e92d72c10ce053141d0b0a4f42', 'nomor:10141706102698', 'geometry:30cdac2661c8362cbd712add9744ce53']",nib:04466
7841F8BEA47496E4E053031D0B0A123C,,Hak Milik,1097,2018,07159,Meteran,10141706105134,,ARJASARI,107.6442174,-7.0446268,320416,,3204162001,ARJASARI,b2a7ed97219955b6fa475c25f8d5bd84,"['nib:07159', 'persilpasifid:7841f8bea47496e4e053031d0b0a123c', 'nomor:10141706105134', 'geometry:b2a7ed97219955b6fa475c25f8d5bd84']",nib:07159
7024BFE52C379E11E053021D0B0A2F0E,,Hak Milik,991,2018,04212,Meteran,10141706102661,,ARJASARI,107.6448462,-7.0858138,320416,,3204162001,ARJASARI,4ecafb66d834b2ced1932836c967d193,"['nib:04212', 'persilpasifid:7024bfe52c379e11e053021d0b0a2f0e', 'nomor:10141706102661', 'geometry:4ecafb66d834b2ced1932836c967d193']",nib:04212
746764726C60E01BE053031D0B0AF189,,Hak Milik,197,2018,05536,Meteran,10141706102380,,ARJASARI,107.6442174,-7.0552359,320416,,3204162001,ARJASARI,8377ccff5ea78484d06f38543a53bd08,"['nib:05536', 'persilpasifid:746764726c60e01be053031d0b0af189', 'nomor:10141706102380', 'geometry:8377ccff5ea78484d06f38543a53bd08']",nib:05536
70B5AE7C1A03DFF6E053021D0B0A7DF1,,Hak Milik,791,2018,04715,Meteran,10141706103231,,ARJASARI,107.6448462,-7.0733333,320416,,3204162001,ARJASARI,79315c8c8aa8e83afe836b1b304bf5d7,"['nib:04715', 'persilpasifid:70b5ae7c1a03dff6e053021d0b0a7df1', 'nomor:10141706103231', 'geometry:79315c8c8aa8e83afe836b1b304bf5d7']",nib:04715
70B5614CCB7113A5E053131D0B0AFDC2,,Hak Wakaf,1400,2023,04779,,10141706800075,,ARJASARI,107.6448462,-7.0702131,320416,,3204162001,ARJASARI,8d8842a4be131f757ce5ec10c34373c0,"['nib:04779', 'persilpasifid:70b5614ccb7113a5e053131d0b0afdc2', 'nomor:10141706800075', 'geometry:8d8842a4be131f757ce5ec10c34373c0']",nib:04779
746764726C5CE01BE053031D0B0AF189,,Hak Milik,828,2018,05532,Meteran,10141706102359,,ARJASARI,107.6448462,-7.0552359,320416,,3204162001,ARJASARI,891b2b51c41789f1915f8e383e3546d4,"['nib:05532', 'persilpasifid:746764726c5ce01be053031d0b0af189', 'nomor:10141706102359', 'geometry:891b2b51c41789f1915f8e383e3546d4']",nib:05532
749F7E814CA957C4E053131D0B0A3B8F,,Hak Milik,682,2018,05636,Meteran,10141706103649,,ARJASARI,107.6448462,-7.0533638,320416,,3204162001,ARJASARI,0b860e831689d6e0d0cb8aa1252d3b3d,"['nib:05636', 'persilpasifid:749f7e814ca957c4e053131d0b0a3b8f', 'nomor:10141706103649', 'geometry:0b860e831689d6e0d0cb8aa1252d3b3d']",nib:05636
749F7E814CAB57C4E053131D0B0A3B8F,,Hak Milik,190,2018,05641,Meteran,10141706103479,,ARJASARI,107.6448462,-7.0539878,320416,,3204162001,ARJASARI,919837359133894f94da9709fc7958f2,"['nib:05641', 'persilpasifid:749f7e814cab57c4e053131d0b0a3b8f', 'nomor:10141706103479', 'geometry:919837359133894f94da9709fc7958f2']",nib:05641
749F7E814CAC57C4E053131D0B0A3B8F,,Hak Milik,504,2018,05642,Meteran,10141706106165,,ARJASARI,107.6448462,-7.0539878,320416,,3204162001,ARJASARI,1e0c93e9fd291c91174b46349a774e02,"['nib:05642', 'persilpasifid:749f7e814cac57c4e053131d0b0a3b8f', 'nomor:10141706106165', 'geometry:1e0c93e9fd291c91174b46349a774e02']",nib:05642
70B561BAE3411F0AE053141D0B0AB34E,,Hak Wakaf,589,2023,04794,,10141706800125,,ARJASARI,107.6448462,-7.0714612,320416,,3204162001,ARJASARI,ba41a8216dfe354d93d8f1eb83072e0d,"['nib:04794', 'persilpasifid:70b561bae3411f0ae053141d0b0ab34e', 'nomor:10141706800125', 'geometry:ba41a8216dfe354d93d8f1eb83072e0d']",nib:04794
68D535ECB472961EE053031D0B0A0958,,Hak Milik,692,2018,02248,Meteran,10141706102035,,ARJASARI,107.6448462,-7.0496194,320416,,3204162001,ARJASARI,b1368442b9aad3b414a90cf2135cfaa4,"['nib:02248', 'persilpasifid:68d535ecb472961ee053031d0b0a0958', 'nomor:10141706102035', 'geometry:b1368442b9aad3b414a90cf2135cfaa4']",nib:02248
C61BD8BEF40F8495E040A8C010010D28,,Hak Milik,149,2013,01782,,10141706100696,,ARJASARI,107.6448462,-7.0546119,320416,,3204162001,ARJASARI,75f304c4582d4f65030ea83ad4b6d962,"['nib:01782', 'persilpasifid:c61bd8bef40f8495e040a8c010010d28', 'nomor:10141706100696', 'geometry:75f304c4582d4f65030ea83ad4b6d962']",nib:01782
749F7E4DC78C514BE053131D0B0AE33E,,Hak Milik,350,2018,05570,Meteran,10141706106161,,ARJASARI,107.6448462,-7.0527397,320416,,3204162001,ARJASARI,eedd2ffb1af84239529f16cc3da0fc65,"['nib:05570', 'persilpasifid:749f7e4dc78c514be053131d0b0ae33e', 'nomor:10141706106161', 'geometry:eedd2ffb1af84239529f16cc3da0fc65']",nib:05570
749F869466D7CDB0E053031D0B0ACB32,,Hak Milik,303,2018,05666,Meteran,10141706103732,,ARJASARI,107.6448462,-7.0527397,320416,,3204162001,ARJASARI,b9159becd151660009a6a500c832da6e,"['nib:05666', 'persilpasifid:749f869466d7cdb0e053031d0b0acb32', 'nomor:10141706103732', 'geometry:b9159becd151660009a6a500c832da6e']",nib:05666
70B561BAE3451F0AE053141D0B0AB34E,,Hak Wakaf,694,2023,04799,,10141706800103,,ARJASARI,107.6448462,-7.0708372,320416,,3204162001,ARJASARI,d34182362981e5244d5ce70f35f7faa5,"['nib:04799', 'persilpasifid:70b561bae3451f0ae053141d0b0ab34e', 'nomor:10141706800103', 'geometry:d34182362981e5244d5ce70f35f7faa5']",nib:04799
702528DD4E5FD349E053031D0B0A8302,,Hak Milik,1006,2018,04268,Meteran,10141706102819,,ARJASARI,107.6454751,-7.0845658,320416,,3204162001,ARJASARI,f93532818bc8d98772bc4f9a0b6c5649,"['nib:04268', 'persilpasifid:702528dd4e5fd349e053031d0b0a8302', 'nomor:10141706102819', 'geometry:f93532818bc8d98772bc4f9a0b6c5649']",nib:04268
FAEED9F986C9AB77E043021D0B0A9C7F,,Hak Milik,700,2014,01481,,10141708100538,,ARJASARI,107.6454751,-7.0858138,320416,,3204162001,ARJASARI,51ac46fed6eff16904462f3825924b78,"['nib:01481', 'persilpasifid:faeed9f986c9ab77e043021d0b0a9c7f', 'nomor:10141708100538', 'geometry:51ac46fed6eff16904462f3825924b78']",nib:01481
70252C2A7E60D343E053031D0B0AF69B,,Hak Milik,982,2018,04215,Meteran,10141706105296,,ARJASARI,107.6454751,-7.0858138,320416,,3204162001,ARJASARI,01e9d926fc1784db6f8ecd564027d2b9,"['nib:04215', 'persilpasifid:70252c2a7e60d343e053031d0b0af69b', 'nomor:10141706105296', 'geometry:01e9d926fc1784db6f8ecd564027d2b9']",nib:04215
7029D52EE1EBB05DE053031D0B0AC256,,Hak Milik,724,2018,04468,Meteran,10141706102700,,ARJASARI,107.6454751,-7.0777015,320416,,3204162001,ARJASARI,a098164bd9888ea908dcc0cdb1be907c,"['nib:04468', 'persilpasifid:7029d52ee1ebb05de053031d0b0ac256', 'nomor:10141706102700', 'geometry:a098164bd9888ea908dcc0cdb1be907c']",nib:04468
7029D52EE1E3B05DE053031D0B0AC256,,Hak Milik,903,2018,04451,Meteran,10141706102683,,ARJASARI,107.6454751,-7.0789496,320416,,3204162001,ARJASARI,e4cc1d2927c772c356b797ce52aad1b9,"['nib:04451', 'persilpasifid:7029d52ee1e3b05de053031d0b0ac256', 'nomor:10141706102683', 'geometry:e4cc1d2927c772c356b797ce52aad1b9']",nib:04451
7029D52EE1E7B05DE053031D0B0AC256,,Hak Milik,1004,2018,04461,Meteran,10141706102693,,ARJASARI,107.6454751,-7.0783256,320416,,3204162001,ARJASARI,cdc496841d0f73d036cc3bf8a7a0f2ce,"['nib:04461', 'persilpasifid:7029d52ee1e7b05de053031d0b0ac256', 'nomor:10141706102693', 'geometry:cdc496841d0f73d036cc3bf8a7a0f2ce']",nib:04461
593427CC7F890BD9E053131D0B0A2674,,Kosong,935,,02224,,,,ARJASARI,107.6454751,-7.0820697,320416,,3204162001,ARJASARI,a4887565172868330cf73d09bf371b2d,"['nib:02224', 'persilpasifid:593427cc7f890bd9e053131d0b0a2674', 'geometry:a4887565172868330cf73d09bf371b2d']",nib:02224
7029085EFD8E7DE7E053031D0B0A9F2B,,Hak Milik,898,2018,04473,Meteran,10141706102704,,ARJASARI,107.6454751,-7.0770775,320416,,3204162001,ARJASARI,3f587427fd4c0331e6d344272efb8f53,"['nib:04473', 'persilpasifid:7029085efd8e7de7e053031d0b0a9f2b', 'nomor:10141706102704', 'geometry:3f587427fd4c0331e6d344272efb8f53']",nib:04473
70B4ECA89A5A39C9E053141D0B0A8545,,Hak Milik,732,2018,04721,Meteran,10141706103218,,ARJASARI,107.6454751,-7.0720852,320416,,3204162001,ARJASARI,8fcf7410ca7b1f561cef92e5b6583e5d,"['nib:04721', 'persilpasifid:70b4eca89a5a39c9e053141d0b0a8545', 'nomor:10141706103218', 'geometry:8fcf7410ca7b1f561cef92e5b6583e5d']",nib:04721
70B5614CCB7313A5E053131D0B0AFDC2,,Hak Wakaf,739,2023,04782,,10141706800106,,ARJASARI,107.6454751,-7.0702131,320416,,3204162001,ARJASARI,e86d104ae16689c317a08357ead62f5a,"['nib:04782', 'persilpasifid:70b5614ccb7313a5e053131d0b0afdc2', 'nomor:10141706800106', 'geometry:e86d104ae16689c317a08357ead62f5a']",nib:04782
7841F8BEA46F96E4E053031D0B0A123C,,Hak Milik,1108,2018,07154,Meteran,10141706105108,,ARJASARI,107.6448462,-7.0452509,320416,,3204162001,ARJASARI,6061137041e39dbfa0a8c1fd0260753f,"['nib:07154', 'persilpasifid:7841f8bea46f96e4e053031d0b0a123c', 'nomor:10141706105108', 'geometry:6061137041e39dbfa0a8c1fd0260753f']",nib:07154
70B5E93321F71737E053131D0B0A88B1,,Hak Wakaf,1019,2023,04911,,10141706800144,,ARJASARI,107.6454751,-7.0695891,320416,,3204162001,ARJASARI,64e71dd99421c9fa8c4992ed32057da3,"['nib:04911', 'persilpasifid:70b5e93321f71737e053131d0b0a88b1', 'nomor:10141706800144', 'geometry:64e71dd99421c9fa8c4992ed32057da3']",nib:04911
7029D4E92DE2C10CE053141D0B0A4F42,,Hak Milik,940,2018,04562,Meteran,10141706102917,,ARJASARI,107.6454751,-7.0752054,320416,,3204162001,ARJASARI,1b66071a6e946ddc68ae5787367d96a2,"['nib:04562', 'persilpasifid:7029d4e92de2c10ce053141d0b0a4f42', 'nomor:10141706102917', 'geometry:1b66071a6e946ddc68ae5787367d96a2']",nib:04562
734E08CCAC00F361E053131D0B0AFCD1,,Hak Milik,138,2018,05330,Meteran,10141706102334,,ARJASARI,107.6454751,-7.0527397,320416,,3204162001,ARJASARI,fbb277666b773b9899ede237cb6cc879,"['nib:05330', 'persilpasifid:734e08ccac00f361e053131d0b0afcd1', 'nomor:10141706102334', 'geometry:fbb277666b773b9899ede237cb6cc879']",nib:05330
692BEA7825FA4654E053031D0B0A91E1,,Hak Milik,355,2018,02964,Meteran,10141706105460,,ARJASARI,107.6454751,-7.0514916,320416,,3204162001,ARJASARI,b4489f1ee2dabb3ca14175522be2fbb0,"['nib:02964', 'persilpasifid:692bea7825fa4654e053031d0b0a91e1', 'nomor:10141706105460', 'geometry:b4489f1ee2dabb3ca14175522be2fbb0']",nib:02964
74B34AF8DB9D12A2E053021D0B0A2F76,,Hak Milik,145,2018,05692,Meteran,10141706103559,,ARJASARI,107.6454751,-7.0546119,320416,,3204162001,ARJASARI,03fda45076bfe56fdb8f2141781cd5fc,"['nib:05692', 'persilpasifid:74b34af8db9d12a2e053021d0b0a2f76', 'nomor:10141706103559', 'geometry:03fda45076bfe56fdb8f2141781cd5fc']",nib:05692
68D535ECB480961EE053031D0B0A0958,,Hak Milik,1108,2018,02283,Meteran,10141706105362,,ARJASARI,107.6454751,-7.0489953,320416,,3204162001,ARJASARI,9e57fcf08a11c0eb096f086e9fb35273,"['nib:02283', 'persilpasifid:68d535ecb480961ee053031d0b0a0958', 'nomor:10141706105362', 'geometry:9e57fcf08a11c0eb096f086e9fb35273']",nib:02283
734DAC27C7632DF7E053031D0B0A19A7,,Hak Milik,545,2018,05319,Meteran,10141706102312,,ARJASARI,107.6454751,-7.0533638,320416,,3204162001,ARJASARI,6afe58cb910d9ab5fcbcc1ed7b78d900,"['nib:05319', 'persilpasifid:734dac27c7632df7e053031d0b0a19a7', 'nomor:10141706102312', 'geometry:6afe58cb910d9ab5fcbcc1ed7b78d900']",nib:05319
734EBDDD261D17ACE053031D0B0A61B7,,Hak Milik,343,2018,05340,Meteran,10141706102305,,ARJASARI,107.6454751,-7.0521156,320416,,3204162001,ARJASARI,236a4afe3f4ad23cddb2e54f0c140c72,"['nib:05340', 'persilpasifid:734ebddd261d17ace053031d0b0a61b7', 'nomor:10141706102305', 'geometry:236a4afe3f4ad23cddb2e54f0c140c72']",nib:05340
734EBDDD261E17ACE053031D0B0A61B7,,Hak Milik,624,2018,05342,Meteran,10141706105911,,ARJASARI,107.6454751,-7.0521156,320416,,3204162001,ARJASARI,ca60533427bc0369bbe20127493bc6ac,"['nib:05342', 'persilpasifid:734ebddd261e17ace053031d0b0a61b7', 'nomor:10141706105911', 'geometry:ca60533427bc0369bbe20127493bc6ac']",nib:05342
692C6C87082FF578E053031D0B0A1289,,Hak Milik,199,2018,02981,Meteran,10141706101407,,ARJASARI,107.6454751,-7.0508675,320416,,3204162001,ARJASARI,b89e3aecb874044295ba892027091f30,"['nib:02981', 'persilpasifid:692c6c87082ff578e053031d0b0a1289', 'nomor:10141706101407', 'geometry:b89e3aecb874044295ba892027091f30']",nib:02981
68D5118050B3E585E053141D0B0A28E1,,Hak Milik,1044,2018,02269,Meteran,10141706101397,,ARJASARI,107.6454751,-7.0496194,320416,,3204162001,ARJASARI,97c6bda368d350e797295838bf5e2abd,"['nib:02269', 'persilpasifid:68d5118050b3e585e053141d0b0a28e1', 'nomor:10141706101397', 'geometry:97c6bda368d350e797295838bf5e2abd']",nib:02269
7029D4E92D7BC10CE053141D0B0A4F42,,Hak Milik,1028,2018,04480,Meteran,10141706102710,,ARJASARI,107.6461039,-7.0795736,320416,,3204162001,ARJASARI,16752687120f3dc469326475fa3a8802,"['nib:04480', 'persilpasifid:7029d4e92d7bc10ce053141d0b0a4f42', 'nomor:10141706102710', 'geometry:16752687120f3dc469326475fa3a8802']",nib:04480
7029085EFD937DE7E053031D0B0A9F2B,,Hak Milik,679,2018,04526,Meteran,10141706102763,,ARJASARI,107.6461039,-7.0764535,320416,,3204162001,ARJASARI,b115080c3e299256777a2de7a0f63a61,"['nib:04526', 'persilpasifid:7029085efd937de7e053031d0b0a9f2b', 'nomor:10141706102763', 'geometry:b115080c3e299256777a2de7a0f63a61']",nib:04526
4E1F80613218475FE053141D0B0A88BF,,Hak Milik,262,2017,02614,,10141708101223,,ARJASARI,107.6454751,-7.0446268,320416,,3204162001,ARJASARI,fb803b7c9009c9d59e4c4de96e6a624a,"['nib:02614', 'persilpasifid:4e1f80613218475fe053141d0b0a88bf', 'nomor:10141708101223', 'geometry:fb803b7c9009c9d59e4c4de96e6a624a']",nib:02614
7029D4E92D83C10CE053141D0B0A4F42,,Hak Milik,1016,2018,04488,Meteran,10141706102718,,ARJASARI,107.6461039,-7.0789496,320416,,3204162001,ARJASARI,faeaca558a5cc546a0615445f3d91f07,"['nib:04488', 'persilpasifid:7029d4e92d83c10ce053141d0b0a4f42', 'nomor:10141706102718', 'geometry:faeaca558a5cc546a0615445f3d91f07']",nib:04488
7028EDD5B09D3DA1E053031D0B0AEB16,,Hak Milik,571,2018,04516,Meteran,10141706105564,,ARJASARI,107.6461039,-7.0777015,320416,,3204162001,ARJASARI,3c4176fdfa91456f8ece87e329e398e5,"['nib:04516', 'persilpasifid:7028edd5b09d3da1e053031d0b0aeb16', 'nomor:10141706105564', 'geometry:3c4176fdfa91456f8ece87e329e398e5']",nib:04516
70B5614CCB6613A5E053131D0B0AFDC2,,Hak Milik,1010,2018,04728,Meteran,10141706103226,,ARJASARI,107.6461039,-7.0727093,320416,,3204162001,ARJASARI,0a81b8ca0042bc33a56e38f4d1260761,"['nib:04728', 'persilpasifid:70b5614ccb6613a5e053131d0b0afdc2', 'nomor:10141706103226', 'geometry:0a81b8ca0042bc33a56e38f4d1260761']",nib:04728
74B33A81CE4CC1D3E053131D0B0A0EE1,,Hak Milik,442,2018,05756,Meteran,10141706103538,,ARJASARI,107.6461039,-7.0552359,320416,,3204162001,ARJASARI,b4b8e16b6d66748d5ba6f9ba0195b858,"['nib:05756', 'persilpasifid:74b33a81ce4cc1d3e053131d0b0a0ee1', 'nomor:10141706103538', 'geometry:b4b8e16b6d66748d5ba6f9ba0195b858']",nib:05756
74B3410AC6DC8F0AE053141D0B0A8521,,Hak Milik,584,2018,05810,Meteran,10141706103487,,ARJASARI,107.6461039,-7.0546119,320416,,3204162001,ARJASARI,053b2aa8f87569240a3752159b39a384,"['nib:05810', 'persilpasifid:74b3410ac6dc8f0ae053141d0b0a8521', 'nomor:10141706103487', 'geometry:053b2aa8f87569240a3752159b39a384']",nib:05810
68D5118050C2E585E053141D0B0A28E1,,Hak Milik,256,2018,02306,Meteran,10141706101384,,ARJASARI,107.6461039,-7.0502434,320416,,3204162001,ARJASARI,6a8f9279b6989e63fe3a43c09ee8688d,"['nib:02306', 'persilpasifid:68d5118050c2e585e053141d0b0a28e1', 'nomor:10141706101384', 'geometry:6a8f9279b6989e63fe3a43c09ee8688d']",nib:02306
6900B47760D9A2FAE053031D0B0AF2A5,,Hak Milik,1214,2018,02660,Meteran,10141706102042,,ARJASARI,107.6461039,-7.0508675,320416,,3204162001,ARJASARI,370a519af91ae39e9cf9a6cf120377c8,"['nib:02660', 'persilpasifid:6900b47760d9a2fae053031d0b0af2a5', 'nomor:10141706102042', 'geometry:370a519af91ae39e9cf9a6cf120377c8']",nib:02660
4E1F834CDD354763E053031D0B0A99DC,,Hak Milik,260,2017,02639,,10141708101266,,ARJASARI,107.6461039,-7.0446268,320416,,3204162001,ARJASARI,b52eebbbb90a075d3cae58aecb4cceab,"['nib:02639', 'persilpasifid:4e1f834cdd354763e053031d0b0a99dc', 'nomor:10141708101266', 'geometry:b52eebbbb90a075d3cae58aecb4cceab']",nib:02639
68D535ECB47D961EE053031D0B0A0958,,Hak Milik,540,2018,02280,Meteran,10141706105360,,ARJASARI,107.6461039,-7.0489953,320416,,3204162001,ARJASARI,0d10d760cf79a714fe6dc9ac8d8176d3,"['nib:02280', 'persilpasifid:68d535ecb47d961ee053031d0b0a0958', 'nomor:10141706105360', 'geometry:0d10d760cf79a714fe6dc9ac8d8176d3']",nib:02280
734EBA16FFE817A7E053031D0B0A84F3,,Hak Milik,577,2018,05382,Meteran,10141706105899,,ARJASARI,107.6461039,-7.0539878,320416,,3204162001,ARJASARI,3a972b79f75f828a8cce67c2a46f04b5,"['nib:05382', 'persilpasifid:734eba16ffe817a7e053031d0b0a84f3', 'nomor:10141706105899', 'geometry:3a972b79f75f828a8cce67c2a46f04b5']",nib:05382
4E1F834CDD3E4763E053031D0B0A99DC,,Hak Milik,426,2017,02648,,10141708101350,,ARJASARI,107.6461039,-7.0440027,320416,,3204162001,ARJASARI,93ac0013ad079950eb4943f89647d35b,"['nib:02648', 'persilpasifid:4e1f834cdd3e4763e053031d0b0a99dc', 'nomor:10141708101350', 'geometry:93ac0013ad079950eb4943f89647d35b']",nib:02648
7029D4E92DA7C10CE053141D0B0A4F42,,Hak Milik,513,2018,04509,Meteran,10141706102739,,ARJASARI,107.6467327,-7.0770775,320416,,3204162001,ARJASARI,0bd5336628f83dd49b37b53e692d9e7c,"['nib:04509', 'persilpasifid:7029d4e92da7c10ce053141d0b0a4f42', 'nomor:10141706102739', 'geometry:0bd5336628f83dd49b37b53e692d9e7c']",nib:04509
734EBDDD262517ACE053031D0B0A61B7,,Hak Milik,268,2018,05370,Meteran,10141706105918,,ARJASARI,107.6467327,-7.0533638,320416,,3204162001,ARJASARI,d31b679aae6cf282792b9c72cc602c63,"['nib:05370', 'persilpasifid:734ebddd262517ace053031d0b0a61b7', 'nomor:10141706105918', 'geometry:d31b679aae6cf282792b9c72cc602c63']",nib:05370
527540719FF4A328E053031D0B0AA2F4,,Hak Milik,1514,2017,03379,,10141708102937,,ARJASARI,107.6467327,-7.0483712,320416,,3204162001,ARJASARI,43dbefb8189a19e5cabff40bf365c501,"['nib:03379', 'persilpasifid:527540719ff4a328e053031d0b0aa2f4', 'nomor:10141708102937', 'geometry:43dbefb8189a19e5cabff40bf365c501']",nib:03379
4E1F96ABC36C02DDE053021D0B0AE542,,Hak Milik,1081,2017,02665,,10141708101256,,ARJASARI,107.6467327,-7.0452509,320416,,3204162001,ARJASARI,4afcb0fa73936c1724df27be2c0ec3f4,"['nib:02665', 'persilpasifid:4e1f96abc36c02dde053021d0b0ae542', 'nomor:10141708101256', 'geometry:4afcb0fa73936c1724df27be2c0ec3f4']",nib:02665
063E2CDC19CB5F2FE063B516140AEA71,,Hak Milik,287,2023,,,10141708103089,,ARJASARI,107.6467327,-7.0440027,320416,,3204162001,ARJASARI,20206384cd199bcccf80986db50b404d,"['persilpasifid:063e2cdc19cb5f2fe063b516140aea71', 'nomor:10141708103089', 'geometry:20206384cd199bcccf80986db50b404d']",persilpasifid:063e2cdc19cb5f2fe063b516140aea71
6900B47760D5A2FAE053031D0B0AF2A5,,Hak Milik,685,2018,02656,Meteran,10141706103459,,ARJASARI,107.6467327,-7.0508675,320416,,3204162001,ARJASARI,7c2a4d1a8723a639288029affe3ec055,"['nib:02656', 'persilpasifid:6900b47760d5a2fae053031d0b0af2a5', 'nomor:10141706103459', 'geometry:7c2a4d1a8723a639288029affe3ec055']",nib:02656
46CF73FE7F49AE3EE053021D0B0ABA44,,Hak Milik,1022,2017,02075,,10141706100960,,ARJASARI,107.6473615,-7.0608524,320416,,3204162001,ARJASARI,a832c89e2fcdce30d121b88cddf0d7e1,"['nib:02075', 'persilpasifid:46cf73fe7f49ae3ee053021d0b0aba44', 'nomor:10141706100960', 'geometry:a832c89e2fcdce30d121b88cddf0d7e1']",nib:02075
68FCBD3A032CF543E053021D0B0AC89D,,Hak Milik,685,2018,02608,Meteran,10141706105431,,ARJASARI,107.6473615,-7.0489953,320416,,3204162001,ARJASARI,52852e70fbedb1bcc5c60d3ec7907940,"['nib:02608', 'persilpasifid:68fcbd3a032cf543e053021d0b0ac89d', 'nomor:10141706105431', 'geometry:52852e70fbedb1bcc5c60d3ec7907940']",nib:02608
6900B47760BDA2FAE053031D0B0AF2A5,,Hak Milik,329,2018,02631,Meteran,10141706104014,,ARJASARI,107.6473615,-7.0508675,320416,,3204162001,ARJASARI,e69bd10e76371d79ab31a518df1615b6,"['nib:02631', 'persilpasifid:6900b47760bda2fae053031d0b0af2a5', 'nomor:10141706104014', 'geometry:e69bd10e76371d79ab31a518df1615b6']",nib:02631
291CC70F4E6D2725E053031D0B0ACD44,,Hak Milik,57,2016,01949,,10141706100795,,ARJASARI,107.6479903,-7.0602284,320416,,3204162001,ARJASARI,07deffbca85ae048a4f11835f1b0a140,"['nib:01949', 'persilpasifid:291cc70f4e6d2725e053031d0b0acd44', 'nomor:10141706100795', 'geometry:07deffbca85ae048a4f11835f1b0a140']",nib:01949
291CC70F4E6F2725E053031D0B0ACD44,,Hak Milik,266,2016,01950,,10141706100796,,ARJASARI,107.6479903,-7.0602284,320416,,3204162001,ARJASARI,69db6d4de07058a277b86a76372a0484,"['nib:01950', 'persilpasifid:291cc70f4e6f2725e053031d0b0acd44', 'nomor:10141706100796', 'geometry:69db6d4de07058a277b86a76372a0484']",nib:01950
EC7986FD3B8476B8E0530C1D140A2F8E,,Hak Milik,1836,2023,,GPS Geodetic,10141706106646,,ARJASARI,107.6479903,-7.0564841,320416,,3204162001,ARJASARI,012a99d460f9c3875c219aa5db4e7236,"['persilpasifid:ec7986fd3b8476b8e0530c1d140a2f8e', 'nomor:10141706106646', 'geometry:012a99d460f9c3875c219aa5db4e7236']",persilpasifid:ec7986fd3b8476b8e0530c1d140a2f8e
46CF73FE7F30AE3EE053021D0B0ABA44,,Hak Milik,244,2017,02060,,10141706100945,,ARJASARI,107.6479903,-7.0608524,320416,,3204162001,ARJASARI,b6378d1fbea275cc9ab322bba2b18321,"['nib:02060', 'persilpasifid:46cf73fe7f30ae3ee053021d0b0aba44', 'nomor:10141706100945', 'geometry:b6378d1fbea275cc9ab322bba2b18321']",nib:02060
2be9699a5bb94c9abed6b298ae75c956,,Hak Milik,60,1998,,,10141706100216,,ARJASARI,107.6479903,-7.0627246,320416,,3204162001,ARJASARI,d52fe813629be12f98f9aaf63607ad8c,"['persilpasifid:2be9699a5bb94c9abed6b298ae75c956', 'nomor:10141706100216', 'geometry:d52fe813629be12f98f9aaf63607ad8c']",persilpasifid:2be9699a5bb94c9abed6b298ae75c956
4547bdb033144b7db5e871fde406f71d,,Hak Milik,60,1998,,,10141706100217,,ARJASARI,107.6479903,-7.0627246,320416,,3204162001,ARJASARI,067904600fc19a00f645cf39b985635e,"['persilpasifid:4547bdb033144b7db5e871fde406f71d', 'nomor:10141706100217', 'geometry:067904600fc19a00f645cf39b985635e']",persilpasifid:4547bdb033144b7db5e871fde406f71d
74B3410AC6D78F0AE053141D0B0A8521,,Hak Milik,251,2018,05805,Meteran,10141706103453,,ARJASARI,107.6479903,-7.0546119,320416,,3204162001,ARJASARI,dad83a331816b4938230494977cc884b,"['nib:05805', 'persilpasifid:74b3410ac6d78f0ae053141d0b0a8521', 'nomor:10141706103453', 'geometry:dad83a331816b4938230494977cc884b']",nib:05805
71B47D60980F598AE053131D0B0AB50E,,Hak Milik,152,2018,05193,,10141706102208,,ARJASARI,107.6479903,-7.0521156,320416,,3204162001,ARJASARI,e512c12040986631a64d9f9f7daff180,"['nib:05193', 'persilpasifid:71b47d60980f598ae053131d0b0ab50e', 'nomor:10141706102208', 'geometry:e512c12040986631a64d9f9f7daff180']",nib:05193
69012697ED85CB9DE053141D0B0A5A34,,Hak Milik,962,2018,02677,Meteran,10141706105054,,ARJASARI,107.6479903,-7.0514916,320416,,3204162001,ARJASARI,7008b9048ec84cf425e6df5506666afa,"['nib:02677', 'persilpasifid:69012697ed85cb9de053141d0b0a5a34', 'nomor:10141706105054', 'geometry:7008b9048ec84cf425e6df5506666afa']",nib:02677
291CC70F4E532725E053031D0B0ACD44,,Hak Milik,688,2016,01934,,10141706100780,,ARJASARI,107.6479903,-7.0589803,320416,,3204162001,ARJASARI,5a34d108c953a303bb1459e0c977612a,"['nib:01934', 'persilpasifid:291cc70f4e532725e053031d0b0acd44', 'nomor:10141706100780', 'geometry:5a34d108c953a303bb1459e0c977612a']",nib:01934
74B3410AC6D88F0AE053141D0B0A8521,,Hak Milik,189,2018,05806,Meteran,10141706103425,,ARJASARI,107.6479903,-7.0552359,320416,,3204162001,ARJASARI,b6a64403a4ecef3d2bdf64c0d1630ad6,"['nib:05806', 'persilpasifid:74b3410ac6d88f0ae053141d0b0a8521', 'nomor:10141706103425', 'geometry:b6a64403a4ecef3d2bdf64c0d1630ad6']",nib:05806
94868B8ED276882CE0530C1D140AE930,,Hak Guna Bangunan,60,2020,07951,,10141706300294,,ARJASARI,107.6479903,-7.0583562,320416,,3204162001,ARJASARI,34a00b22d96d793e4633d6d20990b2dd,"['nib:07951', 'persilpasifid:94868b8ed276882ce0530c1d140ae930', 'nomor:10141706300294', 'geometry:34a00b22d96d793e4633d6d20990b2dd']",nib:07951
68FD03DB27942339E053131D0B0ACF46,,Hak Milik,304,2018,02573,Meteran,10141706101504,,ARJASARI,107.6479903,-7.0496194,320416,,3204162001,ARJASARI,f59e4450ef9c725894bcec73e1bdb4b5,"['nib:02573', 'persilpasifid:68fd03db27942339e053131d0b0acf46', 'nomor:10141706101504', 'geometry:f59e4450ef9c725894bcec73e1bdb4b5']",nib:02573
857e323bf8464d6195cd1f579175747d,,Hak Milik,60,1998,,,10141706100085,,ARJASARI,107.6486192,-7.0633486,320416,,3204162001,ARJASARI,0ad2b58bdc5ddbf5e590ff8ff163733f,"['persilpasifid:857e323bf8464d6195cd1f579175747d', 'nomor:10141706100085', 'geometry:0ad2b58bdc5ddbf5e590ff8ff163733f']",persilpasifid:857e323bf8464d6195cd1f579175747d
b3f9d492b02843ff9503ac4cc2502884,,Hak Milik,81,1998,,,10141706100086,,ARJASARI,107.6486192,-7.0633486,320416,,3204162001,ARJASARI,5524c0823f8a1d54634009d95f8ea388,"['persilpasifid:b3f9d492b02843ff9503ac4cc2502884', 'nomor:10141706100086', 'geometry:5524c0823f8a1d54634009d95f8ea388']",persilpasifid:b3f9d492b02843ff9503ac4cc2502884
290BDC217E8F1E5FE053031D0B0A68D7,,Hak Milik,197,2016,01902,,10141706100824,,ARJASARI,107.6486192,-7.0608524,320416,,3204162001,ARJASARI,606d7b211872720526a6e42e5fe6770d,"['nib:01902', 'persilpasifid:290bdc217e8f1e5fe053031d0b0a68d7', 'nomor:10141706100824', 'geometry:606d7b211872720526a6e42e5fe6770d']",nib:01902
6ce8d6e8fde748559b73f14c6f0ffa32,,Hak Milik,60,1998,,,10141706100079,,ARJASARI,107.6486192,-7.0627246,320416,,3204162001,ARJASARI,d8ec415bc52aed481df4d2c1980e944f,"['persilpasifid:6ce8d6e8fde748559b73f14c6f0ffa32', 'nomor:10141706100079', 'geometry:d8ec415bc52aed481df4d2c1980e944f']",persilpasifid:6ce8d6e8fde748559b73f14c6f0ffa32
46D419A15841D377E053031D0B0ABDD6,,Hak Milik,410,2017,02106,,10141706100991,,ARJASARI,107.6486192,-7.0596043,320416,,3204162001,ARJASARI,18be5112d9b6f4faa45ab90055a29f5e,"['nib:02106', 'persilpasifid:46d419a15841d377e053031d0b0abdd6', 'nomor:10141706100991', 'geometry:18be5112d9b6f4faa45ab90055a29f5e']",nib:02106
806045bed4e24183bdf3a1d94ccb2a49,,Hak Milik,60,1998,00188,,10141706100280,,ARJASARI,107.6486192,-7.0614765,320416,,3204162001,ARJASARI,edc3638e7989c00b2b7af7a9be8a4280,"['nib:00188', 'persilpasifid:806045bed4e24183bdf3a1d94ccb2a49', 'nomor:10141706100280', 'geometry:edc3638e7989c00b2b7af7a9be8a4280']",nib:00188
EC7991AC11F3BCD4E0530B1D140A6476,,Hak Milik,758,2023,,GPS Geodetic,10141706106642,,ARJASARI,107.6486192,-7.0564841,320416,,3204162001,ARJASARI,3cd81ffb9281ab4b2629ed84aabe5038,"['persilpasifid:ec7991ac11f3bcd4e0530b1d140a6476', 'nomor:10141706106642', 'geometry:3cd81ffb9281ab4b2629ed84aabe5038']",persilpasifid:ec7991ac11f3bcd4e0530b1d140a6476
6CD7F6D48E2DB350E053141D0B0A767E,,Hak Milik,205,2018,03613,Meteran,10141706101710,,ARJASARI,107.6486192,-7.0546119,320416,,3204162001,ARJASARI,33d6c2ba779ae3da9be646e55c7b7340,"['nib:03613', 'persilpasifid:6cd7f6d48e2db350e053141d0b0a767e', 'nomor:10141706101710', 'geometry:33d6c2ba779ae3da9be646e55c7b7340']",nib:03613
6CD7E4B14010C989E053031D0B0AEC24,,Hak Milik,197,2018,03655,Meteran,10141706101701,,ARJASARI,107.6486192,-7.0552359,320416,,3204162001,ARJASARI,3e3bbc6df3c5cb97ea6d96bc7ea24058,"['nib:03655', 'persilpasifid:6cd7e4b14010c989e053031d0b0aec24', 'nomor:10141706101701', 'geometry:3e3bbc6df3c5cb97ea6d96bc7ea24058']",nib:03655
69056E24CBD0F447E053131D0B0AB006,,Hak Milik,1775,2018,02742,Meteran,10141706105498,,ARJASARI,107.6486192,-7.0514916,320416,,3204162001,ARJASARI,cd86c6d04237d17fb382434f13edede7,"['nib:02742', 'persilpasifid:69056e24cbd0f447e053131d0b0ab006', 'nomor:10141706105498', 'geometry:cd86c6d04237d17fb382434f13edede7']",nib:02742
6D000D1158578146E053031D0B0A4F26,,Hak Milik,1011,2018,03723,Meteran,10141706105258,,ARJASARI,107.6486192,-7.0527397,320416,,3204162001,ARJASARI,02b873d6070f42208dc0ce6d98c82d32,"['nib:03723', 'persilpasifid:6d000d1158578146e053031d0b0a4f26', 'nomor:10141706105258', 'geometry:02b873d6070f42208dc0ce6d98c82d32']",nib:03723
6D000D7D08F28148E053031D0B0A18B9,,Hak Milik,954,2018,03719,Meteran,10141706101938,,ARJASARI,107.6486192,-7.0533638,320416,,3204162001,ARJASARI,fcbf0458ff2dec842750043cbd2897ce,"['nib:03719', 'persilpasifid:6d000d7d08f28148e053031d0b0a18b9', 'nomor:10141706101938', 'geometry:fcbf0458ff2dec842750043cbd2897ce']",nib:03719
291CC70F4E452725E053031D0B0ACD44,,Hak Milik,35,2016,01926,,10141706100772,,ARJASARI,107.6486192,-7.0589803,320416,,3204162001,ARJASARI,22328ba87fdfc44696f3d0c3b6eca332,"['nib:01926', 'persilpasifid:291cc70f4e452725e053031d0b0acd44', 'nomor:10141706100772', 'geometry:22328ba87fdfc44696f3d0c3b6eca332']",nib:01926
291CE84CDC3C271BE053031D0B0A6AE3,,Hak Milik,64,2016,01923,,10141706100769,,ARJASARI,107.6486192,-7.0589803,320416,,3204162001,ARJASARI,dc41e330dc1214f63589f8420d5ab10b,"['nib:01923', 'persilpasifid:291ce84cdc3c271be053031d0b0a6ae3', 'nomor:10141706100769', 'geometry:dc41e330dc1214f63589f8420d5ab10b']",nib:01923
94868B8ED288882CE0530C1D140AE930,,Hak Guna Bangunan,60,2020,07988,,10141706300331,,ARJASARI,107.6486192,-7.0583562,320416,,3204162001,ARJASARI,3ed4e2407a821d5d837292d06df14cc2,"['nib:07988', 'persilpasifid:94868b8ed288882ce0530c1d140ae930', 'nomor:10141706300331', 'geometry:3ed4e2407a821d5d837292d06df14cc2']",nib:07988
9463DE3010EE4682E0530C1D140ADF79,,Hak Milik,60,2021,07807,,10141706106415,,ARJASARI,107.649248,-7.067717,320416,,3204162001,ARJASARI,3247dcd9e2a14971643de916df698328,"['nib:07807', 'persilpasifid:9463de3010ee4682e0530c1d140adf79', 'nomor:10141706106415', 'geometry:3247dcd9e2a14971643de916df698328']",nib:07807
9463D0206A034689E0530C1D140AFA61,,Hak Guna Bangunan,60,2020,07793,,10141706300659,,ARJASARI,107.649248,-7.0670929,320416,,3204162001,ARJASARI,e5f99bd8b42af18d9275d05c1875d458,"['nib:07793', 'persilpasifid:9463d0206a034689e0530c1d140afa61', 'nomor:10141706300659', 'geometry:e5f99bd8b42af18d9275d05c1875d458']",nib:07793
EAAA081DB30032AAE0530B1D140AD937,,Hak Milik,60,2023,,GPS Geodetic,10141706106863,,ARJASARI,107.649248,-7.0658448,320416,,3204162001,ARJASARI,2c641cc04114298e674cf3f12eb676bd,"['persilpasifid:eaaa081db30032aae0530b1d140ad937', 'nomor:10141706106863', 'geometry:2c641cc04114298e674cf3f12eb676bd']",persilpasifid:eaaa081db30032aae0530b1d140ad937
E21B6E81D1EF166DE0530B1D140AB1FA,,Hak Milik,78,2023,,,10141706106806,,ARJASARI,107.649248,-7.0689651,320416,,3204162001,ARJASARI,99707a47c683fae85f976bcb809de8e9,"['persilpasifid:e21b6e81d1ef166de0530b1d140ab1fa', 'nomor:10141706106806', 'geometry:99707a47c683fae85f976bcb809de8e9']",persilpasifid:e21b6e81d1ef166de0530b1d140ab1fa
ad1a6a4e225c4713bd0f0a073788e881,,Hak Milik,60,2000,01356,,10141706100467,,ARJASARI,107.649248,-7.0614765,320416,,3204162001,ARJASARI,f02b003ac7c3e12d52d2c929eec813ee,"['nib:01356', 'persilpasifid:ad1a6a4e225c4713bd0f0a073788e881', 'nomor:10141706100467', 'geometry:f02b003ac7c3e12d52d2c929eec813ee']",nib:01356
46D419A15827D377E053031D0B0ABDD6,,Hak Milik,217,2017,02093,,10141706100978,,ARJASARI,107.649248,-7.0596043,320416,,3204162001,ARJASARI,25a5039d108e68c9035dd9e43825b267,"['nib:02093', 'persilpasifid:46d419a15827d377e053031d0b0abdd6', 'nomor:10141706100978', 'geometry:25a5039d108e68c9035dd9e43825b267']",nib:02093
6CD819C891A55BB7E053031D0B0A788F,,Hak Milik,179,2018,03589,Meteran,10141706101683,,ARJASARI,107.649248,-7.0546119,320416,,3204162001,ARJASARI,a56c3a474c234f8d6a2b4396fd9d83b7,"['nib:03589', 'persilpasifid:6cd819c891a55bb7e053031d0b0a788f', 'nomor:10141706101683', 'geometry:a56c3a474c234f8d6a2b4396fd9d83b7']",nib:03589
0134b0e618f440d28ceb896fe9738221,,Hak Milik,60,2018,01342,,10141706100501,,ARJASARI,107.649248,-7.0621006,320416,,3204162001,ARJASARI,90d4e1bf5e6ce65a9310eba6e1531376,"['nib:01342', 'persilpasifid:0134b0e618f440d28ceb896fe9738221', 'nomor:10141706100501', 'geometry:90d4e1bf5e6ce65a9310eba6e1531376']",nib:01342
4803112CC7D2D25BE053141D0B0AC547,,Hak Milik,107,2017,02183,,10141706101067,,ARJASARI,107.649248,-7.0589803,320416,,3204162001,ARJASARI,422bbd63e2be38d1ccb6902bb2d815ee,"['nib:02183', 'persilpasifid:4803112cc7d2d25be053141d0b0ac547', 'nomor:10141706101067', 'geometry:422bbd63e2be38d1ccb6902bb2d815ee']",nib:02183
6CD7F6D48E27B350E053141D0B0A767E,,Hak Milik,286,2018,03607,Meteran,10141706105024,,ARJASARI,107.649248,-7.0539878,320416,,3204162001,ARJASARI,9c925858615b4ce9e3eafae3e5c1b58b,"['nib:03607', 'persilpasifid:6cd7f6d48e27b350e053141d0b0a767e', 'nomor:10141706105024', 'geometry:9c925858615b4ce9e3eafae3e5c1b58b']",nib:03607
68DB0F0A3DAF85C6E053131D0B0A93CB,,Hak Milik,228,2018,02398,Meteran,10141706101197,,ARJASARI,107.649248,-7.0514916,320416,,3204162001,ARJASARI,c915e9552688a0027b0b7ceb5378ae25,"['nib:02398', 'persilpasifid:68db0f0a3daf85c6e053131d0b0a93cb', 'nomor:10141706101197', 'geometry:c915e9552688a0027b0b7ceb5378ae25']",nib:02398
68DA10FDB23F684CE053141D0B0AF78D,,Hak Milik,177,2018,02370,Meteran,10141706101287,,ARJASARI,107.649248,-7.0508675,320416,,3204162001,ARJASARI,38517f2d9e427cdb527860307a538dfd,"['nib:02370', 'persilpasifid:68da10fdb23f684ce053141d0b0af78d', 'nomor:10141706101287', 'geometry:38517f2d9e427cdb527860307a538dfd']",nib:02370
4803112CC7C2D25BE053141D0B0AC547,,Hak Milik,400,2017,02175,,10141706101059,,ARJASARI,107.649248,-7.0583562,320416,,3204162001,ARJASARI,fc42e7006364c273382f378064afd04c,"['nib:02175', 'persilpasifid:4803112cc7c2d25be053141d0b0ac547', 'nomor:10141706101059', 'geometry:fc42e7006364c273382f378064afd04c']",nib:02175
E21B6E81D1D7166DE0530B1D140AB1FA,,Hak Milik,60,2023,,,10141706106687,,ARJASARI,107.6498768,-7.0689651,320416,,3204162001,ARJASARI,086b2ed72d4ca0893440b032ea45b7aa,"['persilpasifid:e21b6e81d1d7166de0530b1d140ab1fa', 'nomor:10141706106687', 'geometry:086b2ed72d4ca0893440b032ea45b7aa']",persilpasifid:e21b6e81d1d7166de0530b1d140ab1fa
E21B6E81D1D9166DE0530B1D140AB1FA,,Hak Milik,60,2023,,,10141706106676,,ARJASARI,107.6498768,-7.0689651,320416,,3204162001,ARJASARI,5d62316b9ef497cd8e860a944c7170f4,"['persilpasifid:e21b6e81d1d9166de0530b1d140ab1fa', 'nomor:10141706106676', 'geometry:5d62316b9ef497cd8e860a944c7170f4']",persilpasifid:e21b6e81d1d9166de0530b1d140ab1fa
6D000C1FF8F8765CE053021D0B0AC7E6,,Hak Milik,188,2018,03680,Meteran,10141706101735,,ARJASARI,107.649248,-7.0527397,320416,,3204162001,ARJASARI,64e83a25143f90342d5fe1e01cb34fa6,"['nib:03680', 'persilpasifid:6d000c1ff8f8765ce053021d0b0ac7e6', 'nomor:10141706101735', 'geometry:64e83a25143f90342d5fe1e01cb34fa6']",nib:03680
A2C2B91EDD2523CDE0530C1D140A7CF0,,Hak Milik,60,2020,,,10141706106531,,ARJASARI,107.6498768,-7.067717,320416,,3204162001,ARJASARI,210d6ab4da2ac5772c9b13bd385d9a81,"['persilpasifid:a2c2b91edd2523cde0530c1d140a7cf0', 'nomor:10141706106531', 'geometry:210d6ab4da2ac5772c9b13bd385d9a81']",persilpasifid:a2c2b91edd2523cde0530c1d140a7cf0
EAAA081F45ED32C4E0530B1D140A7434,,Hak Milik,60,2023,,GPS Geodetic,10141706106970,,ARJASARI,107.6498768,-7.0652208,320416,,3204162001,ARJASARI,f94610f688a4c1f63458b3754797c50f,"['persilpasifid:eaaa081f45ed32c4e0530b1d140a7434', 'nomor:10141706106970', 'geometry:f94610f688a4c1f63458b3754797c50f']",persilpasifid:eaaa081f45ed32c4e0530b1d140a7434
EAAA082560FA32F8E0530B1D140A88EF,,Hak Milik,60,2024,,GPS Geodetic,10141706107128,,ARJASARI,107.6498768,-7.0652208,320416,,3204162001,ARJASARI,9ac95a68df1b8817b72fe0fb91996797,"['persilpasifid:eaaa082560fa32f8e0530b1d140a88ef', 'nomor:10141706107128', 'geometry:9ac95a68df1b8817b72fe0fb91996797']",persilpasifid:eaaa082560fa32f8e0530b1d140a88ef
EAAA0825613A32F8E0530B1D140A88EF,,Hak Milik,60,2023,,GPS Geodetic,10141706107021,,ARJASARI,107.6498768,-7.0658448,320416,,3204162001,ARJASARI,90f4e5358a6aebccf52c7efd7c853564,"['persilpasifid:eaaa0825613a32f8e0530b1d140a88ef', 'nomor:10141706107021', 'geometry:90f4e5358a6aebccf52c7efd7c853564']",persilpasifid:eaaa0825613a32f8e0530b1d140a88ef
2D82C760C2D03B37E053031D0B0A3314,,Hak Milik,254,2016,01991,,10141706100880,,ARJASARI,107.6498768,-7.0589803,320416,,3204162001,ARJASARI,d81c2e6e0a74d3c0240e882c47eae165,"['nib:01991', 'persilpasifid:2d82c760c2d03b37e053031d0b0a3314', 'nomor:10141706100880', 'geometry:d81c2e6e0a74d3c0240e882c47eae165']",nib:01991
4803112CC7B0D25BE053141D0B0AC547,,Hak Milik,154,2017,02166,,10141706101050,,ARJASARI,107.6498768,-7.0583562,320416,,3204162001,ARJASARI,16068598898df01f6753e37861f80d7c,"['nib:02166', 'persilpasifid:4803112cc7b0d25be053141d0b0ac547', 'nomor:10141706101050', 'geometry:16068598898df01f6753e37861f80d7c']",nib:02166
68EC80A4E1792754E053131D0B0ACC7F,,Hak Milik,755,2018,02510,Meteran,10141706101222,,ARJASARI,107.6498768,-7.0533638,320416,,3204162001,ARJASARI,4ad7e0470b95d48d552045ea4c3b35a5,"['nib:02510', 'persilpasifid:68ec80a4e1792754e053131d0b0acc7f', 'nomor:10141706101222', 'geometry:4ad7e0470b95d48d552045ea4c3b35a5']",nib:02510
68DE3FB2FB20BA27E053141D0B0A6508,,Hak Milik,282,2018,02487,Meteran,10141706101184,,ARJASARI,107.6498768,-7.0527397,320416,,3204162001,ARJASARI,8427431798771552367b793009283bc1,"['nib:02487', 'persilpasifid:68de3fb2fb20ba27e053141d0b0a6508', 'nomor:10141706101184', 'geometry:8427431798771552367b793009283bc1']",nib:02487
68DDD7B986A7C974E053021D0B0A6138,,Hak Milik,127,2018,02444,Meteran,10141706101261,,ARJASARI,107.6498768,-7.0508675,320416,,3204162001,ARJASARI,91fdb7ebb56943f8939f1eb1116d8b9c,"['nib:02444', 'persilpasifid:68ddd7b986a7c974e053021d0b0a6138', 'nomor:10141706101261', 'geometry:91fdb7ebb56943f8939f1eb1116d8b9c']",nib:02444
68DE3FB2FB19BA27E053141D0B0A6508,,Hak Milik,140,2018,02459,Meteran,10141706101221,,ARJASARI,107.6498768,-7.0521156,320416,,3204162001,ARJASARI,40cf5b50a878054f117d24a1dbc5a64a,"['nib:02459', 'persilpasifid:68de3fb2fb19ba27e053141d0b0a6508', 'nomor:10141706101221', 'geometry:40cf5b50a878054f117d24a1dbc5a64a']",nib:02459
C8E02B44D79877C2E0530C1D140A805B,,Hak Milik,118,1982,,,10141706106428,,ARJASARI,107.6498768,-7.0571081,320416,,3204162001,ARJASARI,b3b189bfd9a48b6df7114966897fa91f,"['persilpasifid:c8e02b44d79877c2e0530c1d140a805b', 'nomor:10141706106428', 'geometry:b3b189bfd9a48b6df7114966897fa91f']",persilpasifid:c8e02b44d79877c2e0530c1d140a805b
FF0047815627057BE0530C1D140A8397,,Hak Milik,60,2023,,,10141706301491,,ARJASARI,107.6505056,-7.0689651,320416,,3204162001,ARJASARI,7f8c34e58cd392e454f8c2eca9a5f22b,"['persilpasifid:ff0047815627057be0530c1d140a8397', 'nomor:10141706301491', 'geometry:7f8c34e58cd392e454f8c2eca9a5f22b']",persilpasifid:ff0047815627057be0530c1d140a8397
FF0051CFD0A238FBE0530C1D140A0A7C,,Hak Guna Bangunan,60,2023,,,10141706301492,,ARJASARI,107.6505056,-7.0689651,320416,,3204162001,ARJASARI,5f34ad53d5efb85278371c1c6980ea57,"['persilpasifid:ff0051cfd0a238fbe0530c1d140a0a7c', 'nomor:10141706301492', 'geometry:5f34ad53d5efb85278371c1c6980ea57']",persilpasifid:ff0051cfd0a238fbe0530c1d140a0a7c
4803112CC776D25BE053141D0B0AC547,,Hak Milik,92,2017,02137,,10141706101021,,ARJASARI,107.6505056,-7.0583562,320416,,3204162001,ARJASARI,17ceb796d6d81aa8ec3cf906b50491cf,"['nib:02137', 'persilpasifid:4803112cc776d25be053141d0b0ac547', 'nomor:10141706101021', 'geometry:17ceb796d6d81aa8ec3cf906b50491cf']",nib:02137
75BA0D72094E5B33E053131D0B0AEA42,,Hak Milik,300,2018,06125,Meteran,10141706105835,,ARJASARI,107.6505056,-7.0552359,320416,,3204162001,ARJASARI,eda9a9424941f6f1a5bde8b13e824771,"['nib:06125', 'persilpasifid:75ba0d72094e5b33e053131d0b0aea42', 'nomor:10141706105835', 'geometry:eda9a9424941f6f1a5bde8b13e824771']",nib:06125
68DD01138FBBAF58E053131D0B0A3E12,,Hak Milik,254,2018,02424,Meteran,10141706105436,,ARJASARI,107.6505056,-7.0502434,320416,,3204162001,ARJASARI,aea9939d109b9502ca86bbdeca297d74,"['nib:02424', 'persilpasifid:68dd01138fbbaf58e053131d0b0a3e12', 'nomor:10141706105436', 'geometry:aea9939d109b9502ca86bbdeca297d74']",nib:02424
2D82B87796A72431E053141D0B0AB13E,,Hak Milik,152,2016,02007,,10141706100896,,ARJASARI,107.6505056,-7.0589803,320416,,3204162001,ARJASARI,ce0f59b13363de10bf281c37183190db,"['nib:02007', 'persilpasifid:2d82b87796a72431e053141d0b0ab13e', 'nomor:10141706100896', 'geometry:ce0f59b13363de10bf281c37183190db']",nib:02007
4A9C5D07B0099CA2E063B416140ABE6A,,Hak Milik,560,2026,,,10141706107386,,ARJASARI,107.6505056,-7.05586,320416,,3204162001,ARJASARI,ac619be1d9724ace1d52dd229dc89132,"['persilpasifid:4a9c5d07b0099ca2e063b416140abe6a', 'nomor:10141706107386', 'geometry:ac619be1d9724ace1d52dd229dc89132']",persilpasifid:4a9c5d07b0099ca2e063b416140abe6a
7AFD2049FE010658E053021D0B0A03BD,,Hak Milik,60,2022,07474,,10141706106577,,ARJASARI,107.6505056,-7.068341,320416,,3204162001,ARJASARI,cd95382a8624d2e399dd224eb2ec818f,"['nib:07474', 'persilpasifid:7afd2049fe010658e053021d0b0a03bd', 'nomor:10141706106577', 'geometry:cd95382a8624d2e399dd224eb2ec818f']",nib:07474
2c770709d8504e02bbea87abf1fa36bd,,Hak Milik,60,2015,01634,,10141706100732,,ARJASARI,107.6505056,-7.067717,320416,,3204162001,ARJASARI,6faab9ce4325d6e4e2d1f711719ab793,"['nib:01634', 'persilpasifid:2c770709d8504e02bbea87abf1fa36bd', 'nomor:10141706100732', 'geometry:6faab9ce4325d6e4e2d1f711719ab793']",nib:01634
71B5B69A68D9654CE053141D0B0A10A0,,Hak Milik,871,2018,05229,Meteran,10141706102207,,ARJASARI,107.6511345,-7.0496194,320416,,3204162001,ARJASARI,582536574da6e7c5c7d9a7bbcd806400,"['nib:05229', 'persilpasifid:71b5b69a68d9654ce053141d0b0a10a0', 'nomor:10141706102207', 'geometry:582536574da6e7c5c7d9a7bbcd806400']",nib:05229
68EE95117D3BCB31E053141D0B0A1237,,Hak Milik,530,2018,02521,Meteran,10141706101281,,ARJASARI,107.6511345,-7.0502434,320416,,3204162001,ARJASARI,84b28959f024b609ab76f6f0632c9fec,"['nib:02521', 'persilpasifid:68ee95117d3bcb31e053141d0b0a1237', 'nomor:10141706101281', 'geometry:84b28959f024b609ab76f6f0632c9fec']",nib:02521
16E5B40831D2ACE4E053141D0B0A3537,,Hak Milik,1123,2015,02088,,10141708101061,,ARJASARI,107.6517633,-7.0745814,320416,,3204162001,ARJASARI,5b0d2b797cebe935b003c7a681afec42,"['nib:02088', 'persilpasifid:16e5b40831d2ace4e053141d0b0a3537', 'nomor:10141708101061', 'geometry:5b0d2b797cebe935b003c7a681afec42']",nib:02088
FF0047892F4D065FE0530C1D140A5A78,,Hak Milik,60,2023,,CORS,10141706301595,,ARJASARI,107.6517633,-7.0714612,320416,,3204162001,ARJASARI,41ee345f8c882ba212349f012fed0041,"['persilpasifid:ff0047892f4d065fe0530c1d140a5a78', 'nomor:10141706301595', 'geometry:41ee345f8c882ba212349f012fed0041']",persilpasifid:ff0047892f4d065fe0530c1d140a5a78
FF0051CA52AB398EE0530C1D140AC7DF,,Hak Guna Bangunan,84,2023,,,10141706301561,,ARJASARI,107.6517633,-7.0708372,320416,,3204162001,ARJASARI,4ad8a457187a09466a634a9b81e11431,"['persilpasifid:ff0051ca52ab398ee0530c1d140ac7df', 'nomor:10141706301561', 'geometry:4ad8a457187a09466a634a9b81e11431']",persilpasifid:ff0051ca52ab398ee0530c1d140ac7df
1981BEB2CB1289A5E063B416140A97BE,,Hak Milik,60,2024,,,10141706301941,,ARJASARI,107.6517633,-7.0689651,320416,,3204162001,ARJASARI,52673c01e0d4b989525bcdce6d6a3699,"['persilpasifid:1981beb2cb1289a5e063b416140a97be', 'nomor:10141706301941', 'geometry:52673c01e0d4b989525bcdce6d6a3699']",persilpasifid:1981beb2cb1289a5e063b416140a97be
B5468A14F261E787E040A8C010016350,,Hak Milik,153,2012,01766,,10141706100693,,ARJASARI,107.6511345,-7.0577322,320416,,3204162001,ARJASARI,3af770b645dc3d5b6a0c66351cdb9d3e,"['nib:01766', 'persilpasifid:b5468a14f261e787e040a8c010016350', 'nomor:10141706100693', 'geometry:3af770b645dc3d5b6a0c66351cdb9d3e']",nib:01766
FF00437320B3ECC6E0530C1D140A090A,,Hak Guna Bangunan,72,2023,,CORS,10141706301571,,ARJASARI,107.6517633,-7.0702131,320416,,3204162001,ARJASARI,308627abfa47eaaa09ed41fc397a9c5f,"['persilpasifid:ff00437320b3ecc6e0530c1d140a090a', 'nomor:10141706301571', 'geometry:308627abfa47eaaa09ed41fc397a9c5f']",persilpasifid:ff00437320b3ecc6e0530c1d140a090a
33E5E1974C8BF3E5E063B516140A1FE1,,Hak Guna Bangunan,60,2025,,,10141706302075,,ARJASARI,107.6523921,-7.0689651,320416,,3204162001,ARJASARI,6d4aed9c9a75b959e73f2b779de2812a,"['persilpasifid:33e5e1974c8bf3e5e063b516140a1fe1', 'nomor:10141706302075', 'geometry:6d4aed9c9a75b959e73f2b779de2812a']",persilpasifid:33e5e1974c8bf3e5e063b516140a1fe1
FF0047647F1E0568E0530C1D140A2D61,,Hak Milik,60,2024,,CORS,10141706107241,,ARJASARI,107.6523921,-7.0702131,320416,,3204162001,ARJASARI,7c8e657845e297a0eb9dc344b4b87e84,"['persilpasifid:ff0047647f1e0568e0530c1d140a2d61', 'nomor:10141706107241', 'geometry:7c8e657845e297a0eb9dc344b4b87e84']",persilpasifid:ff0047647f1e0568e0530c1d140a2d61
1981BEB2CB2789A5E063B416140A97BE,,Hak Guna Bangunan,90,2024,,,10141706302011,,ARJASARI,107.6523921,-7.0695891,320416,,3204162001,ARJASARI,5d90118cf0fc369fadd4376e373f8d37,"['persilpasifid:1981beb2cb2789a5e063b416140a97be', 'nomor:10141706302011', 'geometry:5d90118cf0fc369fadd4376e373f8d37']",persilpasifid:1981beb2cb2789a5e063b416140a97be
FF00474289C7051FE0530C1D140ABFCE,,Hak Milik,60,2023,,CORS,10141706301755,,ARJASARI,107.6523921,-7.0708372,320416,,3204162001,ARJASARI,1752a0f5d10507692db1776c9f611b1d,"['persilpasifid:ff00474289c7051fe0530c1d140abfce', 'nomor:10141706301755', 'geometry:1752a0f5d10507692db1776c9f611b1d']",persilpasifid:ff00474289c7051fe0530c1d140abfce
FF00544A064645E2E0530C1D140A8C3B,,Hak Milik,60,2023,,CORS,10141706301756,,ARJASARI,107.6523921,-7.0708372,320416,,3204162001,ARJASARI,a47228c7f71794516eebac752bdb5803,"['persilpasifid:ff00544a064645e2e0530c1d140a8c3b', 'nomor:10141706301756', 'geometry:a47228c7f71794516eebac752bdb5803']",persilpasifid:ff00544a064645e2e0530c1d140a8c3b
