{
  "type": "FeatureCollection",
  "features": [
    {
      "type": "Feature",
      "geometry": {
        "type": "Polygon",
        "coordinates": [
          [
            [
              107.62340839,
              -7.05361016
            ],
            [
              107.62270405,
              -7.05342195
            ],
            [
              107.62263642,
              -7.0536392
            ],
            [
              107.62226045,
              -7.05355295
            ],
            [
              107.62199264,
              -7.05452926
            ],
            [
              107.62307498,
              -7.05482558
            ],
            [
              107.62340839,
              -7.05361016
            ]
          ],
          [
            [
              107.62305705,
              -7.05453463
            ],
            [
              107.62211255,
              -7.05428327
            ],
            [
              107.62215914,
              -7.05410853
            ],
            [
              107.62315612,
              -7.05437385
            ],
            [
              107.62310953,
              -7.05454859
            ],
            [
              107.62305705,
              -7.05453463
            ]
          ],
          [
            [
              107.62225827,
              -7.05457516
            ],
            [
              107.6220484,
              -7.05451927
            ],
            [
              107.62209502,
              -7.05434454
            ],
            [
              107.62303948,
              -7.05459607
            ],
            [
              107.62299285,
              -7.05477081
            ],
            [
              107.62225827,
              -7.05457516
            ]
          ],
          [
            [
              107.62331064,
              -7.05371074
            ],
            [
              107.62316098,
              -7.05428845
            ],
            [
              107.62307345,
              -7.05426547
            ],
            [
              107.62323671,
              -7.05363524
            ],
            [
              107.62332425,
              -7.05365822
            ],
            [
              107.62331064,
              -7.05371074
            ]
          ],
          [
            [
              107.62311617,
              -7.05388405
            ],
            [
              107.62302093,
              -7.05425168
            ],
            [
              107.62284586,
              -7.05420573
            ],
            [
              107.62299552,
              -7.05362802
            ],
            [
              107.62317059,
              -7.05367397
            ],
            [
              107.62311617,
              -7.05388405
            ]
          ],
          [
            [
              107.622943,
              -7.05361423
            ],
            [
              107.62279334,
              -7.05419194
            ],
            [
              107.62261828,
              -7.05414599
            ],
            [
              107.62279514,
              -7.05346324
            ],
            [
              107.62297021,
              -7.0535092
            ],
            [
              107.622943,
              -7.05361423
            ]
          ],
          [
            [
              107.62260666,
              -7.05397467
            ],
            [
              107.62256584,
              -7.05413223
            ],
            [
              107.62239069,
              -7.05408625
            ],
            [
              107.62249953,
              -7.0536661
            ],
            [
              107.62258706,
              -7.05368907
            ],
            [
              107.62260067,
              -7.05363656
            ],
            [
              107.62268829,
              -7.05365956
            ],
            [
              107.62260666,
              -7.05397467
            ]
          ],
          [
            [
              107.6224062,
              -7.05380987
            ],
            [
              107.62233817,
              -7.05407246
            ],
            [
              107.6221631,
              -7.05402651
            ],
            [
              107.62227194,
              -7.05360636
            ],
            [
              107.62244701,
              -7.05365231
            ],
            [
              107.6224062,
              -7.05380987
            ]
          ]
        ]
      },
      "properties": {
        "persilpasifid": "FE77B1B2C2A376CCE0530C1D140A9A0E",
        "nilai": null,
        "tipehak": "Hak Guna Bangunan",
        "luas": 6097,
        "tahun": 2023,
        "nib": null,
        "alatukur": null,
        "nomor": "10141703301317",
        "akurasibidang": null,
        "sample_source": "BAROS",
        "sample_lon": 107.6221617,
        "sample_lat": -7.0540158,
        "kecamatan_id": 320416,
        "kecamatan_nama": null,
        "kelurahan_id": 3204162005,
        "kelurahan_nama": "BAROS",
        "geometry_hash": "99c2158602e5c561565bc80c79b9d8fb",
        "dedup_keys": [
          "persilpasifid:fe77b1b2c2a376cce0530c1d140a9a0e",
          "nomor:10141703301317",
          "geometry:99c2158602e5c561565bc80c79b9d8fb"
        ],
        "source_key": "persilpasifid:fe77b1b2c2a376cce0530c1d140a9a0e"
      }
    },
    {
      "type": "Feature",
      "geometry": {
        "type": "Polygon",
        "coordinates": [
          [
            [
              107.62321902,
              -7.05430345
            ],
            [
              107.62319548,
              -7.05438432
            ],
            [
              107.6235759,
              -7.05448556
            ],
            [
              107.62352931,
              -7.0546603
            ],
            [
              107.62314888,
              -7.05455906
            ],
            [
              107.62313086,
              -7.05462004
            ],
            [
              107.62356661,
              -7.05473506
            ],
            [
              107.62352037,
              -7.05490989
            ],
            [
              107.62308462,
              -7.05479487
            ],
            [
              107.62306869,
              -7.05484442
            ],
            [
              107.62308881,
              -7.05484977
            ],
            [
              107.62304224,
              -7.05502452
            ],
            [
              107.62302213,
              -7.05501917
            ],
            [
              107.62300256,
              -7.0550881
            ],
            [
              107.62303411,
              -7.05509645
            ],
            [
              107.62292278,
              -7.05551595
            ],
            [
              107.62288908,
              -7.05550703
            ],
            [
              107.62288132,
              -7.05553156
            ],
            [
              107.62329445,
              -7.05561049
            ],
            [
              107.62371844,
              -7.05432192
            ],
            [
              107.62400796,
              -7.054383
            ],
            [
              107.6235924,
              -7.05566662
            ],
            [
              107.62398283,
              -7.05574229
            ],
            [
              107.62398787,
              -7.05572137
            ],
            [
              107.62394748,
              -7.05570904
            ],
            [
              107.62410616,
              -7.05519023
            ],
            [
              107.62414655,
              -7.05520256
            ],
            [
              107.62416571,
              -7.05513215
            ],
            [
              107.62391047,
              -7.0550539
            ],
            [
              107.62396357,
              -7.05488103
            ],
            [
              107.62421881,
              -7.05495928
            ],
            [
              107.62423614,
              -7.05489682
            ],
            [
              107.62398437,
              -7.05481963
            ],
            [
              107.62403747,
              -7.05464676
            ],
            [
              107.62428925,
              -7.05472395
            ],
            [
              107.62439668,
              -7.05436498
            ],
            [
              107.62427803,
              -7.05433294
            ],
            [
              107.62440557,
              -7.05386162
            ],
            [
              107.62453737,
              -7.05389721
            ],
            [
              107.62455191,
              -7.05384798
            ],
            [
              107.62422351,
              -7.05378212
            ],
            [
              107.6238844,
              -7.05371949
            ],
            [
              107.62340839,
              -7.05361016
            ],
            [
              107.6233904,
              -7.05367532
            ],
            [
              107.62341186,
              -7.05368087
            ],
            [
              107.6232486,
              -7.0543111
            ],
            [
              107.62321902,
              -7.05430345
            ]
          ],
          [
            [
              107.62331569,
              -7.05427997
            ],
            [
              107.62347157,
              -7.05370391
            ],
            [
              107.62364631,
              -7.0537511
            ],
            [
              107.62347625,
              -7.05437953
            ],
            [
              107.62330151,
              -7.05433234
            ],
            [
              107.62331569,
              -7.05427997
            ]
          ],
          [
            [
              107.62389475,
              -7.05394754
            ],
            [
              107.62393727,
              -7.05379043
            ],
            [
              107.624112,
              -7.05383762
            ],
            [
              107.62399863,
              -7.05425658
            ],
            [
              107.6238239,
              -7.05420939
            ],
            [
              107.62389475,
              -7.05394754
            ]
          ],
          [
            [
              107.62331276,
              -7.05517822
            ],
            [
              107.6233688,
              -7.05496857
            ],
            [
              107.62345624,
              -7.0549919
            ],
            [
              107.62330213,
              -7.05556843
            ],
            [
              107.62321469,
              -7.05554511
            ],
            [
              107.62331276,
              -7.05517822
            ]
          ],
          [
            [
              107.623809,
              -7.05566677
            ],
            [
              107.62372244,
              -7.05564035
            ],
            [
              107.62388112,
              -7.05512154
            ],
            [
              107.62405423,
              -7.05517438
            ],
            [
              107.62389555,
              -7.05569319
            ],
            [
              107.623809,
              -7.05566677
            ]
          ],
          [
            [
              107.62304275,
              -7.05527222
            ],
            [
              107.62314082,
              -7.05490533
            ],
            [
              107.62331571,
              -7.05495199
            ],
            [
              107.62316159,
              -7.05552852
            ],
            [
              107.62298671,
              -7.05548187
            ],
            [
              107.62304275,
              -7.05527222
            ]
          ],
          [
            [
              107.62413859,
              -7.05429438
            ],
            [
              107.62405122,
              -7.05427078
            ],
            [
              107.62417876,
              -7.05379946
            ],
            [
              107.6243535,
              -7.05384665
            ],
            [
              107.62422595,
              -7.05431797
            ],
            [
              107.62413859,
              -7.05429438
            ]
          ],
          [
            [
              107.62366719,
              -7.05388598
            ],
            [
              107.6237097,
              -7.05372887
            ],
            [
              107.62388444,
              -7.05377607
            ],
            [
              107.62377107,
              -7.05419502
            ],
            [
              107.62359633,
              -7.05414783
            ],
            [
              107.62366719,
              -7.05388598
            ]
          ]
        ]
      },
      "properties": {
        "persilpasifid": "2DD5998B849B17A3E063B516140ADC47",
        "nilai": null,
        "tipehak": "Hak Guna Bangunan",
        "luas": 10543,
        "tahun": 2025,
        "nib": null,
        "alatukur": null,
        "nomor": "10141703302088",
        "akurasibidang": null,
        "sample_source": "BAROS",
        "sample_lon": 107.6234193,
        "sample_lat": -7.0546399,
        "kecamatan_id": 320416,
        "kecamatan_nama": null,
        "kelurahan_id": 3204162005,
        "kelurahan_nama": "BAROS",
        "geometry_hash": "e98e1e752e7168aa3644268200b625d5",
        "dedup_keys": [
          "persilpasifid:2dd5998b849b17a3e063b516140adc47",
          "nomor:10141703302088",
          "geometry:e98e1e752e7168aa3644268200b625d5"
        ],
        "source_key": "persilpasifid:2dd5998b849b17a3e063b516140adc47"
      }
    },
    {
      "type": "Feature",
      "geometry": {
        "type": "Polygon",
        "coordinates": [
          [
            [
              107.62846583,
              -7.05450178
            ],
            [
              107.6283987,
              -7.05468424
            ],
            [
              107.62844661,
              -7.05470043
            ],
            [
              107.62845082,
              -7.05467288
            ],
            [
              107.62854937,
              -7.0546923
            ],
            [
              107.62885403,
              -7.05389119
            ],
            [
              107.62870649,
              -7.05384759
            ],
            [
              107.62846583,
              -7.05450178
            ]
          ]
        ]
      },
      "properties": {
        "persilpasifid": "72492B6784D34236E053141D0B0A93EA",
        "nilai": null,
        "tipehak": "Hak Milik",
        "luas": 1584,
        "tahun": 2018,
        "nib": "03637",
        "alatukur": "Meteran",
        "nomor": "10141703101071",
        "akurasibidang": null,
        "sample_source": "BAROS",
        "sample_lon": 107.6284499,
        "sample_lat": -7.0546399,
        "kecamatan_id": 320416,
        "kecamatan_nama": null,
        "kelurahan_id": 3204162005,
        "kelurahan_nama": "BAROS",
        "geometry_hash": "c243964a776b4c8247a507acd3f756da",
        "dedup_keys": [
          "nib:03637",
          "persilpasifid:72492b6784d34236e053141d0b0a93ea",
          "nomor:10141703101071",
          "geometry:c243964a776b4c8247a507acd3f756da"
        ],
        "source_key": "nib:03637"
      }
    },
    {
      "type": "Feature",
      "geometry": {
        "type": "Polygon",
        "coordinates": [
          [
            [
              107.62902042,
              -7.05436135
            ],
            [
              107.62884942,
              -7.05475142
            ],
            [
              107.62907159,
              -7.0547952
            ],
            [
              107.62933926,
              -7.05424707
            ],
            [
              107.62911301,
              -7.05415016
            ],
            [
              107.62902042,
              -7.05436135
            ]
          ]
        ]
      },
      "properties": {
        "persilpasifid": "72492B6784D14236E053141D0B0A93EA",
        "nilai": null,
        "tipehak": "Hak Milik",
        "luas": 1803,
        "tahun": 2018,
        "nib": "03635",
        "alatukur": "Meteran",
        "nomor": "10141703101109",
        "akurasibidang": null,
        "sample_source": "BAROS",
        "sample_lon": 107.6290787,
        "sample_lat": -7.0546399,
        "kecamatan_id": 320416,
        "kecamatan_nama": null,
        "kelurahan_id": 3204162005,
        "kelurahan_nama": "BAROS",
        "geometry_hash": "a9817781068124c760b6bc9a683e065d",
        "dedup_keys": [
          "nib:03635",
          "persilpasifid:72492b6784d14236e053141d0b0a93ea",
          "nomor:10141703101109",
          "geometry:a9817781068124c760b6bc9a683e065d"
        ],
        "source_key": "nib:03635"
      }
    },
    {
      "type": "Feature",
      "geometry": {
        "type": "Polygon",
        "coordinates": [
          [
            [
              107.63179851,
              -7.05561974
            ],
            [
              107.63170058,
              -7.05567068
            ],
            [
              107.63162332,
              -7.0557691
            ],
            [
              107.63157701,
              -7.05575814
            ],
            [
              107.63127946,
              -7.05563646
            ],
            [
              107.63096745,
              -7.05550067
            ],
            [
              107.63083573,
              -7.0554343
            ],
            [
              107.63075212,
              -7.05539975
            ],
            [
              107.63073676,
              -7.05544159
            ],
            [
              107.63094323,
              -7.05553405
            ],
            [
              107.63136778,
              -7.05571491
            ],
            [
              107.63165742,
              -7.05582648
            ],
            [
              107.63174208,
              -7.05569814
            ],
            [
              107.63177906,
              -7.05567208
            ],
            [
              107.63186355,
              -7.05563966
            ],
            [
              107.63190749,
              -7.05565047
            ],
            [
              107.6319337,
              -7.0556792
            ],
            [
              107.63191775,
              -7.05573577
            ],
            [
              107.63180397,
              -7.05595831
            ],
            [
              107.63160772,
              -7.05595269
            ],
            [
              107.6315487,
              -7.05602123
            ],
            [
              107.63141396,
              -7.05626171
            ],
            [
              107.63133724,
              -7.05645015
            ],
            [
              107.63125322,
              -7.05663049
            ],
            [
              107.63061606,
              -7.05817312
            ],
            [
              107.63061828,
              -7.05821859
            ],
            [
              107.63063815,
              -7.05827036
            ],
            [
              107.63105636,
              -7.05841363
            ],
            [
              107.63109615,
              -7.05841467
            ],
            [
              107.63122499,
              -7.05847383
            ],
            [
              107.6313731,
              -7.05853239
            ],
            [
              107.63154636,
              -7.05860821
            ],
            [
              107.63205759,
              -7.05881222
            ],
            [
              107.63224848,
              -7.05891568
            ],
            [
              107.63239107,
              -7.05916176
            ],
            [
              107.63250576,
              -7.0593875
            ],
            [
              107.63262683,
              -7.05960454
            ],
            [
              107.6326704,
              -7.05968167
            ],
            [
              107.63273783,
              -7.05978346
            ],
            [
              107.63283753,
              -7.05997571
            ],
            [
              107.63290269,
              -7.06007897
            ],
            [
              107.63299708,
              -7.06024377
            ],
            [
              107.63320717,
              -7.06062467
            ],
            [
              107.633328,
              -7.06080063
            ],
            [
              107.63353804,
              -7.06113222
            ],
            [
              107.63368087,
              -7.06139836
            ],
            [
              107.63382271,
              -7.06163769
            ],
            [
              107.63393051,
              -7.06178392
            ],
            [
              107.63403879,
              -7.06191282
            ],
            [
              107.63413144,
              -7.06201194
            ],
            [
              107.63428647,
              -7.06219476
            ],
            [
              107.63482285,
              -7.06276192
            ],
            [
              107.63507581,
              -7.06304537
            ],
            [
              107.63530165,
              -7.06332803
            ],
            [
              107.63541684,
              -7.06350986
            ],
            [
              107.63573767,
              -7.06405561
            ],
            [
              107.63575594,
              -7.0640444
            ],
            [
              107.63588459,
              -7.06423318
            ],
            [
              107.63593254,
              -7.06434346
            ],
            [
              107.63592536,
              -7.06434668
            ],
            [
              107.63601904,
              -7.06457117
            ],
            [
              107.63612135,
              -7.06479287
            ],
            [
              107.63621042,
              -7.06497782
            ],
            [
              107.63630935,
              -7.06515563
            ],
            [
              107.63638524,
              -7.06526801
            ],
            [
              107.63650856,
              -7.06554516
            ],
            [
              107.63661341,
              -7.06573149
            ],
            [
              107.63673324,
              -7.06597431
            ],
            [
              107.63679967,
              -7.06612853
            ],
            [
              107.63694634,
              -7.06644727
            ],
            [
              107.63703117,
              -7.06661718
            ],
            [
              107.63719381,
              -7.06689171
            ],
            [
              107.637482,
              -7.06735042
            ],
            [
              107.63755393,
              -7.06747597
            ],
            [
              107.63785857,
              -7.06806775
            ],
            [
              107.63811102,
              -7.06855009
            ],
            [
              107.63829881,
              -7.06885004
            ],
            [
              107.63842321,
              -7.06910323
            ],
            [
              107.63845651,
              -7.06916232
            ],
            [
              107.63856026,
              -7.0693097
            ],
            [
              107.63882033,
              -7.06965256
            ],
            [
              107.63904986,
              -7.0700474
            ],
            [
              107.6392128,
              -7.07034482
            ],
            [
              107.63922158,
              -7.07034261
            ],
            [
              107.63929676,
              -7.07048699
            ],
            [
              107.63937231,
              -7.07064031
            ],
            [
              107.63958435,
              -7.07102693
            ],
            [
              107.63964597,
              -7.07113233
            ],
            [
              107.63979457,
              -7.07145815
            ],
            [
              107.63981259,
              -7.07154675
            ],
            [
              107.63975149,
              -7.07235637
            ],
            [
              107.63972586,
              -7.07265364
            ],
            [
              107.63970551,
              -7.07282604
            ],
            [
              107.63963924,
              -7.07351272
            ],
            [
              107.63960691,
              -7.07389108
            ],
            [
              107.63957285,
              -7.07416018
            ],
            [
              107.63953738,
              -7.074511
            ],
            [
              107.63952198,
              -7.07467756
            ],
            [
              107.63950264,
              -7.07493723
            ],
            [
              107.63952104,
              -7.07501333
            ],
            [
              107.63954878,
              -7.07505996
            ],
            [
              107.63974172,
              -7.07528772
            ],
            [
              107.64016605,
              -7.07574175
            ],
            [
              107.6404792,
              -7.07639008
            ],
            [
              107.64066705,
              -7.07667498
            ],
            [
              107.64069868,
              -7.07666199
            ],
            [
              107.64068982,
              -7.07663239
            ],
            [
              107.64051202,
              -7.07632932
            ],
            [
              107.64040478,
              -7.07610418
            ],
            [
              107.64031263,
              -7.07593614
            ],
            [
              107.6402908,
              -7.07588534
            ],
            [
              107.64021392,
              -7.07575021
            ],
            [
              107.64019647,
              -7.07571086
            ],
            [
              107.64009422,
              -7.07558352
            ],
            [
              107.63992862,
              -7.07541901
            ],
            [
              107.63979135,
              -7.07527107
            ],
            [
              107.63957293,
              -7.07504754
            ],
            [
              107.63954675,
              -7.0750146
            ],
            [
              107.63956249,
              -7.07473082
            ],
            [
              107.63961783,
              -7.07415071
            ],
            [
              107.63966607,
              -7.07358378
            ],
            [
              107.6397285,
              -7.07298809
            ],
            [
              107.63977263,
              -7.07233033
            ],
            [
              107.63982289,
              -7.07191044
            ],
            [
              107.63984969,
              -7.07157077
            ],
            [
              107.63984453,
              -7.07150625
            ],
            [
              107.63980606,
              -7.07140772
            ],
            [
              107.63973785,
              -7.07126537
            ],
            [
              107.63968347,
              -7.07117124
            ],
            [
              107.63959009,
              -7.07095419
            ],
            [
              107.63950675,
              -7.07081838
            ],
            [
              107.63939315,
              -7.07062297
            ],
            [
              107.639261,
              -7.07032126
            ],
            [
              107.6389383,
              -7.06976122
            ],
            [
              107.63885951,
              -7.06959062
            ],
            [
              107.63884627,
              -7.06959876
            ],
            [
              107.63863879,
              -7.06934266
            ],
            [
              107.63848299,
              -7.06912231
            ],
            [
              107.63833943,
              -7.06883012
            ],
            [
              107.63816499,
              -7.06855093
            ],
            [
              107.63806571,
              -7.0683661
            ],
            [
              107.63757665,
              -7.06742478
            ],
            [
              107.63751434,
              -7.06731665
            ],
            [
              107.63745279,
              -7.06721648
            ],
            [
              107.63721833,
              -7.06684469
            ],
            [
              107.63715927,
              -7.06674639
            ],
            [
              107.63705317,
              -7.06655995
            ],
            [
              107.63698106,
              -7.06641397
            ],
            [
              107.63683875,
              -7.06610519
            ],
            [
              107.63678088,
              -7.06596082
            ],
            [
              107.63677348,
              -7.06595412
            ],
            [
              107.63668054,
              -7.06575584
            ],
            [
              107.63668599,
              -7.06575209
            ],
            [
              107.63655833,
              -7.06552932
            ],
            [
              107.63642659,
              -7.06524964
            ],
            [
              107.63634068,
              -7.06511888
            ],
            [
              107.63625429,
              -7.06496513
            ],
            [
              107.63572684,
              -7.06386813
            ],
            [
              107.63569736,
              -7.06389777
            ],
            [
              107.63545508,
              -7.06348568
            ],
            [
              107.63533989,
              -7.06330385
            ],
            [
              107.63509029,
              -7.06299366
            ],
            [
              107.63481961,
              -7.06269329
            ],
            [
              107.63450466,
              -7.06236116
            ],
            [
              107.63409277,
              -7.06190433
            ],
            [
              107.63388526,
              -7.06165105
            ],
            [
              107.63372849,
              -7.06138964
            ],
            [
              107.63360153,
              -7.06115397
            ],
            [
              107.63361437,
              -7.06114104
            ],
            [
              107.63341369,
              -7.06087053
            ],
            [
              107.63342389,
              -7.06086186
            ],
            [
              107.63330493,
              -7.06068711
            ],
            [
              107.63315693,
              -7.06044176
            ],
            [
              107.63299413,
              -7.06014736
            ],
            [
              107.63285032,
              -7.0599025
            ],
            [
              107.63278698,
              -7.0597805
            ],
            [
              107.63270258,
              -7.05964664
            ],
            [
              107.63258063,
              -7.05942885
            ],
            [
              107.63247904,
              -7.05923503
            ],
            [
              107.6324773,
              -7.05921947
            ],
            [
              107.63243341,
              -7.05914879
            ],
            [
              107.6324062,
              -7.05909465
            ],
            [
              107.63236767,
              -7.05902709
            ],
            [
              107.63231987,
              -7.05892967
            ],
            [
              107.63226319,
              -7.05886346
            ],
            [
              107.63225239,
              -7.05885525
            ],
            [
              107.63197557,
              -7.05872733
            ],
            [
              107.63141735,
              -7.05849648
            ],
            [
              107.63133025,
              -7.05846332
            ],
            [
              107.63133175,
              -7.05845982
            ],
            [
              107.63125684,
              -7.05843304
            ],
            [
              107.63125526,
              -7.05843651
            ],
            [
              107.63070843,
              -7.05824028
            ],
            [
              107.6306766,
              -7.05822304
            ],
            [
              107.63068739,
              -7.05818852
            ],
            [
              107.63094812,
              -7.0575051
            ],
            [
              107.63105171,
              -7.05720928
            ],
            [
              107.63121241,
              -7.05678184
            ],
            [
              107.63132852,
              -7.05656704
            ],
            [
              107.63145278,
              -7.056273
            ],
            [
              107.63148017,
              -7.05625294
            ],
            [
              107.6315851,
              -7.05605268
            ],
            [
              107.63162726,
              -7.05599954
            ],
            [
              107.63180015,
              -7.05602253
            ],
            [
              107.63184304,
              -7.05600813
            ],
            [
              107.63197824,
              -7.05575227
            ],
            [
              107.63200253,
              -7.05560232
            ],
            [
              107.63210617,
              -7.05535528
            ],
            [
              107.6321021,
              -7.05535334
            ],
            [
              107.6321653,
              -7.05524783
            ],
            [
              107.63212149,
              -7.05521695
            ],
            [
              107.63206154,
              -7.05532434
            ],
            [
              107.6319926,
              -7.05548664
            ],
            [
              107.63194214,
              -7.0555789
            ],
            [
              107.63179851,
              -7.05561974
            ]
          ]
        ]
      },
      "properties": {
        "persilpasifid": "0734EEF2477B7B01E063B416140AF38B",
        "nilai": null,
        "tipehak": "Kosong",
        "luas": 54300,
        "tahun": null,
        "nib": null,
        "alatukur": null,
        "nomor": null,
        "akurasibidang": 0.5,
        "sample_source": "BAROS",
        "sample_lon": 107.6309652,
        "sample_lat": -7.0583842,
        "kecamatan_id": 320416,
        "kecamatan_nama": null,
        "kelurahan_id": 3204162005,
        "kelurahan_nama": "BAROS",
        "geometry_hash": "7e9fdd6369f4e6f196efad81340a11d5",
        "dedup_keys": [
          "persilpasifid:0734eef2477b7b01e063b416140af38b",
          "geometry:7e9fdd6369f4e6f196efad81340a11d5"
        ],
        "source_key": "persilpasifid:0734eef2477b7b01e063b416140af38b"
      }
    },
    {
      "type": "Feature",
      "geometry": {
        "type": "Polygon",
        "coordinates": [
          [
            [
              107.63185882,
              -7.05735171
            ],
            [
              107.63187043,
              -7.05732396
            ],
            [
              107.63193218,
              -7.05720518
            ],
            [
              107.63138087,
              -7.05700508
            ],
            [
              107.63124145,
              -7.05726952
            ],
            [
              107.63105171,
              -7.05720928
            ],
            [
              107.63094811,
              -7.05750509
            ],
            [
              107.63089731,
              -7.05763371
            ],
            [
              107.63162088,
              -7.05784091
            ],
            [
              107.6316832,
              -7.05770883
            ],
            [
              107.63171531,
              -7.05763105
            ],
            [
              107.63173627,
              -7.05762057
            ],
            [
              107.63181625,
              -7.05745343
            ],
            [
              107.63185882,
              -7.05735171
            ]
          ],
          [
            [
              107.631166,
              -7.05750427
            ],
            [
              107.63122781,
              -7.05733431
            ],
            [
              107.63141495,
              -7.05740223
            ],
            [
              107.63131605,
              -7.05767417
            ],
            [
              107.63112891,
              -7.05760624
            ],
            [
              107.631166,
              -7.05750427
            ]
          ],
          [
            [
              107.63142272,
              -7.05753973
            ],
            [
              107.63146599,
              -7.05742076
            ],
            [
              107.63163612,
              -7.05748251
            ],
            [
              107.63151867,
              -7.05780543
            ],
            [
              107.63143361,
              -7.05777456
            ],
            [
              107.63134546,
              -7.05775218
            ],
            [
              107.63142272,
              -7.05753973
            ]
          ],
          [
            [
              107.63185882,
              -7.05735171
            ],
            [
              107.63185031,
              -7.05734862
            ],
            [
              107.63181322,
              -7.0574506
            ],
            [
              107.63141257,
              -7.05730517
            ],
            [
              107.63148675,
              -7.05710122
            ],
            [
              107.6318959,
              -7.05724973
            ],
            [
              107.63185882,
              -7.05735171
            ]
          ],
          [
            [
              107.63104569,
              -7.0576762
            ],
            [
              107.63094362,
              -7.05763915
            ],
            [
              107.63105797,
              -7.05732473
            ],
            [
              107.63116005,
              -7.05736178
            ],
            [
              107.63104569,
              -7.0576762
            ]
          ]
        ]
      },
      "properties": {
        "persilpasifid": "9EE9F62C75B8D651E0530B1D140A7575",
        "nilai": null,
        "tipehak": "Hak Guna Bangunan",
        "luas": 3152,
        "tahun": 2020,
        "nib": null,
        "alatukur": null,
        "nomor": "10141703301084",
        "akurasibidang": null,
        "sample_source": "BAROS",
        "sample_lon": 107.631594,
        "sample_lat": -7.0577602,
        "kecamatan_id": 320416,
        "kecamatan_nama": null,
        "kelurahan_id": 3204162005,
        "kelurahan_nama": "BAROS",
        "geometry_hash": "2ab8c14e8b792997f1eb8661edac20f5",
        "dedup_keys": [
          "persilpasifid:9ee9f62c75b8d651e0530b1d140a7575",
          "nomor:10141703301084",
          "geometry:2ab8c14e8b792997f1eb8661edac20f5"
        ],
        "source_key": "persilpasifid:9ee9f62c75b8d651e0530b1d140a7575"
      }
    },
    {
      "type": "Feature",
      "geometry": {
        "type": "Polygon",
        "coordinates": [
          [
            [
              107.63353804,
              -7.06113222
            ],
            [
              107.633328,
              -7.06080063
            ],
            [
              107.63274315,
              -7.06213094
            ],
            [
              107.63285107,
              -7.06234694
            ],
            [
              107.63288256,
              -7.06232679
            ],
            [
              107.63292465,
              -7.06233728
            ],
            [
              107.63303883,
              -7.06206157
            ],
            [
              107.63310592,
              -7.06197933
            ],
            [
              107.63308848,
              -7.06193762
            ],
            [
              107.63320184,
              -7.06174514
            ],
            [
              107.63353804,
              -7.06113222
            ]
          ]
        ]
      },
      "properties": {
        "persilpasifid": "7079690C16CD6B02E053031D0B0AD00E",
        "nilai": null,
        "tipehak": "Hak Milik",
        "luas": 4864,
        "tahun": 2018,
        "nib": "02880",
        "alatukur": "Meteran",
        "nomor": "10141703101356",
        "akurasibidang": null,
        "sample_source": "BAROS",
        "sample_lon": 107.6328516,
        "sample_lat": -7.0621285,
        "kecamatan_id": 320416,
        "kecamatan_nama": null,
        "kelurahan_id": 3204162005,
        "kelurahan_nama": "BAROS",
        "geometry_hash": "17d3a37280fa58eac38cdbaffbecbe8b",
        "dedup_keys": [
          "nib:02880",
          "persilpasifid:7079690c16cd6b02e053031d0b0ad00e",
          "nomor:10141703101356",
          "geometry:17d3a37280fa58eac38cdbaffbecbe8b"
        ],
        "source_key": "nib:02880"
      }
    },
    {
      "type": "Feature",
      "geometry": {
        "type": "Polygon",
        "coordinates": [
          [
            [
              107.63295557,
              -7.0606765
            ],
            [
              107.63286941,
              -7.06063646
            ],
            [
              107.63290905,
              -7.06053545
            ],
            [
              107.63299686,
              -7.06057625
            ],
            [
              107.63307281,
              -7.06038274
            ],
            [
              107.63292981,
              -7.06012597
            ],
            [
              107.63281931,
              -7.06036579
            ],
            [
              107.63278211,
              -7.06034712
            ],
            [
              107.63268953,
              -7.06056324
            ],
            [
              107.63259878,
              -7.06081888
            ],
            [
              107.63275074,
              -7.06096754
            ],
            [
              107.63258886,
              -7.06140901
            ],
            [
              107.63239815,
              -7.06179578
            ],
            [
              107.63250458,
              -7.06188706
            ],
            [
              107.63268431,
              -7.06148699
            ],
            [
              107.63284153,
              -7.06097203
            ],
            [
              107.63295722,
              -7.06067726
            ],
            [
              107.63295557,
              -7.0606765
            ]
          ]
        ]
      },
      "properties": {
        "persilpasifid": "72D608B6E9342BC6E053141D0B0A7C6F",
        "nilai": null,
        "tipehak": "Kosong",
        "luas": 657,
        "tahun": null,
        "nib": "04002",
        "alatukur": null,
        "nomor": null,
        "akurasibidang": null,
        "sample_source": "BAROS",
        "sample_lon": 107.6328516,
        "sample_lat": -7.0608804,
        "kecamatan_id": 320416,
        "kecamatan_nama": null,
        "kelurahan_id": 3204162005,
        "kelurahan_nama": "BAROS",
        "geometry_hash": "5961ab2df5da434a152fcebdb29f7bf0",
        "dedup_keys": [
          "nib:04002",
          "persilpasifid:72d608b6e9342bc6e053141d0b0a7c6f",
          "geometry:5961ab2df5da434a152fcebdb29f7bf0"
        ],
        "source_key": "nib:04002"
      }
    },
    {
      "type": "Feature",
      "geometry": {
        "type": "Polygon",
        "coordinates": [
          [
            [
              107.63353804,
              -7.06113222
            ],
            [
              107.63320184,
              -7.06174514
            ],
            [
              107.63338144,
              -7.0618671
            ],
            [
              107.63368087,
              -7.06139836
            ],
            [
              107.63353804,
              -7.06113222
            ]
          ]
        ]
      },
      "properties": {
        "persilpasifid": "7079690C16CC6B02E053031D0B0AD00E",
        "nilai": null,
        "tipehak": "Hak Milik",
        "luas": 1819,
        "tahun": 2018,
        "nib": "02879",
        "alatukur": "Meteran",
        "nomor": "10141703102442",
        "akurasibidang": null,
        "sample_source": "BAROS",
        "sample_lon": 107.6334805,
        "sample_lat": -7.0615045,
        "kecamatan_id": 320416,
        "kecamatan_nama": null,
        "kelurahan_id": 3204162005,
        "kelurahan_nama": "BAROS",
        "geometry_hash": "8d6c0097b99469950283f8cfdf52c8ac",
        "dedup_keys": [
          "nib:02879",
          "persilpasifid:7079690c16cc6b02e053031d0b0ad00e",
          "nomor:10141703102442",
          "geometry:8d6c0097b99469950283f8cfdf52c8ac"
        ],
        "source_key": "nib:02879"
      }
    },
    {
      "type": "Feature",
      "geometry": {
        "type": "Polygon",
        "coordinates": [
          [
            [
              107.63311951,
              -7.06083499
            ],
            [
              107.63280033,
              -7.06160123
            ],
            [
              107.632667,
              -7.06196689
            ],
            [
              107.63270508,
              -7.06204892
            ],
            [
              107.63326759,
              -7.06071265
            ],
            [
              107.63320717,
              -7.06062467
            ],
            [
              107.63311951,
              -7.06083499
            ]
          ]
        ]
      },
      "properties": {
        "persilpasifid": "7079690C16CF6B02E053031D0B0AD00E",
        "nilai": null,
        "tipehak": "Hak Milik",
        "luas": 1492,
        "tahun": 2018,
        "nib": "02882",
        "alatukur": "Meteran",
        "nomor": "10141703100758",
        "akurasibidang": null,
        "sample_source": "BAROS",
        "sample_lon": 107.6328516,
        "sample_lat": -7.0615045,
        "kecamatan_id": 320416,
        "kecamatan_nama": null,
        "kelurahan_id": 3204162005,
        "kelurahan_nama": "BAROS",
        "geometry_hash": "f0aa15a91417d61b823a506c93ea466e",
        "dedup_keys": [
          "nib:02882",
          "persilpasifid:7079690c16cf6b02e053031d0b0ad00e",
          "nomor:10141703100758",
          "geometry:f0aa15a91417d61b823a506c93ea466e"
        ],
        "source_key": "nib:02882"
      }
    },
    {
      "type": "Feature",
      "geometry": {
        "type": "Polygon",
        "coordinates": [
          [
            [
              107.63497028,
              -7.06460011
            ],
            [
              107.6351768,
              -7.06484006
            ],
            [
              107.63556027,
              -7.06453737
            ],
            [
              107.63573874,
              -7.06443033
            ],
            [
              107.63593254,
              -7.06434346
            ],
            [
              107.63588459,
              -7.06423318
            ],
            [
              107.63575594,
              -7.0640444
            ],
            [
              107.63531685,
              -7.0643157
            ],
            [
              107.63497028,
              -7.06460011
            ]
          ]
        ]
      },
      "properties": {
        "persilpasifid": "aa5fd4f6261540f4836b688b1a5b2235",
        "nilai": null,
        "tipehak": "Hak Milik",
        "luas": 3760,
        "tahun": 2000,
        "nib": "01177",
        "alatukur": null,
        "nomor": "10141703100115",
        "akurasibidang": null,
        "sample_source": "BAROS",
        "sample_lon": 107.6353669,
        "sample_lat": -7.0646247,
        "kecamatan_id": 320416,
        "kecamatan_nama": null,
        "kelurahan_id": 3204162005,
        "kelurahan_nama": "BAROS",
        "geometry_hash": "351fa805876fde92a3933740cb3a51b6",
        "dedup_keys": [
          "nib:01177",
          "persilpasifid:aa5fd4f6261540f4836b688b1a5b2235",
          "nomor:10141703100115",
          "geometry:351fa805876fde92a3933740cb3a51b6"
        ],
        "source_key": "nib:01177"
      }
    },
    {
      "type": "Feature",
      "geometry": {
        "type": "Polygon",
        "coordinates": [
          [
            [
              107.63592536,
              -7.06434669
            ],
            [
              107.63588167,
              -7.06425132
            ],
            [
              107.63573767,
              -7.06405561
            ],
            [
              107.63531685,
              -7.0643157
            ],
            [
              107.63497028,
              -7.06460011
            ],
            [
              107.6351768,
              -7.06484006
            ],
            [
              107.63556027,
              -7.06453737
            ],
            [
              107.63573874,
              -7.06443033
            ],
            [
              107.63592536,
              -7.06434669
            ]
          ]
        ]
      },
      "properties": {
        "persilpasifid": "70CA8343EF6CBF7FE053141D0B0A9195",
        "nilai": null,
        "tipehak": "Kosong",
        "luas": 3664,
        "tahun": null,
        "nib": "03090",
        "alatukur": null,
        "nomor": null,
        "akurasibidang": null,
        "sample_source": "BAROS",
        "sample_lon": 107.6353669,
        "sample_lat": -7.0646247,
        "kecamatan_id": 320416,
        "kecamatan_nama": null,
        "kelurahan_id": 3204162005,
        "kelurahan_nama": "BAROS",
        "geometry_hash": "43e7b451b2eca4fc8fbff24fa915fdad",
        "dedup_keys": [
          "nib:03090",
          "persilpasifid:70ca8343ef6cbf7fe053141d0b0a9195",
          "geometry:43e7b451b2eca4fc8fbff24fa915fdad"
        ],
        "source_key": "nib:03090"
      }
    },
    {
      "type": "Feature",
      "geometry": {
        "type": "Polygon",
        "coordinates": [
          [
            [
              107.6368803,
              -7.06630346
            ],
            [
              107.63654117,
              -7.06649912
            ],
            [
              107.63658636,
              -7.06661738
            ],
            [
              107.63694634,
              -7.06644727
            ],
            [
              107.6368803,
              -7.06630346
            ]
          ]
        ]
      },
      "properties": {
        "persilpasifid": "7106E685400E77BAE053031D0B0AAE55",
        "nilai": null,
        "tipehak": "Kosong",
        "luas": 686,
        "tahun": null,
        "nib": "03277",
        "alatukur": null,
        "nomor": null,
        "akurasibidang": null,
        "sample_source": "BAROS",
        "sample_lon": 107.6366246,
        "sample_lat": -7.0664969,
        "kecamatan_id": 320416,
        "kecamatan_nama": null,
        "kelurahan_id": 3204162005,
        "kelurahan_nama": "BAROS",
        "geometry_hash": "dc3a317c09cf79c79eceb6f07022d265",
        "dedup_keys": [
          "nib:03277",
          "persilpasifid:7106e685400e77bae053031d0b0aae55",
          "geometry:dc3a317c09cf79c79eceb6f07022d265"
        ],
        "source_key": "nib:03277"
      }
    },
    {
      "type": "Feature",
      "geometry": {
        "type": "Polygon",
        "coordinates": [
          [
            [
              107.6365693,
              -7.06814653
            ],
            [
              107.63701892,
              -7.06795491
            ],
            [
              107.63703043,
              -7.06780208
            ],
            [
              107.63703294,
              -7.06768625
            ],
            [
              107.63700254,
              -7.06758597
            ],
            [
              107.63674346,
              -7.06769532
            ],
            [
              107.63630575,
              -7.06789135
            ],
            [
              107.6365693,
              -7.06814653
            ]
          ]
        ]
      },
      "properties": {
        "persilpasifid": "7106E685401977BAE053031D0B0AAE55",
        "nilai": null,
        "tipehak": "Hak Milik",
        "luas": 2693,
        "tahun": 2018,
        "nib": "03288",
        "alatukur": "Meteran",
        "nomor": "10141703100988",
        "akurasibidang": null,
        "sample_source": "BAROS",
        "sample_lon": 107.6366246,
        "sample_lat": -7.0677449,
        "kecamatan_id": 320416,
        "kecamatan_nama": null,
        "kelurahan_id": 3204162005,
        "kelurahan_nama": "BAROS",
        "geometry_hash": "8f7a2e0003fafb6614ccd4c374c8aef6",
        "dedup_keys": [
          "nib:03288",
          "persilpasifid:7106e685401977bae053031d0b0aae55",
          "nomor:10141703100988",
          "geometry:8f7a2e0003fafb6614ccd4c374c8aef6"
        ],
        "source_key": "nib:03288"
      }
    },
    {
      "type": "Feature",
      "geometry": {
        "type": "Polygon",
        "coordinates": [
          [
            [
              107.63825468,
              -7.07268729
            ],
            [
              107.63817156,
              -7.07269897
            ],
            [
              107.63821368,
              -7.07298284
            ],
            [
              107.63972586,
              -7.07265364
            ],
            [
              107.63975149,
              -7.07235637
            ],
            [
              107.6392989,
              -7.07246346
            ],
            [
              107.63825468,
              -7.07268729
            ]
          ]
        ]
      },
      "properties": {
        "persilpasifid": "7118D0ACFB6A5375E053141D0B0A151A",
        "nilai": null,
        "tipehak": "Hak Milik",
        "luas": 5388,
        "tahun": 2018,
        "nib": "03376",
        "alatukur": "Meteran",
        "nomor": "10141703100837",
        "akurasibidang": null,
        "sample_source": "BAROS",
        "sample_lon": 107.638511,
        "sample_lat": -7.0727373,
        "kecamatan_id": 320416,
        "kecamatan_nama": null,
        "kelurahan_id": 3204162005,
        "kelurahan_nama": "BAROS",
        "geometry_hash": "1d278f168fe19eef5de943abf8ea0a8d",
        "dedup_keys": [
          "nib:03376",
          "persilpasifid:7118d0acfb6a5375e053141d0b0a151a",
          "nomor:10141703100837",
          "geometry:1d278f168fe19eef5de943abf8ea0a8d"
        ],
        "source_key": "nib:03376"
      }
    },
    {
      "type": "Feature",
      "geometry": {
        "type": "Polygon",
        "coordinates": [
          [
            [
              107.63842539,
              -7.07353038
            ],
            [
              107.63890387,
              -7.07344014
            ],
            [
              107.63888137,
              -7.07322886
            ],
            [
              107.6386375,
              -7.07327858
            ],
            [
              107.63864243,
              -7.07303451
            ],
            [
              107.63821436,
              -7.07311846
            ],
            [
              107.63825649,
              -7.07333133
            ],
            [
              107.63841786,
              -7.07330899
            ],
            [
              107.63842539,
              -7.07353038
            ]
          ]
        ]
      },
      "properties": {
        "persilpasifid": "7118D0ACFB685375E053141D0B0A151A",
        "nilai": null,
        "tipehak": "Hak Milik",
        "luas": 2384,
        "tahun": 2018,
        "nib": "03374",
        "alatukur": "Meteran",
        "nomor": "10141703102941",
        "akurasibidang": null,
        "sample_source": "BAROS",
        "sample_lon": 107.638511,
        "sample_lat": -7.0733613,
        "kecamatan_id": 320416,
        "kecamatan_nama": null,
        "kelurahan_id": 3204162005,
        "kelurahan_nama": "BAROS",
        "geometry_hash": "93f6d34299e9b819ac8b58df55a107d5",
        "dedup_keys": [
          "nib:03374",
          "persilpasifid:7118d0acfb685375e053141d0b0a151a",
          "nomor:10141703102941",
          "geometry:93f6d34299e9b819ac8b58df55a107d5"
        ],
        "source_key": "nib:03374"
      }
    },
    {
      "type": "Feature",
      "geometry": {
        "type": "Polygon",
        "coordinates": [
          [
            [
              107.63825227,
              -7.07224428
            ],
            [
              107.63877129,
              -7.07211887
            ],
            [
              107.63908269,
              -7.07206079
            ],
            [
              107.63950318,
              -7.07192001
            ],
            [
              107.63950927,
              -7.07169405
            ],
            [
              107.63936086,
              -7.07175186
            ],
            [
              107.63894084,
              -7.0718627
            ],
            [
              107.63866772,
              -7.07190276
            ],
            [
              107.63825367,
              -7.07200016
            ],
            [
              107.63796781,
              -7.07204666
            ],
            [
              107.63801813,
              -7.07226703
            ],
            [
              107.63825248,
              -7.07220811
            ],
            [
              107.63825227,
              -7.07224428
            ]
          ]
        ]
      },
      "properties": {
        "persilpasifid": "7118CF45F1038A87E053031D0B0AC6F1",
        "nilai": null,
        "tipehak": "Kosong",
        "luas": 4254,
        "tahun": null,
        "nib": "03359",
        "alatukur": null,
        "nomor": null,
        "akurasibidang": null,
        "sample_source": "BAROS",
        "sample_lon": 107.638511,
        "sample_lat": -7.0721132,
        "kecamatan_id": 320416,
        "kecamatan_nama": null,
        "kelurahan_id": 3204162005,
        "kelurahan_nama": "BAROS",
        "geometry_hash": "0c3a2412ce76b51d2b5fafbed4bb74fc",
        "dedup_keys": [
          "nib:03359",
          "persilpasifid:7118cf45f1038a87e053031d0b0ac6f1",
          "geometry:0c3a2412ce76b51d2b5fafbed4bb74fc"
        ],
        "source_key": "nib:03359"
      }
    },
    {
      "type": "Feature",
      "geometry": {
        "type": "Polygon",
        "coordinates": [
          [
            [
              107.63825017,
              -7.0754455
            ],
            [
              107.63827275,
              -7.07599726
            ],
            [
              107.63822627,
              -7.07600117
            ],
            [
              107.63824853,
              -7.07648308
            ],
            [
              107.63882199,
              -7.07643651
            ],
            [
              107.63883146,
              -7.07639819
            ],
            [
              107.63898265,
              -7.07635791
            ],
            [
              107.63957909,
              -7.07630523
            ],
            [
              107.63955258,
              -7.07608975
            ],
            [
              107.63916632,
              -7.07616408
            ],
            [
              107.63910285,
              -7.07558611
            ],
            [
              107.63886238,
              -7.07558931
            ],
            [
              107.63884747,
              -7.07544918
            ],
            [
              107.63825017,
              -7.0754455
            ]
          ]
        ]
      },
      "properties": {
        "persilpasifid": "7c92f3a81c69415db3da2f2c75bb6f7f",
        "nilai": null,
        "tipehak": "Hak Milik",
        "luas": 11142,
        "tahun": 2005,
        "nib": "01382",
        "alatukur": null,
        "nomor": "10141703100148",
        "akurasibidang": null,
        "sample_source": "BAROS",
        "sample_lon": 107.638511,
        "sample_lat": -7.0758574,
        "kecamatan_id": 320416,
        "kecamatan_nama": null,
        "kelurahan_id": 3204162005,
        "kelurahan_nama": "BAROS",
        "geometry_hash": "66be57fbbc34d34103304c8ef20c7a21",
        "dedup_keys": [
          "nib:01382",
          "persilpasifid:7c92f3a81c69415db3da2f2c75bb6f7f",
          "nomor:10141703100148",
          "geometry:66be57fbbc34d34103304c8ef20c7a21"
        ],
        "source_key": "nib:01382"
      }
    },
    {
      "type": "Feature",
      "geometry": {
        "type": "Polygon",
        "coordinates": [
          [
            [
              107.64029333,
              -7.0921469
            ],
            [
              107.64047831,
              -7.09224031
            ],
            [
              107.6405945,
              -7.09232903
            ],
            [
              107.64109394,
              -7.0925497
            ],
            [
              107.64116783,
              -7.09253179
            ],
            [
              107.64165929,
              -7.09290188
            ],
            [
              107.64165442,
              -7.09285772
            ],
            [
              107.64179117,
              -7.09212719
            ],
            [
              107.64186288,
              -7.0917693
            ],
            [
              107.64187854,
              -7.09157281
            ],
            [
              107.64029494,
              -7.09158299
            ],
            [
              107.64029333,
              -7.0921469
            ]
          ]
        ]
      },
      "properties": {
        "persilpasifid": "696cde294b7a47e8a767871c5662e95d",
        "nilai": null,
        "tipehak": "Hak Milik",
        "luas": 17150,
        "tahun": 2005,
        "nib": "01385",
        "alatukur": null,
        "nomor": "10141703100151",
        "akurasibidang": null,
        "sample_source": "BAROS",
        "sample_lon": 107.6403975,
        "sample_lat": -7.092082,
        "kecamatan_id": 320416,
        "kecamatan_nama": null,
        "kelurahan_id": 3204162005,
        "kelurahan_nama": "BAROS",
        "geometry_hash": "058137ed2aae82c0dc85cd1313f1d4e3",
        "dedup_keys": [
          "nib:01385",
          "persilpasifid:696cde294b7a47e8a767871c5662e95d",
          "nomor:10141703100151",
          "geometry:058137ed2aae82c0dc85cd1313f1d4e3"
        ],
        "source_key": "nib:01385"
      }
    },
    {
      "type": "Feature",
      "geometry": {
        "type": "Polygon",
        "coordinates": [
          [
            [
              107.64168501,
              -7.08553287
            ],
            [
              107.64060085,
              -7.085621
            ],
            [
              107.64056136,
              -7.08517486
            ],
            [
              107.64004622,
              -7.08518577
            ],
            [
              107.64011785,
              -7.08547234
            ],
            [
              107.64021882,
              -7.08572359
            ],
            [
              107.64031882,
              -7.08618569
            ],
            [
              107.64075217,
              -7.08617984
            ],
            [
              107.64152171,
              -7.08591315
            ],
            [
              107.64179227,
              -7.08585447
            ],
            [
              107.64185508,
              -7.08582799
            ],
            [
              107.6419385,
              -7.08574556
            ],
            [
              107.64199299,
              -7.08567732
            ],
            [
              107.64203555,
              -7.08557647
            ],
            [
              107.64168501,
              -7.08553287
            ]
          ]
        ]
      },
      "properties": {
        "persilpasifid": "0d384e1a6e744300bb08ddbb6ee927cb",
        "nilai": null,
        "tipehak": "Hak Milik",
        "luas": 12125,
        "tahun": 2003,
        "nib": "01360",
        "alatukur": null,
        "nomor": "10141703100132",
        "akurasibidang": null,
        "sample_source": "BAROS",
        "sample_lon": 107.6403975,
        "sample_lat": -7.0858418,
        "kecamatan_id": 320416,
        "kecamatan_nama": null,
        "kelurahan_id": 3204162005,
        "kelurahan_nama": "BAROS",
        "geometry_hash": "716e1b3bcdb3017a385680dc5111973a",
        "dedup_keys": [
          "nib:01360",
          "persilpasifid:0d384e1a6e744300bb08ddbb6ee927cb",
          "nomor:10141703100132",
          "geometry:716e1b3bcdb3017a385680dc5111973a"
        ],
        "source_key": "nib:01360"
      }
    },
    {
      "type": "Feature",
      "geometry": {
        "type": "Polygon",
        "coordinates": [
          [
            [
              107.64098953,
              -7.08682528
            ],
            [
              107.64100146,
              -7.08667655
            ],
            [
              107.64143831,
              -7.08664983
            ],
            [
              107.64163365,
              -7.08659471
            ],
            [
              107.64152171,
              -7.08591315
            ],
            [
              107.64075217,
              -7.08617984
            ],
            [
              107.64031882,
              -7.08618569
            ],
            [
              107.64035097,
              -7.08622865
            ],
            [
              107.64040078,
              -7.08647068
            ],
            [
              107.6404131,
              -7.08670822
            ],
            [
              107.64044336,
              -7.08681909
            ],
            [
              107.64098953,
              -7.08682528
            ]
          ]
        ]
      },
      "properties": {
        "persilpasifid": "f3b7bae08cb849188a49c955583cb68e",
        "nilai": null,
        "tipehak": "Hak Milik",
        "luas": 9535,
        "tahun": 2003,
        "nib": "01370",
        "alatukur": null,
        "nomor": "10141703100129",
        "akurasibidang": null,
        "sample_source": "BAROS",
        "sample_lon": 107.6403975,
        "sample_lat": -7.0864658,
        "kecamatan_id": 320416,
        "kecamatan_nama": null,
        "kelurahan_id": 3204162005,
        "kelurahan_nama": "BAROS",
        "geometry_hash": "7d8616bfe37c2401e245928b69d90c42",
        "dedup_keys": [
          "nib:01370",
          "persilpasifid:f3b7bae08cb849188a49c955583cb68e",
          "nomor:10141703100129",
          "geometry:7d8616bfe37c2401e245928b69d90c42"
        ],
        "source_key": "nib:01370"
      }
    },
    {
      "type": "Feature",
      "geometry": {
        "type": "Polygon",
        "coordinates": [
          [
            [
              107.64073284,
              -7.09070516
            ],
            [
              107.6404995,
              -7.09092451
            ],
            [
              107.64051521,
              -7.09151261
            ],
            [
              107.64029511,
              -7.09152205
            ],
            [
              107.64029494,
              -7.09158299
            ],
            [
              107.64187854,
              -7.09157281
            ],
            [
              107.64191815,
              -7.09107595
            ],
            [
              107.64192941,
              -7.09031535
            ],
            [
              107.64076322,
              -7.09029427
            ],
            [
              107.64075998,
              -7.09070439
            ],
            [
              107.64073284,
              -7.09070516
            ]
          ]
        ]
      },
      "properties": {
        "persilpasifid": "770a3a018dc44d35a738e8a06a343109",
        "nilai": null,
        "tipehak": "Hak Milik",
        "luas": 20500,
        "tahun": 2005,
        "nib": "01384",
        "alatukur": null,
        "nomor": "10141703100150",
        "akurasibidang": null,
        "sample_source": "BAROS",
        "sample_lon": 107.6410263,
        "sample_lat": -7.0914579,
        "kecamatan_id": 320416,
        "kecamatan_nama": null,
        "kelurahan_id": 3204162005,
        "kelurahan_nama": "BAROS",
        "geometry_hash": "9bb6e9d400f5916ccde1e85aaca50caa",
        "dedup_keys": [
          "nib:01384",
          "persilpasifid:770a3a018dc44d35a738e8a06a343109",
          "nomor:10141703100150",
          "geometry:9bb6e9d400f5916ccde1e85aaca50caa"
        ],
        "source_key": "nib:01384"
      }
    },
    {
      "type": "Feature",
      "geometry": {
        "type": "Polygon",
        "coordinates": [
          [
            [
              107.64056136,
              -7.08517486
            ],
            [
              107.64060085,
              -7.085621
            ],
            [
              107.64168501,
              -7.08553287
            ],
            [
              107.64165938,
              -7.08533055
            ],
            [
              107.64206212,
              -7.08532709
            ],
            [
              107.64204462,
              -7.08522257
            ],
            [
              107.64198577,
              -7.0851063
            ],
            [
              107.64163083,
              -7.0851173
            ],
            [
              107.64160255,
              -7.08464465
            ],
            [
              107.64079099,
              -7.08460171
            ],
            [
              107.64077759,
              -7.0851704
            ],
            [
              107.64056136,
              -7.08517486
            ]
          ]
        ]
      },
      "properties": {
        "persilpasifid": "4f6c901b4d9f49079cd209d86e12d50e",
        "nilai": null,
        "tipehak": "Hak Milik",
        "luas": 12000,
        "tahun": 2003,
        "nib": "01361",
        "alatukur": null,
        "nomor": "10141703100134",
        "akurasibidang": null,
        "sample_source": "BAROS",
        "sample_lon": 107.6410263,
        "sample_lat": -7.0852178,
        "kecamatan_id": 320416,
        "kecamatan_nama": null,
        "kelurahan_id": 3204162005,
        "kelurahan_nama": "BAROS",
        "geometry_hash": "16cb657b628a0f2e562bc9269bd16fff",
        "dedup_keys": [
          "nib:01361",
          "persilpasifid:4f6c901b4d9f49079cd209d86e12d50e",
          "nomor:10141703100134",
          "geometry:16cb657b628a0f2e562bc9269bd16fff"
        ],
        "source_key": "nib:01361"
      }
    },
    {
      "type": "Feature",
      "geometry": {
        "type": "Polygon",
        "coordinates": [
          [
            [
              107.64077116,
              -7.08735518
            ],
            [
              107.6413957,
              -7.0873281
            ],
            [
              107.64144032,
              -7.08762973
            ],
            [
              107.64162777,
              -7.08771337
            ],
            [
              107.64162643,
              -7.08825562
            ],
            [
              107.64207324,
              -7.08832576
            ],
            [
              107.64206928,
              -7.08786338
            ],
            [
              107.64202153,
              -7.08717789
            ],
            [
              107.64143593,
              -7.0871808
            ],
            [
              107.64141788,
              -7.08702105
            ],
            [
              107.64065404,
              -7.08702525
            ],
            [
              107.6406437,
              -7.08721669
            ],
            [
              107.64078169,
              -7.08722474
            ],
            [
              107.64077116,
              -7.08735518
            ]
          ]
        ]
      },
      "properties": {
        "persilpasifid": "a369e5e4922246f798996cb7ba14e0d6",
        "nilai": null,
        "tipehak": "Hak Milik",
        "luas": 9880,
        "tahun": 2019,
        "nib": "01407",
        "alatukur": null,
        "nomor": "10141703100045",
        "akurasibidang": null,
        "sample_source": "BAROS",
        "sample_lon": 107.6410263,
        "sample_lat": -7.0870899,
        "kecamatan_id": 320416,
        "kecamatan_nama": null,
        "kelurahan_id": 3204162005,
        "kelurahan_nama": "BAROS",
        "geometry_hash": "ce1baa3c6498fa9d908e556e2eb1ecd5",
        "dedup_keys": [
          "nib:01407",
          "persilpasifid:a369e5e4922246f798996cb7ba14e0d6",
          "nomor:10141703100045",
          "geometry:ce1baa3c6498fa9d908e556e2eb1ecd5"
        ],
        "source_key": "nib:01407"
      }
    },
    {
      "type": "Feature",
      "geometry": {
        "type": "Polygon",
        "coordinates": [
          [
            [
              107.64079399,
              -7.09029483
            ],
            [
              107.64192941,
              -7.09031535
            ],
            [
              107.64194031,
              -7.08988982
            ],
            [
              107.64202391,
              -7.08976759
            ],
            [
              107.64206117,
              -7.08854613
            ],
            [
              107.64152428,
              -7.08851811
            ],
            [
              107.64137025,
              -7.08853735
            ],
            [
              107.64135716,
              -7.0885734
            ],
            [
              107.64081517,
              -7.08855714
            ],
            [
              107.64087552,
              -7.0889399
            ],
            [
              107.64135838,
              -7.08894085
            ],
            [
              107.64130678,
              -7.08981377
            ],
            [
              107.64077433,
              -7.08977631
            ],
            [
              107.64078906,
              -7.09026662
            ],
            [
              107.64079399,
              -7.09029483
            ]
          ]
        ]
      },
      "properties": {
        "persilpasifid": "36abd90190fc461fbd9cda75d6e52fc1",
        "nilai": null,
        "tipehak": "Hak Milik",
        "luas": 20390,
        "tahun": 2005,
        "nib": "01381",
        "alatukur": null,
        "nomor": "10141703100147",
        "akurasibidang": null,
        "sample_source": "BAROS",
        "sample_lon": 107.6410263,
        "sample_lat": -7.0902099,
        "kecamatan_id": 320416,
        "kecamatan_nama": null,
        "kelurahan_id": 3204162005,
        "kelurahan_nama": "BAROS",
        "geometry_hash": "892c223f2fa3b4ffa790667f1b2304b2",
        "dedup_keys": [
          "nib:01381",
          "persilpasifid:36abd90190fc461fbd9cda75d6e52fc1",
          "nomor:10141703100147",
          "geometry:892c223f2fa3b4ffa790667f1b2304b2"
        ],
        "source_key": "nib:01381"
      }
    },
    {
      "type": "Feature",
      "geometry": {
        "type": "Polygon",
        "coordinates": [
          [
            [
              107.6283524,
              -7.05378502
            ],
            [
              107.62841389,
              -7.05350229
            ],
            [
              107.62813474,
              -7.05350816
            ],
            [
              107.62811885,
              -7.0537563
            ],
            [
              107.62806159,
              -7.05374284
            ],
            [
              107.6279754,
              -7.05459987
            ],
            [
              107.62819645,
              -7.05464809
            ],
            [
              107.6283524,
              -7.05378502
            ]
          ]
        ]
      },
      "properties": {
        "persilpasifid": "72492B6784BE4236E053141D0B0A93EA",
        "nilai": null,
        "tipehak": "Hak Milik",
        "luas": 3584,
        "tahun": 2018,
        "nib": "03616",
        "alatukur": "Meteran",
        "nomor": "10141703101075",
        "akurasibidang": null,
        "sample_source": "BAROS",
        "sample_lon": 107.6281355,
        "sample_lat": -7.0540158,
        "kecamatan_id": 320416,
        "kecamatan_nama": null,
        "kelurahan_id": 3204162005,
        "kelurahan_nama": "BAROS",
        "geometry_hash": "25733abc48a54906850097003033d879",
        "dedup_keys": [
          "nib:03616",
          "persilpasifid:72492b6784be4236e053141d0b0a93ea",
          "nomor:10141703101075",
          "geometry:25733abc48a54906850097003033d879"
        ],
        "source_key": "nib:03616"
      }
    },
    {
      "type": "Feature",
      "geometry": {
        "type": "Polygon",
        "coordinates": [
          [
            [
              107.63383242,
              -7.061563
            ],
            [
              107.63444513,
              -7.06101847
            ],
            [
              107.6342742,
              -7.06085888
            ],
            [
              107.63407108,
              -7.06106143
            ],
            [
              107.63372849,
              -7.06138964
            ],
            [
              107.63383242,
              -7.061563
            ]
          ]
        ]
      },
      "properties": {
        "persilpasifid": "708953C98D1B2540E053021D0B0AAA59",
        "nilai": null,
        "tipehak": "Hak Milik",
        "luas": 2064,
        "tahun": 2018,
        "nib": "03032",
        "alatukur": "Meteran",
        "nomor": "10141703100799",
        "akurasibidang": null,
        "sample_source": "BAROS",
        "sample_lon": 107.6337949,
        "sample_lat": -7.0615045,
        "kecamatan_id": 320416,
        "kecamatan_nama": null,
        "kelurahan_id": 3204162005,
        "kelurahan_nama": "BAROS",
        "geometry_hash": "d59797eedc5af458fb89ccc0ae90166d",
        "dedup_keys": [
          "nib:03032",
          "persilpasifid:708953c98d1b2540e053021d0b0aaa59",
          "nomor:10141703100799",
          "geometry:d59797eedc5af458fb89ccc0ae90166d"
        ],
        "source_key": "nib:03032"
      }
    },
    {
      "type": "Feature",
      "geometry": {
        "type": "Polygon",
        "coordinates": [
          [
            [
              107.63471089,
              -7.06216184
            ],
            [
              107.63430674,
              -7.06171204
            ],
            [
              107.63409277,
              -7.06190433
            ],
            [
              107.63450466,
              -7.06236116
            ],
            [
              107.63471089,
              -7.06216184
            ]
          ]
        ]
      },
      "properties": {
        "persilpasifid": "708953C98D0D2540E053021D0B0AAA59",
        "nilai": null,
        "tipehak": "Hak Milik",
        "luas": 2140,
        "tahun": 2018,
        "nib": "03018",
        "alatukur": "Meteran",
        "nomor": "10141703102576",
        "akurasibidang": null,
        "sample_source": "BAROS",
        "sample_lon": 107.6344237,
        "sample_lat": -7.0621285,
        "kecamatan_id": 320416,
        "kecamatan_nama": null,
        "kelurahan_id": 3204162005,
        "kelurahan_nama": "BAROS",
        "geometry_hash": "0a982d24e3dfabd3f7913efa7a127413",
        "dedup_keys": [
          "nib:03018",
          "persilpasifid:708953c98d0d2540e053021d0b0aaa59",
          "nomor:10141703102576",
          "geometry:0a982d24e3dfabd3f7913efa7a127413"
        ],
        "source_key": "nib:03018"
      }
    },
    {
      "type": "Feature",
      "geometry": {
        "type": "Polygon",
        "coordinates": [
          [
            [
              107.63936802,
              -7.07630398
            ],
            [
              107.63926994,
              -7.07628332
            ],
            [
              107.63891259,
              -7.07627267
            ],
            [
              107.63882777,
              -7.0762049
            ],
            [
              107.63878252,
              -7.07620532
            ],
            [
              107.63877128,
              -7.07630935
            ],
            [
              107.63878819,
              -7.07635129
            ],
            [
              107.63876144,
              -7.07653013
            ],
            [
              107.63881452,
              -7.07656975
            ],
            [
              107.6390452,
              -7.07655769
            ],
            [
              107.63911993,
              -7.0765253
            ],
            [
              107.63913709,
              -7.07654632
            ],
            [
              107.63935375,
              -7.07651145
            ],
            [
              107.63936802,
              -7.07630398
            ]
          ]
        ]
      },
      "properties": {
        "persilpasifid": "7375EA1C279E5439E053031D0B0AFC49",
        "nilai": null,
        "tipehak": "Hak Milik",
        "luas": 1986,
        "tahun": 2018,
        "nib": "05198",
        "alatukur": "Meteran",
        "nomor": "10141703102633",
        "akurasibidang": null,
        "sample_source": "BAROS",
        "sample_lon": 107.6388254,
        "sample_lat": -7.0764815,
        "kecamatan_id": 320416,
        "kecamatan_nama": null,
        "kelurahan_id": 3204162005,
        "kelurahan_nama": "BAROS",
        "geometry_hash": "75ef05c6dd9beb93880a1f994f34d1d8",
        "dedup_keys": [
          "nib:05198",
          "persilpasifid:7375ea1c279e5439e053031d0b0afc49",
          "nomor:10141703102633",
          "geometry:75ef05c6dd9beb93880a1f994f34d1d8"
        ],
        "source_key": "nib:05198"
      }
    },
    {
      "type": "Feature",
      "geometry": {
        "type": "Polygon",
        "coordinates": [
          [
            [
              107.64207334,
              -7.09361202
            ],
            [
              107.64213166,
              -7.09244243
            ],
            [
              107.64248911,
              -7.09174279
            ],
            [
              107.6425067,
              -7.09120295
            ],
            [
              107.64194622,
              -7.09117446
            ],
            [
              107.64190613,
              -7.09177952
            ],
            [
              107.64171093,
              -7.0928435
            ],
            [
              107.64207334,
              -7.09361202
            ]
          ]
        ]
      },
      "properties": {
        "persilpasifid": "9544411f29e1442ea1de19020de6b2de",
        "nilai": null,
        "tipehak": "Hak Milik",
        "luas": 11530,
        "tahun": 2000,
        "nib": null,
        "alatukur": null,
        "nomor": "10141703100118",
        "akurasibidang": null,
        "sample_source": "BAROS",
        "sample_lon": 107.6419695,
        "sample_lat": -7.09333,
        "kecamatan_id": 320416,
        "kecamatan_nama": null,
        "kelurahan_id": 3204162005,
        "kelurahan_nama": "BAROS",
        "geometry_hash": "9866713dca6d7c8a0c926d4f7c8acb4e",
        "dedup_keys": [
          "persilpasifid:9544411f29e1442ea1de19020de6b2de",
          "nomor:10141703100118",
          "geometry:9866713dca6d7c8a0c926d4f7c8acb4e"
        ],
        "source_key": "persilpasifid:9544411f29e1442ea1de19020de6b2de"
      }
    },
    {
      "type": "Feature",
      "geometry": {
        "type": "Polygon",
        "coordinates": [
          [
            [
              107.63083837,
              -7.05623321
            ],
            [
              107.63099082,
              -7.0563051
            ],
            [
              107.63133724,
              -7.05645015
            ],
            [
              107.63141396,
              -7.05626171
            ],
            [
              107.63092702,
              -7.05603808
            ],
            [
              107.63083837,
              -7.05623321
            ]
          ]
        ]
      },
      "properties": {
        "persilpasifid": "714010F3301C26A3E053031D0B0AF9B5",
        "nilai": null,
        "tipehak": "Hak Milik",
        "luas": 1394,
        "tahun": 2018,
        "nib": "03534",
        "alatukur": "Meteran",
        "nomor": "10141703100943",
        "akurasibidang": null,
        "sample_source": "BAROS",
        "sample_lon": 107.6309652,
        "sample_lat": -7.0562,
        "kecamatan_id": 320416,
        "kecamatan_nama": null,
        "kelurahan_id": 3204162005,
        "kelurahan_nama": "BAROS",
        "geometry_hash": "cc59f34d34650c74a6fa17a9b9781993",
        "dedup_keys": [
          "nib:03534",
          "persilpasifid:714010f3301c26a3e053031d0b0af9b5",
          "nomor:10141703100943",
          "geometry:cc59f34d34650c74a6fa17a9b9781993"
        ],
        "source_key": "nib:03534"
      }
    },
    {
      "type": "Feature",
      "geometry": {
        "type": "Polygon",
        "coordinates": [
          [
            [
              107.63221831,
              -7.05988627
            ],
            [
              107.63214702,
              -7.06009125
            ],
            [
              107.63223165,
              -7.06017929
            ],
            [
              107.63232478,
              -7.0599245
            ],
            [
              107.63221831,
              -7.05988627
            ]
          ]
        ]
      },
      "properties": {
        "persilpasifid": "7079690C16A26B02E053031D0B0AD00E",
        "nilai": null,
        "tipehak": "Kosong",
        "luas": 331,
        "tahun": null,
        "nib": "02837",
        "alatukur": null,
        "nomor": null,
        "akurasibidang": null,
        "sample_source": "BAROS",
        "sample_lon": 107.6322228,
        "sample_lat": -7.0599443,
        "kecamatan_id": 320416,
        "kecamatan_nama": null,
        "kelurahan_id": 3204162005,
        "kelurahan_nama": "BAROS",
        "geometry_hash": "6603ef0e39ce212edd18acd1b6064736",
        "dedup_keys": [
          "nib:02837",
          "persilpasifid:7079690c16a26b02e053031d0b0ad00e",
          "geometry:6603ef0e39ce212edd18acd1b6064736"
        ],
        "source_key": "nib:02837"
      }
    },
    {
      "type": "Feature",
      "geometry": {
        "type": "Polygon",
        "coordinates": [
          [
            [
              107.63422465,
              -7.06148182
            ],
            [
              107.63394981,
              -7.06173089
            ],
            [
              107.63409277,
              -7.06190433
            ],
            [
              107.63438076,
              -7.06164553
            ],
            [
              107.634228,
              -7.06147878
            ],
            [
              107.63422465,
              -7.06148182
            ]
          ]
        ]
      },
      "properties": {
        "persilpasifid": "708953C98D0E2540E053021D0B0AAA59",
        "nilai": null,
        "tipehak": "Hak Milik",
        "luas": 1050,
        "tahun": 2018,
        "nib": "03019",
        "alatukur": "Meteran",
        "nomor": "10141703101354",
        "akurasibidang": null,
        "sample_source": "BAROS",
        "sample_lon": 107.6341093,
        "sample_lat": -7.0618165,
        "kecamatan_id": 320416,
        "kecamatan_nama": null,
        "kelurahan_id": 3204162005,
        "kelurahan_nama": "BAROS",
        "geometry_hash": "b2987d2eb9fe4c93524b0d00259d13f6",
        "dedup_keys": [
          "nib:03019",
          "persilpasifid:708953c98d0e2540e053021d0b0aaa59",
          "nomor:10141703101354",
          "geometry:b2987d2eb9fe4c93524b0d00259d13f6"
        ],
        "source_key": "nib:03019"
      }
    },
    {
      "type": "Feature",
      "geometry": {
        "type": "Polygon",
        "coordinates": [
          [
            [
              107.63483835,
              -7.0623555
            ],
            [
              107.63467443,
              -7.06219708
            ],
            [
              107.63450466,
              -7.06236116
            ],
            [
              107.63481961,
              -7.06269329
            ],
            [
              107.63500227,
              -7.06251392
            ],
            [
              107.63483835,
              -7.0623555
            ]
          ]
        ]
      },
      "properties": {
        "persilpasifid": "70CA60AA8F7829C8E053131D0B0A4BEB",
        "nilai": null,
        "tipehak": "Hak Milik",
        "luas": 1373,
        "tahun": 2018,
        "nib": "03053",
        "alatukur": "Meteran",
        "nomor": "10141703100868",
        "akurasibidang": null,
        "sample_source": "BAROS",
        "sample_lon": 107.6347381,
        "sample_lat": -7.0624406,
        "kecamatan_id": 320416,
        "kecamatan_nama": null,
        "kelurahan_id": 3204162005,
        "kelurahan_nama": "BAROS",
        "geometry_hash": "f2d4bf1340a8e70b8bb6384d423e9a1c",
        "dedup_keys": [
          "nib:03053",
          "persilpasifid:70ca60aa8f7829c8e053131d0b0a4beb",
          "nomor:10141703100868",
          "geometry:f2d4bf1340a8e70b8bb6384d423e9a1c"
        ],
        "source_key": "nib:03053"
      }
    },
    {
      "type": "Feature",
      "geometry": {
        "type": "Polygon",
        "coordinates": [
          [
            [
              107.63972586,
              -7.07265364
            ],
            [
              107.63821368,
              -7.07298284
            ],
            [
              107.63821436,
              -7.07311846
            ],
            [
              107.63970551,
              -7.07282604
            ],
            [
              107.63972586,
              -7.07265364
            ]
          ]
        ]
      },
      "properties": {
        "persilpasifid": "7118D0ACFB695375E053141D0B0A151A",
        "nilai": null,
        "tipehak": "Hak Milik",
        "luas": 2788,
        "tahun": 2018,
        "nib": "03375",
        "alatukur": "Meteran",
        "nomor": "10141703100835",
        "akurasibidang": null,
        "sample_source": "BAROS",
        "sample_lon": 107.638511,
        "sample_lat": -7.0730493,
        "kecamatan_id": 320416,
        "kecamatan_nama": null,
        "kelurahan_id": 3204162005,
        "kelurahan_nama": "BAROS",
        "geometry_hash": "a44e8d4a2c1d7a269f2eb6462104f4fa",
        "dedup_keys": [
          "nib:03375",
          "persilpasifid:7118d0acfb695375e053141d0b0a151a",
          "nomor:10141703100835",
          "geometry:a44e8d4a2c1d7a269f2eb6462104f4fa"
        ],
        "source_key": "nib:03375"
      }
    },
    {
      "type": "Feature",
      "geometry": {
        "type": "Polygon",
        "coordinates": [
          [
            [
              107.63933827,
              -7.07827038
            ],
            [
              107.63989551,
              -7.07818939
            ],
            [
              107.63981071,
              -7.07790349
            ],
            [
              107.63981734,
              -7.07767122
            ],
            [
              107.6400503,
              -7.07763799
            ],
            [
              107.64009139,
              -7.07754113
            ],
            [
              107.64022375,
              -7.07746276
            ],
            [
              107.64000172,
              -7.07688604
            ],
            [
              107.64066705,
              -7.07667498
            ],
            [
              107.6404792,
              -7.07639008
            ],
            [
              107.63985143,
              -7.07654704
            ],
            [
              107.63998083,
              -7.07689074
            ],
            [
              107.63972637,
              -7.07695504
            ],
            [
              107.63963224,
              -7.07698245
            ],
            [
              107.63960767,
              -7.07702139
            ],
            [
              107.63962128,
              -7.07718499
            ],
            [
              107.63964507,
              -7.07724282
            ],
            [
              107.63965776,
              -7.07734065
            ],
            [
              107.63969046,
              -7.07769982
            ],
            [
              107.63956007,
              -7.07771718
            ],
            [
              107.63950928,
              -7.07772029
            ],
            [
              107.63899258,
              -7.07780441
            ],
            [
              107.63898787,
              -7.07801043
            ],
            [
              107.63902927,
              -7.07809085
            ],
            [
              107.6390236,
              -7.07832416
            ],
            [
              107.63933827,
              -7.07827038
            ]
          ]
        ]
      },
      "properties": {
        "persilpasifid": "737714DDF5A49BF2E053141D0B0AC45E",
        "nilai": null,
        "tipehak": "Hak Milik",
        "luas": 3497,
        "tahun": 2018,
        "nib": "05203",
        "alatukur": "Meteran",
        "nomor": "10141703102455",
        "akurasibidang": null,
        "sample_source": "BAROS",
        "sample_lon": 107.6391399,
        "sample_lat": -7.0780415,
        "kecamatan_id": 320416,
        "kecamatan_nama": null,
        "kelurahan_id": 3204162005,
        "kelurahan_nama": "BAROS",
        "geometry_hash": "aee5cee5b5a5cee02f1b202f2fa99943",
        "dedup_keys": [
          "nib:05203",
          "persilpasifid:737714ddf5a49bf2e053141d0b0ac45e",
          "nomor:10141703102455",
          "geometry:aee5cee5b5a5cee02f1b202f2fa99943"
        ],
        "source_key": "nib:05203"
      }
    },
    {
      "type": "Feature",
      "geometry": {
        "type": "Polygon",
        "coordinates": [
          [
            [
              107.64069871,
              -7.08161655
            ],
            [
              107.64033519,
              -7.08163313
            ],
            [
              107.64032029,
              -7.08168801
            ],
            [
              107.64028312,
              -7.08172722
            ],
            [
              107.6403129,
              -7.08178407
            ],
            [
              107.64037156,
              -7.08185411
            ],
            [
              107.64039227,
              -7.08189123
            ],
            [
              107.64038639,
              -7.08221458
            ],
            [
              107.64036098,
              -7.08243009
            ],
            [
              107.6405464,
              -7.08250973
            ],
            [
              107.64063469,
              -7.08204792
            ],
            [
              107.64069871,
              -7.08161655
            ]
          ]
        ]
      },
      "properties": {
        "persilpasifid": "746A300DDD508F1FE053131D0B0A6B5C",
        "nilai": null,
        "tipehak": "Hak Milik",
        "luas": 2742,
        "tahun": 2018,
        "nib": "05442",
        "alatukur": "Meteran",
        "nomor": "10141703102646",
        "akurasibidang": null,
        "sample_source": "BAROS",
        "sample_lon": 107.6403975,
        "sample_lat": -7.0824097,
        "kecamatan_id": 320416,
        "kecamatan_nama": null,
        "kelurahan_id": 3204162005,
        "kelurahan_nama": "BAROS",
        "geometry_hash": "74231679e8ed7a5aaa57214c3a72167b",
        "dedup_keys": [
          "nib:05442",
          "persilpasifid:746a300ddd508f1fe053131d0b0a6b5c",
          "nomor:10141703102646",
          "geometry:74231679e8ed7a5aaa57214c3a72167b"
        ],
        "source_key": "nib:05442"
      }
    },
    {
      "type": "Feature",
      "geometry": {
        "type": "Polygon",
        "coordinates": [
          [
            [
              107.64077116,
              -7.08735518
            ],
            [
              107.64075203,
              -7.08757397
            ],
            [
              107.64144032,
              -7.08762973
            ],
            [
              107.6413957,
              -7.0873281
            ],
            [
              107.64077116,
              -7.08735518
            ]
          ]
        ]
      },
      "properties": {
        "persilpasifid": "75bea59ebd7744579d157b04a41997b7",
        "nilai": null,
        "tipehak": "Hak Milik",
        "luas": 2085,
        "tahun": 2003,
        "nib": null,
        "alatukur": null,
        "nomor": "10141703100127",
        "akurasibidang": null,
        "sample_source": "BAROS",
        "sample_lon": 107.6410263,
        "sample_lat": -7.0874019,
        "kecamatan_id": 320416,
        "kecamatan_nama": null,
        "kelurahan_id": 3204162005,
        "kelurahan_nama": "BAROS",
        "geometry_hash": "c3ef2bcbf6ddef1e8fbd0b2a649a6965",
        "dedup_keys": [
          "persilpasifid:75bea59ebd7744579d157b04a41997b7",
          "nomor:10141703100127",
          "geometry:c3ef2bcbf6ddef1e8fbd0b2a649a6965"
        ],
        "source_key": "persilpasifid:75bea59ebd7744579d157b04a41997b7"
      }
    },
    {
      "type": "Feature",
      "geometry": {
        "type": "Polygon",
        "coordinates": [
          [
            [
              107.64098953,
              -7.08682528
            ],
            [
              107.64097367,
              -7.0870231
            ],
            [
              107.64141788,
              -7.08702105
            ],
            [
              107.64143593,
              -7.0871808
            ],
            [
              107.64202153,
              -7.08717789
            ],
            [
              107.64206928,
              -7.08786338
            ],
            [
              107.64216904,
              -7.08792003
            ],
            [
              107.64224115,
              -7.08799424
            ],
            [
              107.642288,
              -7.08806655
            ],
            [
              107.64238464,
              -7.08811936
            ],
            [
              107.64240826,
              -7.08801011
            ],
            [
              107.64237728,
              -7.08791828
            ],
            [
              107.64237121,
              -7.08775808
            ],
            [
              107.6423473,
              -7.08763691
            ],
            [
              107.64234944,
              -7.08754506
            ],
            [
              107.64246491,
              -7.08724113
            ],
            [
              107.64248858,
              -7.08709728
            ],
            [
              107.64174488,
              -7.08698072
            ],
            [
              107.64167764,
              -7.08672465
            ],
            [
              107.64163365,
              -7.08659471
            ],
            [
              107.64143831,
              -7.08664983
            ],
            [
              107.64100146,
              -7.08667655
            ],
            [
              107.64098953,
              -7.08682528
            ]
          ]
        ]
      },
      "properties": {
        "persilpasifid": "8fb9bc67925a4d6f83bc8c32cc211fba",
        "nilai": null,
        "tipehak": "Hak Milik",
        "luas": 8535,
        "tahun": 2003,
        "nib": "01371",
        "alatukur": null,
        "nomor": "10141703100128",
        "akurasibidang": null,
        "sample_source": "BAROS",
        "sample_lon": 107.6410263,
        "sample_lat": -7.0867778,
        "kecamatan_id": 320416,
        "kecamatan_nama": null,
        "kelurahan_id": 3204162005,
        "kelurahan_nama": "BAROS",
        "geometry_hash": "a157e334eedda406d3d11cd99598c876",
        "dedup_keys": [
          "nib:01371",
          "persilpasifid:8fb9bc67925a4d6f83bc8c32cc211fba",
          "nomor:10141703100128",
          "geometry:a157e334eedda406d3d11cd99598c876"
        ],
        "source_key": "nib:01371"
      }
    },
    {
      "type": "Feature",
      "geometry": {
        "type": "Polygon",
        "coordinates": [
          [
            [
              107.6275442,
              -7.05362963
            ],
            [
              107.62753968,
              -7.05371088
            ],
            [
              107.62741814,
              -7.05369958
            ],
            [
              107.62740983,
              -7.05385306
            ],
            [
              107.62766817,
              -7.05389022
            ],
            [
              107.6276951,
              -7.05365668
            ],
            [
              107.62760348,
              -7.05363515
            ],
            [
              107.6275442,
              -7.05362963
            ]
          ]
        ]
      },
      "properties": {
        "persilpasifid": "72492B6784C44236E053141D0B0A93EA",
        "nilai": null,
        "tipehak": "Hak Milik",
        "luas": 661,
        "tahun": 2018,
        "nib": "03622",
        "alatukur": "Meteran",
        "nomor": "10141703102685",
        "akurasibidang": null,
        "sample_source": "BAROS",
        "sample_lon": 107.6275067,
        "sample_lat": -7.0537038,
        "kecamatan_id": 320416,
        "kecamatan_nama": null,
        "kelurahan_id": 3204162005,
        "kelurahan_nama": "BAROS",
        "geometry_hash": "5ab9322d1525b4ede765302264755053",
        "dedup_keys": [
          "nib:03622",
          "persilpasifid:72492b6784c44236e053141d0b0a93ea",
          "nomor:10141703102685",
          "geometry:5ab9322d1525b4ede765302264755053"
        ],
        "source_key": "nib:03622"
      }
    },
    {
      "type": "Feature",
      "geometry": {
        "type": "Polygon",
        "coordinates": [
          [
            [
              107.62885403,
              -7.05389119
            ],
            [
              107.62854937,
              -7.0546923
            ],
            [
              107.62872279,
              -7.05472647
            ],
            [
              107.62902152,
              -7.0539407
            ],
            [
              107.62885403,
              -7.05389119
            ]
          ]
        ]
      },
      "properties": {
        "persilpasifid": "72492B6784D24236E053141D0B0A93EA",
        "nilai": null,
        "tipehak": "Hak Milik",
        "luas": 1807,
        "tahun": 2018,
        "nib": "03636",
        "alatukur": "Meteran",
        "nomor": "10141703101072",
        "akurasibidang": null,
        "sample_source": "BAROS",
        "sample_lon": 107.6287643,
        "sample_lat": -7.0543278,
        "kecamatan_id": 320416,
        "kecamatan_nama": null,
        "kelurahan_id": 3204162005,
        "kelurahan_nama": "BAROS",
        "geometry_hash": "f120b7a18066b852419189bf5c3daa24",
        "dedup_keys": [
          "nib:03636",
          "persilpasifid:72492b6784d24236e053141d0b0a93ea",
          "nomor:10141703101072",
          "geometry:f120b7a18066b852419189bf5c3daa24"
        ],
        "source_key": "nib:03636"
      }
    },
    {
      "type": "Feature",
      "geometry": {
        "type": "Polygon",
        "coordinates": [
          [
            [
              107.63472594,
              -7.06387687
            ],
            [
              107.63479118,
              -7.06411213
            ],
            [
              107.63541684,
              -7.06350986
            ],
            [
              107.63530165,
              -7.06332803
            ],
            [
              107.63486591,
              -7.06376222
            ],
            [
              107.63472594,
              -7.06387687
            ]
          ]
        ]
      },
      "properties": {
        "persilpasifid": "70CA60AA8F8A29C8E053131D0B0A4BEB",
        "nilai": null,
        "tipehak": "Hak Milik",
        "luas": 2099,
        "tahun": 2018,
        "nib": "03085",
        "alatukur": "Meteran",
        "nomor": "10141703101481",
        "akurasibidang": null,
        "sample_source": "BAROS",
        "sample_lon": 107.6350525,
        "sample_lat": -7.0636886,
        "kecamatan_id": 320416,
        "kecamatan_nama": null,
        "kelurahan_id": 3204162005,
        "kelurahan_nama": "BAROS",
        "geometry_hash": "899695b4f8ba58044f0fb31a8c4d941d",
        "dedup_keys": [
          "nib:03085",
          "persilpasifid:70ca60aa8f8a29c8e053131d0b0a4beb",
          "nomor:10141703101481",
          "geometry:899695b4f8ba58044f0fb31a8c4d941d"
        ],
        "source_key": "nib:03085"
      }
    },
    {
      "type": "Feature",
      "geometry": {
        "type": "Polygon",
        "coordinates": [
          [
            [
              107.63581318,
              -7.06627698
            ],
            [
              107.63583787,
              -7.06648901
            ],
            [
              107.6361353,
              -7.0664143
            ],
            [
              107.63633078,
              -7.06632174
            ],
            [
              107.63679598,
              -7.06612027
            ],
            [
              107.63673324,
              -7.06597431
            ],
            [
              107.63669362,
              -7.06589457
            ],
            [
              107.6364044,
              -7.06605549
            ],
            [
              107.63640767,
              -7.06607435
            ],
            [
              107.63581318,
              -7.06627698
            ]
          ]
        ]
      },
      "properties": {
        "persilpasifid": "70CA8343EF6ABF7FE053141D0B0A9195",
        "nilai": null,
        "tipehak": "Hak Milik",
        "luas": 2702,
        "tahun": 2018,
        "nib": "03074",
        "alatukur": "Meteran",
        "nomor": "10141703100877",
        "akurasibidang": null,
        "sample_source": "BAROS",
        "sample_lon": 107.6363102,
        "sample_lat": -7.0661848,
        "kecamatan_id": 320416,
        "kecamatan_nama": null,
        "kelurahan_id": 3204162005,
        "kelurahan_nama": "BAROS",
        "geometry_hash": "9577121251f485f0b7926e80dfaedb95",
        "dedup_keys": [
          "nib:03074",
          "persilpasifid:70ca8343ef6abf7fe053141d0b0a9195",
          "nomor:10141703100877",
          "geometry:9577121251f485f0b7926e80dfaedb95"
        ],
        "source_key": "nib:03074"
      }
    },
    {
      "type": "Feature",
      "geometry": {
        "type": "Polygon",
        "coordinates": [
          [
            [
              107.63575192,
              -7.06592152
            ],
            [
              107.63650856,
              -7.06554516
            ],
            [
              107.63645783,
              -7.06543115
            ],
            [
              107.63571775,
              -7.06581326
            ],
            [
              107.63575192,
              -7.06592152
            ]
          ]
        ]
      },
      "properties": {
        "persilpasifid": "70CA60AA8F8329C8E053131D0B0A4BEB",
        "nilai": null,
        "tipehak": "Hak Milik",
        "luas": 1217,
        "tahun": 2018,
        "nib": "03070",
        "alatukur": "Meteran",
        "nomor": "10141703100875",
        "akurasibidang": null,
        "sample_source": "BAROS",
        "sample_lon": 107.6363102,
        "sample_lat": -7.0655608,
        "kecamatan_id": 320416,
        "kecamatan_nama": null,
        "kelurahan_id": 3204162005,
        "kelurahan_nama": "BAROS",
        "geometry_hash": "f4765cb9b909f803d6e53d40263253f0",
        "dedup_keys": [
          "nib:03070",
          "persilpasifid:70ca60aa8f8329c8e053131d0b0a4beb",
          "nomor:10141703100875",
          "geometry:f4765cb9b909f803d6e53d40263253f0"
        ],
        "source_key": "nib:03070"
      }
    },
    {
      "type": "Feature",
      "geometry": {
        "type": "Polygon",
        "coordinates": [
          [
            [
              107.63866772,
              -7.07190276
            ],
            [
              107.6385281,
              -7.07169149
            ],
            [
              107.63825866,
              -7.07176966
            ],
            [
              107.63825721,
              -7.07175164
            ],
            [
              107.63801526,
              -7.07180995
            ],
            [
              107.63796781,
              -7.07204666
            ],
            [
              107.63825367,
              -7.07200016
            ],
            [
              107.63866772,
              -7.07190276
            ]
          ]
        ]
      },
      "properties": {
        "persilpasifid": "7118CF45F1028A87E053031D0B0AC6F1",
        "nilai": null,
        "tipehak": "Hak Milik",
        "luas": 1763,
        "tahun": 2018,
        "nib": "03358",
        "alatukur": "Meteran",
        "nomor": "10141703101149",
        "akurasibidang": null,
        "sample_source": "BAROS",
        "sample_lon": 107.6381966,
        "sample_lat": -7.0718012,
        "kecamatan_id": 320416,
        "kecamatan_nama": null,
        "kelurahan_id": 3204162005,
        "kelurahan_nama": "BAROS",
        "geometry_hash": "2dc8cd2b6d8480efb83f318b88f9838c",
        "dedup_keys": [
          "nib:03358",
          "persilpasifid:7118cf45f1028a87e053031d0b0ac6f1",
          "nomor:10141703101149",
          "geometry:2dc8cd2b6d8480efb83f318b88f9838c"
        ],
        "source_key": "nib:03358"
      }
    }
  ]
}